------- FILE thursdays-child-chapter-one.asm LEVEL 1 PASS 2
      1  7ffa					      processor	6502
      2  8000 ????
      3  8000 ????						; ---------------------------------------------------------------------------
      4  8000 ????						; FLOATING IN A MOST PECULIAR WAY
      5  8000 ????						; THURSDAY'S CHILD — CHAPTER ONE INTEGRATED VERTICAL SLICE
      6  8000 ????						;
      7  8000 ????						; This is not a revision of the legacy gradient project.  It is an independent
      8  8000 ????						; 32K F4 production branch with the approved gravity engine in Bank 0, the
      9  8000 ????						; approved black-space renderer in fixed Bank 7, four additional independent
     10  8000 ????						; room banks in Banks 6-3, and Banks 1-2 reserved for later chapter systems.
     11  8000 ????						;
     12  8000 ????						; Proof commitments:
     13  8000 ????						;   * black background and stationary amethyst-gradient terrain
     14  8000 ????						;   * a compact one-player Major Tom with an enclosed black visor opening
     15  8000 ????						;   * one locked neutral astronaut pose; animation budget belongs to objects
     16  8000 ????						;   * terrain collision, side reflection, ceiling reflection and moon bounce
     17  8000 ????						;   * independently authored left/right terrain, with no mirrored-stage rule
     18  8000 ????						;   * three real P1 satellite-dish sprites at unrelated X/Y coordinates
     19  8000 ????						;   * seven carefully authored logical rows doubled into a stable 8x14 suit
     20  8000 ????						;   * only the ready dish emits a slow blue pulse; collectibles shimmer faster
     21  8000 ????						;   * three circular capture tiers and tangent release
     22  8000 ????						;   * a full-height extraction gate revealed by the three required objects
     23  8000 ????						;   * five ordered Chapter One stages, each with independent terrain/palette
     24  8000 ????						;   * score and HUD state persist while every new room resets objectives
     25  8000 ????						;
     26  8000 ????						; Exact NTSC frame:
     27  8000 ????						;   3 VSYNC + 37 VBLANK + 192 visible + 30 overscan = 262 scanlines
     28  8000 ????						; Visible picture:
     29  8000 ????						;   16 HUD / status lines + 176 room lines
     30  8000 ????						; ---------------------------------------------------------------------------
     31  8000 ????
     32  8000 ????						; TIA write registers
     33  8000 ????	       00 00	   VSYNC      =	$00
     34  8000 ????	       00 01	   VBLANK     =	$01
     35  8000 ????	       00 02	   WSYNC      =	$02
     36  8000 ????	       00 04	   NUSIZ0     =	$04
     37  8000 ????	       00 05	   NUSIZ1     =	$05
     38  8000 ????	       00 06	   COLUP0     =	$06
     39  8000 ????	       00 07	   COLUP1     =	$07
     40  8000 ????	       00 08	   COLUPF     =	$08
     41  8000 ????	       00 09	   COLUBK     =	$09
     42  8000 ????	       00 0a	   CTRLPF     =	$0A
     43  8000 ????	       00 0b	   REFP0      =	$0B
     44  8000 ????	       00 0c	   REFP1      =	$0C
     45  8000 ????	       00 0d	   PF0	      =	$0D
     46  8000 ????	       00 0e	   PF1	      =	$0E
     47  8000 ????	       00 0f	   PF2	      =	$0F
     48  8000 ????	       00 10	   RESP0      =	$10
     49  8000 ????	       00 11	   RESP1      =	$11
     50  8000 ????	       00 12	   RESM0      =	$12
     51  8000 ????	       00 13	   RESM1      =	$13
     52  8000 ????	       00 14	   RESBL      =	$14
     53  8000 ????	       00 1b	   GRP0       =	$1B
     54  8000 ????	       00 1c	   GRP1       =	$1C
     55  8000 ????	       00 1d	   ENAM0      =	$1D
     56  8000 ????	       00 1e	   ENAM1      =	$1E
     57  8000 ????	       00 1f	   ENABL      =	$1F
     58  8000 ????	       00 20	   HMP0       =	$20
     59  8000 ????	       00 21	   HMP1       =	$21
     60  8000 ????	       00 22	   HMM0       =	$22
     61  8000 ????	       00 23	   HMM1       =	$23
     62  8000 ????	       00 24	   HMBL       =	$24
     63  8000 ????	       00 25	   VDELP0     =	$25
     64  8000 ????	       00 26	   VDELP1     =	$26
     65  8000 ????	       00 2a	   HMOVE      =	$2A
     66  8000 ????	       00 2b	   HMCLR      =	$2B
     67  8000 ????	       00 2c	   CXCLR      =	$2C
     68  8000 ????	       00 15	   AUDC0      =	$15
     69  8000 ????	       00 16	   AUDC1      =	$16
     70  8000 ????	       00 17	   AUDF0      =	$17
     71  8000 ????	       00 18	   AUDF1      =	$18
     72  8000 ????	       00 19	   AUDV0      =	$19
     73  8000 ????	       00 1a	   AUDV1      =	$1A
     74  8000 ????
     75  8000 ????						; TIA read registers
     76  8000 ????	       00 02	   CXP0FB     =	$02
     77  8000 ????	       00 03	   CXP1FB     =	$03
     78  8000 ????	       00 0c	   INPT4      =	$0C
     79  8000 ????
     80  8000 ????						; RIOT
     81  8000 ????	       02 82	   SWCHB      =	$0282
     82  8000 ????	       02 84	   INTIM      =	$0284
     83  8000 ????	       02 96	   TIM64T     =	$0296
     84  8000 ????
     85  8000 ????						; Display
     86  8000 ????	       00 10	   HUD_LINES  =	16
     87  8000 ????	       00 b0	   ROOM_LINES =	176
     88  8000 ????	       00 0e	   ASTRONAUT_H =	14
     89  8000 ????	       00 0d	   ASTRONAUT_LAST =	13
     90  8000 ????	       00 04	   ASTRONAUT_HALF_W =	4
     91  8000 ????	       00 07	   ASTRONAUT_HALF_H =	7
     92  8000 ????	       00 0e	   SUIT_COLOR =	$0E
     93  8000 ????	       00 8c	   SIGNAL_COLOR =	$8C
     94  8000 ????	       00 86	   DISH_DIM_COLOR =	$86
     95  8000 ????	       00 2e	   REQUIRED_COLOR =	$2E
     96  8000 ????	       00 28	   REQUIRED_DIM_COLOR =	$28
     97  8000 ????	       00 ce	   OPTIONAL_COLOR =	$CE
     98  8000 ????	       00 c8	   OPTIONAL_DIM_COLOR =	$C8
     99  8000 ????	       00 12	   EXIT_GLOW_DIM =	$12
    100  8000 ????	       00 16	   EXIT_GLOW_LOW =	$16
    101  8000 ????	       00 1c	   EXIT_GLOW_HIGH =	$1C
    102  8000 ????	       00 0e	   EXIT_DONE_COLOR =	$0E
    103  8000 ????	       00 16	   HUD_DIM_COLOR =	$16
    104  8000 ????	       00 2e	   HUD_LIVE_COLOR =	$2E
    105  8000 ????	       00 c8	   HUD_DONE_COLOR =	$C8
    106  8000 ????	       00 0e	   HUD_TEXT_COLOR =	$0E
    107  8000 ????	       00 2c	   HUD_ICON_COLOR =	$2C
    108  8000 ????
    109  8000 ????						; One-channel production sound vocabulary. Music remains deliberately absent
    110  8000 ????						; in 0.8A so each gameplay event can be judged without masking or contention.
    111  8000 ????	       00 00	   SFX_NONE   =	0
    112  8000 ????	       00 01	   SFX_CAPTURE =	1
    113  8000 ????	       00 02	   SFX_RELEASE =	2
    114  8000 ????	       00 03	   SFX_REQUIRED =	3
    115  8000 ????	       00 04	   SFX_OPTIONAL =	4
    116  8000 ????	       00 05	   SFX_EXIT_READY =	5
    117  8000 ????	       00 06	   SFX_STAGE_COMPLETE =	6
    118  8000 ????	       00 ff	   MUSIC_REST =	$FF
    119  8000 ????
    120  8000 ????						; Production stage vocabulary. The engine uses structure-of-arrays descriptors
    121  8000 ????						; because indexed byte loads are cheaper than multiplying a stage record size.
    122  8000 ????	       00 05	   STAGE_COUNT =	5
    123  8000 ????	       00 ff	   NO_NEXT_STAGE =	$FF
    124  8000 ????	       00 00	   TERRAIN_AMETHYST =	0
    125  8000 ????	       00 01	   TERRAIN_COBALT =	1
    126  8000 ????	       00 02	   TERRAIN_EMERALD =	2
    127  8000 ????	       00 03	   TERRAIN_CRIMSON =	3
    128  8000 ????	       00 04	   TERRAIN_VOID_VIOLET =	4
    129  8000 ????	       00 00	   PALETTE_AMETHYST =	0
    130  8000 ????	       00 01	   PALETTE_COBALT =	1
    131  8000 ????	       00 02	   PALETTE_EMERALD =	2
    132  8000 ????	       00 03	   PALETTE_CRIMSON =	3
    133  8000 ????	       00 04	   PALETTE_VOID_VIOLET =	4
    134  8000 ????	       00 00	   BEHAVIOR_NORMAL_ROCK =	0
    135  8000 ????	       00 00	   MUSIC_CHAPTER_ONE =	0
    136  8000 ????	       00 07	   ROOM_BANK_STAGE1 =	7
    137  8000 ????	       00 06	   ROOM_BANK_STAGE2 =	6
    138  8000 ????	       00 05	   ROOM_BANK_STAGE3 =	5
    139  8000 ????	       00 04	   ROOM_BANK_STAGE4 =	4
    140  8000 ????	       00 03	   ROOM_BANK_STAGE5 =	3
    141  8000 ????
    142  8000 ????						; Motion: signed 8.8
    143  8000 ????	       00 04	   GRAVITY    =	4
    144  8000 ????	       00 e0	   MAX_FALL_LO =	$E0
    145  8000 ????	       ff 40	   MOON_RETURN =	$FF40
    146  8000 ????	       fe c0	   ROCK_REBOUND_UP =	$FEC0
    147  8000 ????	       00 c0	   ROCK_REBOUND_DN =	$00C0
    148  8000 ????	       00 80	   SIDE_RETURN =	$0080
    149  8000 ????	       00 10	   LEFT_LIMIT =	16	; PF0's four bits occupy sixteen color clocks
    150  8000 ????	       00 88	   RIGHT_LIMIT =	136	; eight clocks wide; right edge ends at 143
    151  8000 ????	       00 31	   POSITION_BIAS =	49	; exact RESP/HMOVE origin for this instruction path
    152  8000 ????	       00 08	   TOP_LIMIT  =	8	; immediately below the eight-line ceiling
    153  8000 ????	       00 9a	   BOTTOM_LIMIT =	154	; fourteen lines tall; bottom edge ends at 167
    154  8000 ????	       00 32	   SPAWN_X    =	50	; revised launch lane clears automatic pickups
    155  8000 ????	       00 10	   SPAWN_Y    =	16
    156  8000 ????
    157  8000 ????						; Gravity installations. Their coordinates are independent stage data. The
    158  8000 ????						; renderer multiplexes one satellite sprite through three vertical zones, so
    159  8000 ????						; none of these positions is inferred or mirrored from another.
    160  8000 ????	       00 00	   STATE_FREE =	0
    161  8000 ????	       00 01	   STATE_ORBIT =	1
    162  8000 ????	       00 64	   BEACON_AX  =	100
    163  8000 ????	       00 24	   BEACON_AY  =	36
    164  8000 ????	       00 6a	   BEACON_BX  =	106
    165  8000 ????	       00 54	   BEACON_BY  =	84
    166  8000 ????	       00 64	   BEACON_CX  =	100
    167  8000 ????	       00 82	   BEACON_CY  =	130	; ordinary floor bounce intersects this field
    168  8000 ????	       00 82	   OPTIONAL_LEFT =	130	; positioned normally during VBLANK
    169  8000 ????	       00 60	   DISH_A_LEFT =	96	; visible service strobes are cycle calibrated
    170  8000 ????	       00 66	   COLLECT_0_LEFT =	102
    171  8000 ????	       00 66	   DISH_B_LEFT =	102
    172  8000 ????	       00 4b	   COLLECT_1_LEFT =	75
    173  8000 ????	       00 60	   DISH_C_LEFT =	96
    174  8000 ????	       00 51	   COLLECT_2_LEFT =	81	; assembled RESP1 service position
    175  8000 ????	       00 09	   OPTIONAL_TOP =	9
    176  8000 ????	       00 31	   COLLECT_0_TOP =	49
    177  8000 ????	       00 61	   COLLECT_1_TOP =	97
    178  8000 ????	       00 91	   COLLECT_2_TOP =	145
    179  8000 ????	       00 08	   COLLECT_W  =	8
    180  8000 ????	       00 0e	   COLLECT_H  =	14
    181  8000 ????	       00 4e	   EXIT_LEFT  =	78	; calibrated by the seventh P1 service strobe
    182  8000 ????	       00 a1	   EXIT_TOP   =	161
    183  8000 ????	       00 08	   EXIT_W     =	8
    184  8000 ????	       00 0e	   EXIT_H     =	14
    185  8000 ????
    186  8000 ????						; Stage 2 — an independently authored cobalt/teal chamber in Bank 6.
    187  8000 ????	       00 28	   STAGE2_SPAWN_X =	40
    188  8000 ????	       00 10	   STAGE2_SPAWN_Y =	16
    189  8000 ????	       00 4f	   STAGE2_BEACON_AX =	79
    190  8000 ????	       00 24	   STAGE2_BEACON_AY =	36
    191  8000 ????	       00 6d	   STAGE2_BEACON_BX =	109
    192  8000 ????	       00 54	   STAGE2_BEACON_BY =	84
    193  8000 ????	       00 4f	   STAGE2_BEACON_CX =	79
    194  8000 ????	       00 82	   STAGE2_BEACON_CY =	130
    195  8000 ????	       00 4b	   STAGE2_DISH_A_LEFT =	75
    196  8000 ????	       00 69	   STAGE2_DISH_B_LEFT =	105
    197  8000 ????	       00 4b	   STAGE2_DISH_C_LEFT =	75
    198  8000 ????	       00 1e	   STAGE2_OPTIONAL_LEFT =	30
    199  8000 ????	       00 72	   STAGE2_COLLECT_0_LEFT =	114
    200  8000 ????	       00 4e	   STAGE2_COLLECT_1_LEFT =	78
    201  8000 ????	       00 66	   STAGE2_COLLECT_2_LEFT =	102
    202  8000 ????	       00 5a	   STAGE2_EXIT_LEFT =	90
    203  8000 ????
    204  8000 ????						; Stages 3 and 4 retain the proven seven-object vertical service schedule,
    205  8000 ????						; but use independently timed X strobes, terrain, launches and routes.
    206  8000 ????	       00 72	   STAGE3_SPAWN_X =	114
    207  8000 ????	       00 12	   STAGE3_SPAWN_Y =	18
    208  8000 ????	       00 51	   STAGE3_DISH_A_LEFT =	81
    209  8000 ????	       00 6f	   STAGE3_DISH_B_LEFT =	111
    210  8000 ????	       00 51	   STAGE3_DISH_C_LEFT =	81
    211  8000 ????	       00 55	   STAGE3_BEACON_AX =	85
    212  8000 ????	       00 24	   STAGE3_BEACON_AY =	36
    213  8000 ????	       00 73	   STAGE3_BEACON_BX =	115
    214  8000 ????	       00 54	   STAGE3_BEACON_BY =	84
    215  8000 ????	       00 55	   STAGE3_BEACON_CX =	85
    216  8000 ????	       00 82	   STAGE3_BEACON_CY =	130
    217  8000 ????	       00 1e	   STAGE3_OPTIONAL_LEFT =	30
    218  8000 ????	       00 6c	   STAGE3_COLLECT_0_LEFT =	108
    219  8000 ????	       00 54	   STAGE3_COLLECT_1_LEFT =	84
    220  8000 ????	       00 60	   STAGE3_COLLECT_2_LEFT =	96
    221  8000 ????	       00 60	   STAGE3_EXIT_LEFT =	96
    222  8000 ????
    223  8000 ????	       00 32	   STAGE4_SPAWN_X =	50
    224  8000 ????	       00 12	   STAGE4_SPAWN_Y =	18
    225  8000 ????	       00 57	   STAGE4_DISH_A_LEFT =	87
    226  8000 ????	       00 63	   STAGE4_DISH_B_LEFT =	99
    227  8000 ????	       00 57	   STAGE4_DISH_C_LEFT =	87
    228  8000 ????	       00 5b	   STAGE4_BEACON_AX =	91
    229  8000 ????	       00 24	   STAGE4_BEACON_AY =	36
    230  8000 ????	       00 67	   STAGE4_BEACON_BX =	103
    231  8000 ????	       00 54	   STAGE4_BEACON_BY =	84
    232  8000 ????	       00 5b	   STAGE4_BEACON_CX =	91
    233  8000 ????	       00 82	   STAGE4_BEACON_CY =	130
    234  8000 ????	       00 1e	   STAGE4_OPTIONAL_LEFT =	30
    235  8000 ????	       00 72	   STAGE4_COLLECT_0_LEFT =	114
    236  8000 ????	       00 48	   STAGE4_COLLECT_1_LEFT =	72
    237  8000 ????	       00 6c	   STAGE4_COLLECT_2_LEFT =	108
    238  8000 ????	       00 54	   STAGE4_EXIT_LEFT =	84
    239  8000 ????
    240  8000 ????	       00 78	   STAGE5_SPAWN_X =	120
    241  8000 ????	       00 12	   STAGE5_SPAWN_Y =	18
    242  8000 ????	       00 4b	   STAGE5_DISH_A_LEFT =	75
    243  8000 ????	       00 69	   STAGE5_DISH_B_LEFT =	105
    244  8000 ????	       00 4b	   STAGE5_DISH_C_LEFT =	75
    245  8000 ????	       00 4f	   STAGE5_BEACON_AX =	79
    246  8000 ????	       00 24	   STAGE5_BEACON_AY =	36
    247  8000 ????	       00 6d	   STAGE5_BEACON_BX =	109
    248  8000 ????	       00 54	   STAGE5_BEACON_BY =	84
    249  8000 ????	       00 4f	   STAGE5_BEACON_CX =	79
    250  8000 ????	       00 82	   STAGE5_BEACON_CY =	130
    251  8000 ????	       00 1e	   STAGE5_OPTIONAL_LEFT =	30
    252  8000 ????	       00 72	   STAGE5_COLLECT_0_LEFT =	114
    253  8000 ????	       00 4e	   STAGE5_COLLECT_1_LEFT =	78
    254  8000 ????	       00 66	   STAGE5_COLLECT_2_LEFT =	102
    255  8000 ????	       00 5a	   STAGE5_EXIT_LEFT =	90
    256  8000 ????
    257  8000 ????	       00 14	   CAPTURE_RANGE =	20	; outer field hugs the radius-19 wide orbit
    258  8000 ????	       00 0f	   TIER_NEAR_MAX =	15
    259  8000 ????	       00 16	   TIER_MID_MAX =	22	; preserves useful medium and wide entry bands
    260  8000 ????	       00 02	   ORBIT_STEP_NEAR =	2	; 32 distinct positions per revolution
    261  8000 ????	       00 01	   ORBIT_STEP_MID =	1	; 64 positions
    262  8000 ????	       00 01	   ORBIT_STEP_FAR =	1	; 64 positions, each held for two frames
    263  8000 ????	       00 ff	   NO_BEACON  =	$FF
    264  8000 ????
    265  8000 ????						; ---------------------------------------------------------------------------
    266  8000 ????						; Shared 128-byte RAM. Both banks use these exact symbols.
    267  8000 ????						; ---------------------------------------------------------------------------
    268 U00f6 ????				      SEG.U	RAM
    269 U0080					      ORG	$80
    270 U0080		       00	   tomXHi     ds	1
    271 U0081		       00	   tomXLo     ds	1
    272 U0082		       00	   tomYHi     ds	1
    273 U0083		       00	   tomYLo     ds	1
    274 U0084		       00	   velXHi     ds	1
    275 U0085		       00	   velXLo     ds	1
    276 U0086		       00	   velYHi     ds	1
    277 U0087		       00	   velYLo     ds	1
    278 U0088		       00	   safeXHi    ds	1
    279 U0089		       00	   safeXLo    ds	1
    280 U008a		       00	   safeYHi    ds	1
    281 U008b		       00	   safeYLo    ds	1
    282 U008c		       00	   frameCounter ds	1
    283 U008d		       00	   gameState  ds	1
    284 U008e		       00	   fireWasDown ds	1
    285 U008f		       00	   readyBeacon ds	1	; $FF none; otherwise 0=A, 1=B, 2=C
    286 U0090		       00	   activeBeacon ds	1
    287 U0091		       00	   beaconX    ds	1
    288 U0092		       00	   beaconY    ds	1
    289 U0093		       00	   captureDistance ds	1
    290 U0094		       00	   orbitAngle ds	1	; 0..63
    291 U0095		       00	   orbitRadius ds	1	; 0=tight, 1=medium, 2=wide
    292 U0096		       00	   orbitStep  ds	1
    293 U0097		       00	   orbitDirection ds	1	; 0=clockwise, $FF=counterclockwise
    294 U0098		       00	   orbitHalfStep ds	1	; wide tier midpoint: 0=ring point, 1=halfway
    295 U0099		       00	   terrainHit ds	1
    296 U009a		       00	   collectMask ds	1	; bits 0..2 required, bit 3 optional
    297 U009b		       00	   requiredCount ds	1	; low 2=count 0..3; bits 7..5=music phrase 0..7
    298 U009c		       00	   collectDraw0 ds	1	; $FF visible, $00 collected
    299 U009d		       00	   collectDraw1 ds	1
    300 U009e		       00	   collectDraw2 ds	1
    301 U009f		       00	   collectDraw3 ds	1
    302 U00a0		       00	   currentP1Mask ds	1
    303 U00a1		       00	   currentP1Color ds	1
    304 U00a2		       00	   dishColorA ds	1
    305 U00a3		       00	   dishColorB ds	1
    306 U00a4		       00	   dishColorC ds	1
    307 U00a5		       00	   requiredP1Color ds	1
    308 U00a6		       00	   optionalP1Color ds	1
    309 U00a7		       00	   exitDraw   ds	1
    310 U00a8		       00	   exitP1Color ds	1
    311 U00a9		       00	   objectiveDone ds	1
    312 U00aa		       00	   stageComplete ds	1
    313 U00ab		       00 00	   suitPtr    ds	2
    314 U00ad		       00	   renderTomY ds	1	; one line early for VDEL player graphics
    315 U00ae		       00	   visorEnable ds	1	; delayed Missile-1 state for the next scanline
    316 U00af		       00	   temp       ds	1
    317 U00b0		       00	   temp2      ds	1
    318 U00b1		       00	   delta      ds	1
    319 U00b2		       00	   bestDistance ds	1
    320 U00b3		       00	   bestBeacon ds	1
    321 U00b4		       00 00 00 00*hudIcon0   ds	6	; only displayed rows 1..5 are buffered
    322 U00ba		       00 00 00 00*hudIcon1   ds	6
    323 U00c0		       00 00 00 00*hudIcon2   ds	6
    324 U00c6		       00 00 00 00*hudIcon3   ds	6
    325 U00cc		       00 00 00 00*hudIcon4   ds	6
    326 U00d2		       00 00 00 00*hudIcon5   ds	6
    327 U00d8		       00 00 00 00*hudStageGlyph ds	8	; VBLANK copies preserve approved visible timing
    328 U00e0		       00 00 00 00*hudHundredsGlyph ds	8
    329 U00e8		       00	   soundState ds	1	; effect in bits 7..5, remaining frames in 4..0
    330 U00e9		       00 00	   hudScorePtr ds	2	; changing tens digit: 0,1,2,3 or 5
    331 U00eb		       00	   tomFineMotion ds	1	; precomputed HMP0 value for visible restoration
    332 U00ec		       00	   currentStage ds	1	; zero-based production stage index
    333 U00ed		       00	   stageOffset ds	1	; 0 or 3, selecting one of two beacon triplets
    334 U00ee		       00	   transitionTimer ds	1	; frozen extraction hold before the next stage
    335 U00ef		       00	   stageSetupPending ds	1	; bit 7 setup request; low nibble last HUD mask
    336 U00f0		       00	   scoreTens  ds	1	; persistent score in units of ten points
    337 U00f1		       00 00	   hudStagePtr ds	2	; Stage 1 or Stage 2 numeral
    338 U00f3		       00 00	   hudHundredsPtr ds	2	; 0 until scoreTens reaches ten
    339 U00f5		       00	   dirAccumHi ds	1	; BeginCapture gravity-spin cross-product, high byte
    340 U00f6
    341 U00f6							; ---------------------------------------------------------------------------
    342 U00f6							; BANK 0 — gravity, collision and mission state.
    343 U00f6							; Thursday's Child 0.7B uses the commercial 32K F4 map. Every reset entry
    344 U00f6							; selects fixed engine Bank 7; Bank 7 calls this physics bank through $FFF4.
    345 U00f6							; ---------------------------------------------------------------------------
    346  1000 ????				      SEG	BANK0
    347  0000					      ORG	$0000
    348  0000					      RORG	$F000
    349  0000				   Bank0Boot
    350  0000		       ad fb ff 	      lda	$FFFB
    351  0003		       4c 06 f0 	      jmp	$F006
    352  0006
    353  0006					      ORG	$0006
    354  0006					      RORG	$F006
    355  0006				   UpdatePhysics
    356  0006							; Presentation Bank 2 marks the first gameplay frame with $40. Build
    357  0006							; Stage 1 from its descriptors before any motion or collision occurs.
    358  0006		       a5 ef		      lda	stageSetupPending
    359  0008		       c9 40		      cmp	#$40
    360  000a		       d0 0a		      bne	.ordinaryPhysics
    361  000c		       a9 00		      lda	#0
    362  000e		       85 ec		      sta	currentStage
    363  0010		       85 f0		      sta	scoreTens
    364  0012		       20 2d f1 	      jsr	LoadCurrentStage
    365  0015		       60		      rts
    366  0016				   .ordinaryPhysics
    367  0016							; Hardware collision latches are cleared but never used for movement.
    368  0016							; Both free flight and orbit now test the authored terrain geometry,
    369  0016							; so JavaTari, Stellerator and hardware receive identical answers.
    370  0016		       a9 00		      lda	#0
    371  0018		       85 2c		      sta	CXCLR
    372  001a
    373  001a							; The current legal position becomes the rollback point for the frame
    374  001a							; that is about to be rendered.
    375  001a		       a5 80		      lda	tomXHi
    376  001c		       85 88		      sta	safeXHi
    377  001e		       a5 81		      lda	tomXLo
    378  0020		       85 89		      sta	safeXLo
    379  0022		       a5 82		      lda	tomYHi
    380  0024		       85 8a		      sta	safeYHi
    381  0026		       a5 83		      lda	tomYLo
    382  0028		       85 8b		      sta	safeYLo
    383  002a
    384  002a		       20 cb f0 	      jsr	UpdateGame
    385  002d		       a5 8d		      lda	gameState
    386  002f		       d0 08		      bne	.collisionReady	; orbit already checked its candidate point
    387  0031		       20 ec f4 	      jsr	CheckTerrainSoftware
    388  0034		       90 03		      bcc	.collisionReady
    389  0036		       20 4c f0 	      jsr	ResolveFreeTerrainCollision
    390  0039				   .collisionReady
    391  0039		       20 e2 f6 	      jsr	CheckCollectibles
    392  003c							; The renderer consumes this scratch byte only after all physics and
    393  003c							; collision work is complete. One step lasts four NTSC frames.
    394  003c		       a5 8c		      lda	frameCounter
    395  003e		       4a		      lsr
    396  003f		       4a		      lsr
    397  0040		       29 03		      and	#3
    398  0042		       85 b3		      sta	bestBeacon
    399  0044		       ea		      nop		; preserve the approved Bank 0 audio layout
    400  0045		       20 d0 f7 	      jsr	CheckMissionContact
    401  0048		       20 27 f8 	      jsr	UpdateSound
    402  004b		       60		      rts
    403  004c
    404  004c				   ResolveFreeTerrainCollision
    405  004c							; Preserve the rejected candidate coordinates while testing each axis
    406  004c							; independently against the preceding legal position.
    407  004c		       a5 80		      lda	tomXHi
    408  004e		       85 93		      sta	captureDistance
    409  0050		       a5 82		      lda	tomYHi
    410  0052		       85 b2		      sta	bestDistance
    411  0054		       a9 00		      lda	#0
    412  0056		       85 99		      sta	terrainHit	; bit 0=X contact, bit 1=Y contact
    413  0058
    414  0058							; Candidate X with the old Y: a hit is a genuine side impact.
    415  0058		       a5 8a		      lda	safeYHi
    416  005a		       85 82		      sta	tomYHi
    417  005c		       20 ec f4 	      jsr	CheckTerrainSoftware
    418  005f		       90 04		      bcc	.freeXClear
    419  0061		       a9 01		      lda	#1
    420  0063		       85 99		      sta	terrainHit
    421  0065				   .freeXClear
    422  0065							; Candidate Y with the old X: a hit is floor/ceiling contact.
    423  0065		       a5 88		      lda	safeXHi
    424  0067		       85 80		      sta	tomXHi
    425  0069		       a5 b2		      lda	bestDistance
    426  006b		       85 82		      sta	tomYHi
    427  006d		       20 ec f4 	      jsr	CheckTerrainSoftware
    428  0070		       90 06		      bcc	.freeYClear
    429  0072		       a5 99		      lda	terrainHit
    430  0074		       09 02		      ora	#2
    431  0076		       85 99		      sta	terrainHit
    432  0078				   .freeYClear
    433  0078		       20 ba f0 	      jsr	RestoreSafePosition
    434  007b
    435  007b		       a5 99		      lda	terrainHit
    436  007d		       d0 04		      bne	.resolvedAxes
    437  007f							; A diagonal corner can require both components before intersecting.
    438  007f							; Reflect both axes rather than leaving Major Tom embedded or stopped.
    439  007f		       a9 03		      lda	#3
    440  0081		       85 99		      sta	terrainHit
    441  0083				   .resolvedAxes
    442  0083		       a5 99		      lda	terrainHit
    443  0085		       29 01		      and	#1
    444  0087		       f0 03		      beq	.freeVertical
    445  0089		       20 ac f0 	      jsr	NegateHorizontalVelocity
    446  008c
    447  008c				   .freeVertical
    448  008c		       a5 99		      lda	terrainHit
    449  008e		       29 02		      and	#2
    450  0090		       f0 16		      beq	.freeCollisionReady
    451  0092		       a5 86		      lda	velYHi
    452  0094		       30 0a		      bmi	.bounceDownFromCeiling
    453  0096		       a9 ff		      lda	#>MOON_RETURN
    454  0098		       85 86		      sta	velYHi
    455  009a		       a9 40		      lda	#<MOON_RETURN
    456  009c		       85 87		      sta	velYLo
    457  009e		       d0 08		      bne	.freeCollisionReady
    458  00a0				   .bounceDownFromCeiling
    459  00a0		       a9 00		      lda	#0
    460  00a2		       85 86		      sta	velYHi
    461  00a4		       a9 80		      lda	#$80	; +0.50 pixel/frame
    462  00a6		       85 87		      sta	velYLo
    463  00a8				   .freeCollisionReady
    464  00a8		       20 c2 f6 	      jsr	EnsureHorizontalMotion
    465  00ab		       60		      rts
    466  00ac
    467  00ac				   NegateHorizontalVelocity
    468  00ac		       38		      sec
    469  00ad		       a9 00		      lda	#0
    470  00af		       e5 85		      sbc	velXLo
    471  00b1		       85 85		      sta	velXLo
    472  00b3		       a9 00		      lda	#0
    473  00b5		       e5 84		      sbc	velXHi
    474  00b7		       85 84		      sta	velXHi
    475  00b9		       60		      rts
    476  00ba
    477  00ba				   RestoreSafePosition
    478  00ba		       a5 88		      lda	safeXHi
    479  00bc		       85 80		      sta	tomXHi
    480  00be		       a5 89		      lda	safeXLo
    481  00c0		       85 81		      sta	tomXLo
    482  00c2		       a5 8a		      lda	safeYHi
    483  00c4		       85 82		      sta	tomYHi
    484  00c6		       a5 8b		      lda	safeYLo
    485  00c8		       85 83		      sta	tomYLo
    486  00ca		       60		      rts
    487  00cb
    488  00cb				   UpdateGame
    489  00cb		       e6 8c		      inc	frameCounter
    490  00cd		       a5 aa		      lda	stageComplete
    491  00cf		       f0 15		      beq	.stageRunning
    492  00d1
    493  00d1							; Extraction is a quiet, deterministic pause. StageNextByStage owns
    494  00d1							; progression; the engine no longer contains a Stage-2-specific test.
    495  00d1		       a6 ec		      ldx	currentStage
    496  00d3		       bd f0 f9 	      lda	StageNextByStage,x
    497  00d6		       c9 ff		      cmp	#NO_NEXT_STAGE
    498  00d8		       f0 0b		      beq	.completedBuild
    499  00da		       e6 ee		      inc	transitionTimer
    500  00dc		       a5 ee		      lda	transitionTimer
    501  00de		       c9 30		      cmp	#48
    502  00e0		       90 03		      bcc	.completedBuild
    503  00e2		       20 23 f1 	      jsr	AdvanceStage
    504  00e5				   .completedBuild
    505  00e5		       60		      rts
    506  00e6
    507  00e6				   .stageRunning
    508  00e6		       20 83 f1 	      jsr	CheckBeaconRange
    509  00e9							; Mission contact remains visible in the proof HUD, but it never
    510  00e9							; freezes motion. A production room will transition only after its
    511  00e9							; extraction animation has completed.
    512  00e9		       a5 0c		      lda	INPT4
    513  00eb		       30 1a		      bmi	.fireReleased
    514  00ed		       a9 01		      lda	#1
    515  00ef		       85 8e		      sta	fireWasDown
    516  00f1		       a5 8d		      lda	gameState
    517  00f3		       d0 0a		      bne	.continueOrbit
    518  00f5		       a5 8f		      lda	readyBeacon
    519  00f7		       c9 ff		      cmp	#NO_BEACON
    520  00f9		       f0 08		      beq	.freeWhileHeld
    521  00fb		       20 69 f2 	      jsr	BeginCapture
    522  00fe		       60		      rts		; render the nearest entry point before moving
    523  00ff				   .continueOrbit
    524  00ff		       20 ec f3 	      jsr	UpdateOrbit
    525  0102		       60		      rts
    526  0103				   .freeWhileHeld
    527  0103		       20 18 f6 	      jsr	UpdateFreeFlight
    528  0106		       60		      rts
    529  0107
    530  0107				   .fireReleased
    531  0107		       a5 8e		      lda	fireWasDown
    532  0109		       f0 0c		      beq	.freeWithFireUp
    533  010b		       a9 00		      lda	#0
    534  010d		       85 8e		      sta	fireWasDown
    535  010f		       a5 8d		      lda	gameState
    536  0111		       f0 04		      beq	.freeWithFireUp
    537  0113		       20 9a f5 	      jsr	ReleaseOrbit
    538  0116		       60		      rts
    539  0117				   .freeWithFireUp
    540  0117		       a5 8d		      lda	gameState
    541  0119		       f0 04		      beq	.ordinaryFree
    542  011b		       20 ec f3 	      jsr	UpdateOrbit
    543  011e		       60		      rts
    544  011f				   .ordinaryFree
    545  011f		       20 18 f6 	      jsr	UpdateFreeFlight
    546  0122		       60		      rts
    547  0123
    548  0123				   AdvanceStage
    549  0123		       a6 ec		      ldx	currentStage
    550  0125		       bd f0 f9 	      lda	StageNextByStage,x
    551  0128		       85 ec		      sta	currentStage
    552  012a		       4c 2d f1 	      jmp	LoadCurrentStage
    553  012d
    554  012d							; Load every mutable field required to begin the selected stage. Score is
    555  012d							; deliberately absent and therefore persists. Stage 1's reset seed is checked
    556  012d							; against descriptor row zero; all later entries use this routine directly.
    557  012d				   LoadCurrentStage
    558  012d		       a9 80		      lda	#$80
    559  012f		       85 ef		      sta	stageSetupPending
    560  0131		       a6 ec		      ldx	currentStage
    561  0133		       bd d2 f9 	      lda	StageBeaconOffset,x
    562  0136		       85 ed		      sta	stageOffset
    563  0138		       a9 00		      lda	#0
    564  013a		       85 ee		      sta	transitionTimer
    565  013c		       85 aa		      sta	stageComplete
    566  013e		       85 a9		      sta	objectiveDone
    567  0140		       85 9b		      sta	requiredCount
    568  0142		       85 8c		      sta	frameCounter
    569  0144		       85 9a		      sta	collectMask
    570  0146		       85 8d		      sta	gameState
    571  0148		       85 8e		      sta	fireWasDown
    572  014a		       85 81		      sta	tomXLo
    573  014c		       85 83		      sta	tomYLo
    574  014e		       a9 ff		      lda	#NO_BEACON
    575  0150		       85 8f		      sta	readyBeacon
    576  0152		       85 90		      sta	activeBeacon
    577  0154		       a9 ff		      lda	#$FF
    578  0156		       85 9c		      sta	collectDraw0
    579  0158		       85 9d		      sta	collectDraw1
    580  015a		       85 9e		      sta	collectDraw2
    581  015c		       85 9f		      sta	collectDraw3
    582  015e		       a6 ec		      ldx	currentStage
    583  0160		       bd b4 f9 	      lda	StageSpawnX,x
    584  0163		       85 80		      sta	tomXHi
    585  0165		       85 88		      sta	safeXHi
    586  0167		       bd b9 f9 	      lda	StageSpawnY,x
    587  016a		       85 82		      sta	tomYHi
    588  016c		       85 8a		      sta	safeYHi
    589  016e		       bd be f9 	      lda	StageVelocityXHi,x
    590  0171		       85 84		      sta	velXHi
    591  0173		       bd c3 f9 	      lda	StageVelocityXLo,x
    592  0176		       85 85		      sta	velXLo
    593  0178		       bd c8 f9 	      lda	StageVelocityYHi,x
    594  017b		       85 86		      sta	velYHi
    595  017d		       bd cd f9 	      lda	StageVelocityYLo,x
    596  0180		       85 87		      sta	velYLo
    597  0182		       60		      rts
    598  0183
    599  0183							; Select the closest of three installations inside the compact Manhattan
    600  0183							; capture field. Its axis and combined-distance limits closely surround the
    601  0183							; widest visible orbit instead of activating across a large part of the room.
    602  0183				   CheckBeaconRange
    603  0183		       a5 8d		      lda	gameState
    604  0185		       f0 15		      beq	.measureInstallations
    605  0187		       a5 90		      lda	activeBeacon
    606  0189		       85 8f		      sta	readyBeacon
    607  018b		       aa		      tax
    608  018c		       8a		      txa
    609  018d		       18		      clc
    610  018e		       65 ed		      adc	stageOffset
    611  0190		       a8		      tay
    612  0191		       b9 13 fa 	      lda	BeaconXTable,y
    613  0194		       85 91		      sta	beaconX
    614  0196		       b9 22 fa 	      lda	BeaconYTable,y
    615  0199		       85 92		      sta	beaconY
    616  019b		       60		      rts
    617  019c
    618  019c				   .measureInstallations
    619  019c		       a9 ff		      lda	#NO_BEACON
    620  019e		       85 b3		      sta	bestBeacon
    621  01a0		       85 b2		      sta	bestDistance
    622  01a2		       a2 02		      ldx	#2
    623  01a4				   .measureLoop
    624  01a4		       86 b0		      stx	temp2
    625  01a6		       8a		      txa
    626  01a7		       18		      clc
    627  01a8		       65 ed		      adc	stageOffset
    628  01aa		       a8		      tay
    629  01ab		       b9 13 fa 	      lda	BeaconXTable,y
    630  01ae		       85 af		      sta	temp
    631  01b0		       b9 22 fa 	      lda	BeaconYTable,y
    632  01b3		       85 b1		      sta	delta
    633  01b5		       20 eb f1 	      jsr	MeasureBeaconDistance
    634  01b8		       b0 0a		      bcs	.nextInstallation
    635  01ba		       c5 b2		      cmp	bestDistance
    636  01bc		       b0 06		      bcs	.nextInstallation
    637  01be		       85 b2		      sta	bestDistance
    638  01c0		       a6 b0		      ldx	temp2
    639  01c2		       86 b3		      stx	bestBeacon
    640  01c4				   .nextInstallation
    641  01c4		       a6 b0		      ldx	temp2
    642  01c6		       ca		      dex
    643  01c7		       10 db		      bpl	.measureLoop
    644  01c9
    645  01c9		       a5 b3		      lda	bestBeacon
    646  01cb		       85 8f		      sta	readyBeacon
    647  01cd		       c9 ff		      cmp	#NO_BEACON
    648  01cf		       f0 15		      beq	.noInstallation
    649  01d1		       aa		      tax
    650  01d2		       8a		      txa
    651  01d3		       18		      clc
    652  01d4		       65 ed		      adc	stageOffset
    653  01d6		       a8		      tay
    654  01d7		       b9 13 fa 	      lda	BeaconXTable,y
    655  01da		       85 91		      sta	beaconX
    656  01dc		       b9 22 fa 	      lda	BeaconYTable,y
    657  01df		       85 92		      sta	beaconY
    658  01e1		       a5 b2		      lda	bestDistance
    659  01e3		       85 93		      sta	captureDistance
    660  01e5		       60		      rts
    661  01e6				   .noInstallation
    662  01e6		       a9 fe		      lda	#$FE
    663  01e8		       85 92		      sta	beaconY
    664  01ea		       60		      rts
    665  01eb
    666  01eb							; A=Manhattan distance, carry clear when inside the capture field.
    667  01eb				   MeasureBeaconDistance
    668  01eb		       a5 80		      lda	tomXHi
    669  01ed		       18		      clc
    670  01ee		       69 04		      adc	#ASTRONAUT_HALF_W	; center of the astronaut
    671  01f0		       38		      sec
    672  01f1		       e5 af		      sbc	temp
    673  01f3		       b0 04		      bcs	.absXReady
    674  01f5		       49 ff		      eor	#$FF
    675  01f7		       69 01		      adc	#1
    676  01f9				   .absXReady
    677  01f9		       c9 14		      cmp	#CAPTURE_RANGE
    678  01fb		       b0 1d		      bcs	.outsideRange
    679  01fd		       85 93		      sta	captureDistance	; scratch until the closest installation wins
    680  01ff
    681  01ff		       a5 82		      lda	tomYHi
    682  0201		       18		      clc
    683  0202		       69 07		      adc	#ASTRONAUT_HALF_H
    684  0204		       38		      sec
    685  0205		       e5 b1		      sbc	delta
    686  0207		       b0 04		      bcs	.absYReady
    687  0209		       49 ff		      eor	#$FF
    688  020b		       69 01		      adc	#1
    689  020d				   .absYReady
    690  020d		       c9 14		      cmp	#CAPTURE_RANGE
    691  020f		       b0 09		      bcs	.outsideRange
    692  0211		       18		      clc
    693  0212		       65 93		      adc	captureDistance
    694  0214		       c9 1e		      cmp	#CAPTURE_RANGE+10
    695  0216		       b0 02		      bcs	.outsideRange
    696  0218		       18		      clc
    697  0219		       60		      rts
    698  021a				   .outsideRange
    699  021a		       38		      sec
    700  021b		       60		      rts
    701  021c
    702  021c							; Signed 8x8->16 multiply used only by BeginCapture's gravity-spin direction
    703  021c							; math. In: A=multiplicand, Y=multiplier (both signed, -128..127). Out:
    704  021c							; delta:temp = signed 16-bit product (delta=low byte, temp=high byte).
    705  021c							; Reuses the shared bestDistance/bestBeacon/temp/delta scratch, which
    706  021c							; CheckBeaconRange already resets every frame before BeginCapture can run,
    707  021c							; instead of adding new persistent RAM. Clobbers A, X, Y, bestDistance,
    708  021c							; bestBeacon, temp, delta.
    709  021c				   Multiply8x8Signed
    710  021c		       85 b2		      sta	bestDistance	; abs(multiplicand)
    711  021e		       84 b3		      sty	bestBeacon	; abs(multiplier)
    712  0220		       a0 00		      ldy	#0	; Y = sign flag (0=positive, 1=negate result)
    713  0222		       a5 b2		      lda	bestDistance
    714  0224		       10 08		      bpl	.aNonNeg
    715  0226		       49 ff		      eor	#$FF
    716  0228		       18		      clc
    717  0229		       69 01		      adc	#1
    718  022b		       85 b2		      sta	bestDistance
    719  022d		       c8		      iny
    720  022e				   .aNonNeg
    721  022e		       a5 b3		      lda	bestBeacon
    722  0230		       10 0b		      bpl	.bNonNeg
    723  0232		       49 ff		      eor	#$FF
    724  0234		       18		      clc
    725  0235		       69 01		      adc	#1
    726  0237		       85 b3		      sta	bestBeacon
    727  0239		       98		      tya
    728  023a		       49 01		      eor	#1
    729  023c		       a8		      tay
    730  023d				   .bNonNeg
    731  023d		       a9 00		      lda	#0
    732  023f		       85 b1		      sta	delta	; product low byte
    733  0241		       85 af		      sta	temp	; product high byte
    734  0243		       a2 08		      ldx	#8
    735  0245				   .mulLoop
    736  0245		       46 b3		      lsr	bestBeacon
    737  0247		       90 07		      bcc	.noAdd
    738  0249		       a5 af		      lda	temp
    739  024b		       18		      clc
    740  024c		       65 b2		      adc	bestDistance
    741  024e		       85 af		      sta	temp
    742  0250				   .noAdd
    743  0250		       66 af		      ror	temp
    744  0252		       66 b1		      ror	delta
    745  0254		       ca		      dex
    746  0255		       d0 ee		      bne	.mulLoop
    747  0257
    748  0257		       c0 00		      cpy	#0
    749  0259		       f0 0d		      beq	.signDone
    750  025b		       38		      sec
    751  025c		       a9 00		      lda	#0
    752  025e		       e5 b1		      sbc	delta
    753  0260		       85 b1		      sta	delta
    754  0262		       a9 00		      lda	#0
    755  0264		       e5 af		      sbc	temp
    756  0266		       85 af		      sta	temp
    757  0268				   .signDone
    758  0268		       60		      rts
    759  0269
    760  0269				   BeginCapture
    761  0269		       a9 01		      lda	#STATE_ORBIT
    762  026b		       85 8d		      sta	gameState
    763  026d		       a5 8f		      lda	readyBeacon
    764  026f		       85 90		      sta	activeBeacon
    765  0271
    766  0271		       a5 93		      lda	captureDistance
    767  0273		       c9 0f		      cmp	#TIER_NEAR_MAX
    768  0275		       90 18		      bcc	.nearTier
    769  0277		       c9 16		      cmp	#TIER_MID_MAX
    770  0279		       90 0a		      bcc	.midTier
    771  027b		       a9 02		      lda	#2
    772  027d		       85 95		      sta	orbitRadius
    773  027f		       a9 01		      lda	#ORBIT_STEP_FAR
    774  0281		       85 96		      sta	orbitStep
    775  0283		       d0 12		      bne	.chooseEntry
    776  0285				   .midTier
    777  0285		       a9 01		      lda	#1
    778  0287		       85 95		      sta	orbitRadius
    779  0289		       a9 01		      lda	#ORBIT_STEP_MID
    780  028b		       85 96		      sta	orbitStep
    781  028d		       d0 08		      bne	.chooseEntry
    782  028f				   .nearTier
    783  028f		       a9 00		      lda	#0
    784  0291		       85 95		      sta	orbitRadius
    785  0293		       a9 02		      lda	#ORBIT_STEP_NEAR
    786  0295		       85 96		      sta	orbitStep
    787  0297
    788  0297				   .chooseEntry
    789  0297		       a9 00		      lda	#0
    790  0299		       85 97		      sta	orbitDirection
    791  029b		       85 98		      sta	orbitHalfStep
    792  029d
    793  029d							; Gravity spin direction now follows Major Tom's actual approach
    794  029d							; velocity, not just his static side of the beacon. Sign of the
    795  029d							; angular-momentum cross product L = relX*velY - relY*velX gives the
    796  029d							; physically-continuous spin direction (screen Y increases downward,
    797  029d							; so positive L is clockwise here rather than the usual math
    798  029d							; convention). relX/relY are Tom's center relative to the beacon
    799  029d							; center, both always inside CAPTURE_RANGE, so they fit signed bytes.
    800  029d							; L accumulates in temp2 (low) / dirAccumHi (high) across both terms;
    801  029d							; Multiply8x8Signed itself returns each term in delta (low) / temp
    802  029d							; (high), reusing scratch rather than adding new persistent RAM.
    803  029d		       a9 00		      lda	#0
    804  029f		       85 b0		      sta	temp2
    805  02a1		       85 f5		      sta	dirAccumHi
    806  02a3
    807  02a3		       a5 80		      lda	tomXHi
    808  02a5		       18		      clc
    809  02a6		       69 04		      adc	#ASTRONAUT_HALF_W
    810  02a8		       38		      sec
    811  02a9		       e5 91		      sbc	beaconX
    812  02ab		       a4 86		      ldy	velYHi
    813  02ad		       20 1c f2 	      jsr	Multiply8x8Signed
    814  02b0		       a5 b0		      lda	temp2
    815  02b2		       18		      clc
    816  02b3		       65 b1		      adc	delta
    817  02b5		       85 b0		      sta	temp2
    818  02b7		       a5 f5		      lda	dirAccumHi
    819  02b9		       65 af		      adc	temp
    820  02bb		       85 f5		      sta	dirAccumHi
    821  02bd
    822  02bd		       a5 82		      lda	tomYHi
    823  02bf		       18		      clc
    824  02c0		       69 07		      adc	#ASTRONAUT_HALF_H
    825  02c2		       38		      sec
    826  02c3		       e5 92		      sbc	beaconY
    827  02c5		       a4 84		      ldy	velXHi
    828  02c7		       20 1c f2 	      jsr	Multiply8x8Signed
    829  02ca		       a5 b0		      lda	temp2
    830  02cc		       38		      sec
    831  02cd		       e5 b1		      sbc	delta
    832  02cf		       85 b0		      sta	temp2	; L low byte
    833  02d1		       a5 f5		      lda	dirAccumHi
    834  02d3		       e5 af		      sbc	temp	; A = L high byte
    835  02d5		       30 11		      bmi	.setCounterclockwise
    836  02d7		       d0 13		      bne	.directionChosen
    837  02d9		       a5 b0		      lda	temp2
    838  02db		       d0 0f		      bne	.directionChosen
    839  02dd
    840  02dd							; L == 0: Tom's velocity points directly at (or away from) the
    841  02dd							; beacon, so angular momentum can't pick a side. Fall back to the
    842  02dd							; original static approach-side rule for this degenerate case only.
    843  02dd		       a5 80		      lda	tomXHi
    844  02df		       18		      clc
    845  02e0		       69 04		      adc	#ASTRONAUT_HALF_W
    846  02e2		       c5 91		      cmp	beaconX
    847  02e4		       90 06		      bcc	.directionChosen
    848  02e6		       f0 04		      beq	.directionChosen
    849  02e8				   .setCounterclockwise
    850  02e8		       a9 ff		      lda	#$FF
    851  02ea		       85 97		      sta	orbitDirection
    852  02ec				   .directionChosen
    853  02ec							; Compare sixteen points around the chosen ring. This preserves the
    854  02ec							; approach angle much more closely than snapping to eight sectors.
    855  02ec		       20 00 f3 	      jsr	SelectClosestOrbitAngle
    856  02ef		       20 3f f4 	      jsr	PlaceOrbitAtCurrentAngle
    857  02f2		       20 ec f4 	      jsr	CheckTerrainSoftware
    858  02f5		       90 03		      bcc	.captureReady
    859  02f7		       20 ba f0 	      jsr	RestoreSafePosition
    860  02fa				   .captureReady
    861  02fa		       a9 01		      lda	#SFX_CAPTURE
    862  02fc		       20 16 f8 	      jsr	StartSound
    863  02ff		       60		      rts
    864  0300
    865  0300				   SelectClosestOrbitAngle
    866  0300							; First select the nearest 45-degree sector using the approach vector.
    867  0300							; Only that sector and its two 22.5-degree neighbors can possibly be
    868  0300							; the closest of the sixteen entry positions.
    869  0300		       a5 80		      lda	tomXHi
    870  0302		       18		      clc
    871  0303		       69 04		      adc	#ASTRONAUT_HALF_W
    872  0305		       38		      sec
    873  0306		       e5 91		      sbc	beaconX
    874  0308		       b0 04		      bcs	.coarseAbsX
    875  030a		       49 ff		      eor	#$FF
    876  030c		       69 01		      adc	#1
    877  030e				   .coarseAbsX
    878  030e		       85 af		      sta	temp
    879  0310		       a5 82		      lda	tomYHi
    880  0312		       18		      clc
    881  0313		       69 07		      adc	#ASTRONAUT_HALF_H
    882  0315		       38		      sec
    883  0316		       e5 92		      sbc	beaconY
    884  0318		       b0 04		      bcs	.coarseAbsY
    885  031a		       49 ff		      eor	#$FF
    886  031c		       69 01		      adc	#1
    887  031e				   .coarseAbsY
    888  031e		       85 b0		      sta	temp2
    889  0320
    890  0320		       a5 af		      lda	temp
    891  0322		       4a		      lsr
    892  0323		       c5 b0		      cmp	temp2
    893  0325		       b0 32		      bcs	.coarseHorizontal
    894  0327		       a5 b0		      lda	temp2
    895  0329		       4a		      lsr
    896  032a		       c5 af		      cmp	temp
    897  032c		       b0 3c		      bcs	.coarseVertical
    898  032e
    899  032e		       a5 80		      lda	tomXHi
    900  0330		       18		      clc
    901  0331		       69 04		      adc	#ASTRONAUT_HALF_W
    902  0333		       c5 91		      cmp	beaconX
    903  0335		       90 11		      bcc	.coarseLeftDiagonal
    904  0337		       a5 82		      lda	tomYHi
    905  0339		       18		      clc
    906  033a		       69 07		      adc	#ASTRONAUT_HALF_H
    907  033c		       c5 92		      cmp	beaconY
    908  033e		       90 04		      bcc	.coarseUpperRight
    909  0340		       a9 08		      lda	#8
    910  0342		       d0 35		      bne	.coarseReady
    911  0344				   .coarseUpperRight
    912  0344		       a9 38		      lda	#56
    913  0346		       d0 31		      bne	.coarseReady
    914  0348				   .coarseLeftDiagonal
    915  0348		       a5 82		      lda	tomYHi
    916  034a		       18		      clc
    917  034b		       69 07		      adc	#ASTRONAUT_HALF_H
    918  034d		       c5 92		      cmp	beaconY
    919  034f		       90 04		      bcc	.coarseUpperLeft
    920  0351		       a9 18		      lda	#24
    921  0353		       d0 24		      bne	.coarseReady
    922  0355				   .coarseUpperLeft
    923  0355		       a9 28		      lda	#40
    924  0357		       d0 20		      bne	.coarseReady
    925  0359				   .coarseHorizontal
    926  0359		       a5 80		      lda	tomXHi
    927  035b		       18		      clc
    928  035c		       69 04		      adc	#ASTRONAUT_HALF_W
    929  035e		       c5 91		      cmp	beaconX
    930  0360		       90 04		      bcc	.coarseLeft
    931  0362		       a9 00		      lda	#0
    932  0364		       f0 13		      beq	.coarseReady
    933  0366				   .coarseLeft
    934  0366		       a9 20		      lda	#32
    935  0368		       d0 0f		      bne	.coarseReady
    936  036a				   .coarseVertical
    937  036a		       a5 82		      lda	tomYHi
    938  036c		       18		      clc
    939  036d		       69 07		      adc	#ASTRONAUT_HALF_H
    940  036f		       c5 92		      cmp	beaconY
    941  0371		       90 04		      bcc	.coarseUp
    942  0373		       a9 10		      lda	#16
    943  0375		       d0 02		      bne	.coarseReady
    944  0377				   .coarseUp
    945  0377		       a9 30		      lda	#48
    946  0379
    947  0379				   .coarseReady
    948  0379							; Search coarse-22.5, coarse, and coarse+22.5 degrees only.
    949  0379		       38		      sec
    950  037a		       e9 04		      sbc	#4
    951  037c		       29 3f		      and	#63
    952  037e		       85 af		      sta	temp
    953  0380		       a9 03		      lda	#3
    954  0382		       85 b1		      sta	delta
    955  0384		       a9 ff		      lda	#$FF
    956  0386		       85 b2		      sta	bestDistance
    957  0388				   .candidateLoop
    958  0388		       a6 af		      ldx	temp
    959  038a		       a5 95		      lda	orbitRadius
    960  038c		       f0 16		      beq	.candidateNear
    961  038e		       c9 01		      cmp	#1
    962  0390		       f0 09		      beq	.candidateMid
    963  0392		       bd 00 fd 	      lda	OrbitXFar,x
    964  0395		       bc 40 fd 	      ldy	OrbitYFar,x
    965  0398		       4c aa f3 	      jmp	.candidateReady
    966  039b				   .candidateMid
    967  039b		       bd 80 fc 	      lda	OrbitXMid,x
    968  039e		       bc c0 fc 	      ldy	OrbitYMid,x
    969  03a1		       4c aa f3 	      jmp	.candidateReady
    970  03a4				   .candidateNear
    971  03a4		       bd 00 fc 	      lda	OrbitXNear,x
    972  03a7		       bc 40 fc 	      ldy	OrbitYNear,x
    973  03aa				   .candidateReady
    974  03aa		       18		      clc
    975  03ab		       65 91		      adc	beaconX
    976  03ad		       38		      sec
    977  03ae		       e9 04		      sbc	#ASTRONAUT_HALF_W
    978  03b0		       38		      sec
    979  03b1		       e5 80		      sbc	tomXHi
    980  03b3		       b0 05		      bcs	.candidateXReady
    981  03b5		       49 ff		      eor	#$FF
    982  03b7		       18		      clc
    983  03b8		       69 01		      adc	#1
    984  03ba				   .candidateXReady
    985  03ba		       85 93		      sta	captureDistance
    986  03bc
    987  03bc		       98		      tya
    988  03bd		       18		      clc
    989  03be		       65 92		      adc	beaconY
    990  03c0		       38		      sec
    991  03c1		       e9 07		      sbc	#ASTRONAUT_HALF_H
    992  03c3		       38		      sec
    993  03c4		       e5 82		      sbc	tomYHi
    994  03c6		       b0 05		      bcs	.candidateYReady
    995  03c8		       49 ff		      eor	#$FF
    996  03ca		       18		      clc
    997  03cb		       69 01		      adc	#1
    998  03cd				   .candidateYReady
    999  03cd		       18		      clc
   1000  03ce		       65 93		      adc	captureDistance
   1001  03d0		       c5 b2		      cmp	bestDistance
   1002  03d2		       b0 06		      bcs	.nextCandidate
   1003  03d4		       85 b2		      sta	bestDistance
   1004  03d6		       a5 af		      lda	temp
   1005  03d8		       85 b3		      sta	bestBeacon
   1006  03da				   .nextCandidate
   1007  03da		       a5 af		      lda	temp
   1008  03dc		       18		      clc
   1009  03dd		       69 04		      adc	#4
   1010  03df		       29 3f		      and	#63
   1011  03e1		       85 af		      sta	temp
   1012  03e3		       c6 b1		      dec	delta
   1013  03e5		       d0 a1		      bne	.candidateLoop
   1014  03e7		       a5 b3		      lda	bestBeacon
   1015  03e9		       85 94		      sta	orbitAngle
   1016  03eb		       60		      rts
   1017  03ec
   1018  03ec				   UpdateOrbit
   1019  03ec		       a5 94		      lda	orbitAngle
   1020  03ee		       85 b3		      sta	bestBeacon	; preceding legal angle for rollback
   1021  03f0		       a5 98		      lda	orbitHalfStep
   1022  03f2		       85 b2		      sta	bestDistance	; preceding wide-tier substep for rollback
   1023  03f4
   1024  03f4							; The wide tier remains deliberately slow, but its former two-frame
   1025  03f4							; holds are replaced by calculated midpoints. Major Tom now receives
   1026  03f4							; a fresh rendered position on every 60 Hz frame.
   1027  03f4		       a5 95		      lda	orbitRadius
   1028  03f6		       c9 02		      cmp	#2
   1029  03f8		       d0 19		      bne	.advanceOrbit
   1030  03fa		       a5 98		      lda	orbitHalfStep
   1031  03fc		       d0 11		      bne	.finishWideStep
   1032  03fe		       20 80 f4 	      jsr	CalculateOrbitFarHalf
   1033  0401		       b0 10		      bcs	.advanceOrbit	; no distinct lattice point between endpoints
   1034  0403		       a9 01		      lda	#1
   1035  0405		       85 98		      sta	orbitHalfStep
   1036  0407		       a5 b0		      lda	temp2
   1037  0409		       20 67 f4 	      jsr	PlaceOrbitOffsets
   1038  040c		       4c 28 f4 	      jmp	.checkOrbitCandidate
   1039  040f				   .finishWideStep
   1040  040f		       a9 00		      lda	#0
   1041  0411		       85 98		      sta	orbitHalfStep
   1042  0413				   .advanceOrbit
   1043  0413		       a5 94		      lda	orbitAngle
   1044  0415		       a4 97		      ldy	orbitDirection
   1045  0417		       30 05		      bmi	.counterClockwise
   1046  0419		       18		      clc
   1047  041a		       65 96		      adc	orbitStep
   1048  041c		       d0 03		      bne	.angleReady
   1049  041e				   .counterClockwise
   1050  041e		       38		      sec
   1051  041f		       e5 96		      sbc	orbitStep
   1052  0421				   .angleReady
   1053  0421		       29 3f		      and	#63
   1054  0423		       85 94		      sta	orbitAngle
   1055  0425				   .placeCurrentOrbit
   1056  0425		       20 3f f4 	      jsr	PlaceOrbitAtCurrentAngle
   1057  0428				   .checkOrbitCandidate
   1058  0428		       20 ec f4 	      jsr	CheckTerrainSoftware
   1059  042b		       90 11		      bcc	.orbitReady
   1060  042d
   1061  042d							; Never render an intersecting orbit point. Return to the preceding
   1062  042d							; legal angle and reverse exactly once, independent of TIA latches.
   1063  042d		       a5 b3		      lda	bestBeacon
   1064  042f		       85 94		      sta	orbitAngle
   1065  0431		       a5 b2		      lda	bestDistance
   1066  0433		       85 98		      sta	orbitHalfStep
   1067  0435		       a5 97		      lda	orbitDirection
   1068  0437		       49 ff		      eor	#$FF
   1069  0439		       85 97		      sta	orbitDirection
   1070  043b		       20 ba f0 	      jsr	RestoreSafePosition
   1071  043e				   .orbitReady
   1072  043e		       60		      rts
   1073  043f
   1074  043f				   PlaceOrbitAtCurrentAngle
   1075  043f		       a6 94		      ldx	orbitAngle
   1076  0441		       a5 95		      lda	orbitRadius
   1077  0443		       f0 1a		      beq	.placeNear
   1078  0445		       c9 01		      cmp	#1
   1079  0447		       f0 0b		      beq	.placeMid
   1080  0449		       bd 40 fd 	      lda	OrbitYFar,x
   1081  044c		       85 af		      sta	temp
   1082  044e		       bd 00 fd 	      lda	OrbitXFar,x
   1083  0451		       4c 67 f4 	      jmp	PlaceOrbitOffsets
   1084  0454				   .placeMid
   1085  0454		       bd c0 fc 	      lda	OrbitYMid,x
   1086  0457		       85 af		      sta	temp
   1087  0459		       bd 80 fc 	      lda	OrbitXMid,x
   1088  045c		       4c 67 f4 	      jmp	PlaceOrbitOffsets
   1089  045f				   .placeNear
   1090  045f		       bd 40 fc 	      lda	OrbitYNear,x
   1091  0462		       85 af		      sta	temp
   1092  0464		       bd 00 fc 	      lda	OrbitXNear,x
   1093  0467				   PlaceOrbitOffsets
   1094  0467		       18		      clc
   1095  0468		       65 91		      adc	beaconX
   1096  046a		       38		      sec
   1097  046b		       e9 04		      sbc	#ASTRONAUT_HALF_W
   1098  046d		       85 80		      sta	tomXHi
   1099  046f		       a5 af		      lda	temp
   1100  0471		       18		      clc
   1101  0472		       65 92		      adc	beaconY
   1102  0474		       38		      sec
   1103  0475		       e9 07		      sbc	#ASTRONAUT_HALF_H
   1104  0477		       85 82		      sta	tomYHi
   1105  0479		       a9 00		      lda	#0
   1106  047b		       85 81		      sta	tomXLo
   1107  047d		       85 83		      sta	tomYLo
   1108  047f		       60		      rts
   1109  0480
   1110  0480							; Render the midpoint between two neighboring wide-ring entries. Adding 32
   1111  0480							; converts every signed -19..19 offset to an unsigned value before averaging;
   1112  0480							; subtracting 32 restores the signed result. This costs only overscan time and
   1113  0480							; avoids a second 128-entry pair of ROM tables.
   1114  0480				   CalculateOrbitFarHalf
   1115  0480		       a5 94		      lda	orbitAngle
   1116  0482		       a4 97		      ldy	orbitDirection
   1117  0484		       30 05		      bmi	.halfCounterClockwise
   1118  0486		       18		      clc
   1119  0487		       69 01		      adc	#1
   1120  0489		       d0 03		      bne	.halfAngleReady
   1121  048b				   .halfCounterClockwise
   1122  048b		       38		      sec
   1123  048c		       e9 01		      sbc	#1
   1124  048e				   .halfAngleReady
   1125  048e		       29 3f		      and	#63
   1126  0490		       85 b1		      sta	delta
   1127  0492
   1128  0492		       a6 94		      ldx	orbitAngle
   1129  0494		       bd 00 fd 	      lda	OrbitXFar,x
   1130  0497		       18		      clc
   1131  0498		       69 20		      adc	#32
   1132  049a		       85 b0		      sta	temp2
   1133  049c		       a6 b1		      ldx	delta
   1134  049e		       bd 00 fd 	      lda	OrbitXFar,x
   1135  04a1		       18		      clc
   1136  04a2		       69 20		      adc	#32
   1137  04a4		       18		      clc
   1138  04a5		       65 b0		      adc	temp2
   1139  04a7		       4a		      lsr
   1140  04a8		       38		      sec
   1141  04a9		       e9 20		      sbc	#32
   1142  04ab		       85 b0		      sta	temp2
   1143  04ad
   1144  04ad		       a6 94		      ldx	orbitAngle
   1145  04af		       bd 40 fd 	      lda	OrbitYFar,x
   1146  04b2		       18		      clc
   1147  04b3		       69 20		      adc	#32
   1148  04b5		       85 af		      sta	temp
   1149  04b7		       a6 b1		      ldx	delta
   1150  04b9		       bd 40 fd 	      lda	OrbitYFar,x
   1151  04bc		       18		      clc
   1152  04bd		       69 20		      adc	#32
   1153  04bf		       18		      clc
   1154  04c0		       65 af		      adc	temp
   1155  04c2		       4a		      lsr
   1156  04c3		       38		      sec
   1157  04c4		       e9 20		      sbc	#32
   1158  04c6		       85 af		      sta	temp
   1159  04c8
   1160  04c8							; A radius-19 circle has twelve one-clock segments with no distinct
   1161  04c8							; integer midpoint. Skip those substeps instead of repeating either
   1162  04c8							; endpoint; the resulting 116-frame revolution changes position on
   1163  04c8							; every frame while retaining the deliberately slow wide-tier feel.
   1164  04c8		       a6 94		      ldx	orbitAngle
   1165  04ca		       a5 b0		      lda	temp2
   1166  04cc		       dd 00 fd 	      cmp	OrbitXFar,x
   1167  04cf		       d0 07		      bne	.halfCheckNext
   1168  04d1		       a5 af		      lda	temp
   1169  04d3		       dd 40 fd 	      cmp	OrbitYFar,x
   1170  04d6		       f0 12		      beq	.halfCollapsed
   1171  04d8				   .halfCheckNext
   1172  04d8		       a6 b1		      ldx	delta
   1173  04da		       a5 b0		      lda	temp2
   1174  04dc		       dd 00 fd 	      cmp	OrbitXFar,x
   1175  04df		       d0 07		      bne	.halfDistinct
   1176  04e1		       a5 af		      lda	temp
   1177  04e3		       dd 40 fd 	      cmp	OrbitYFar,x
   1178  04e6		       f0 02		      beq	.halfCollapsed
   1179  04e8				   .halfDistinct
   1180  04e8		       18		      clc
   1181  04e9		       60		      rts
   1182  04ea				   .halfCollapsed
   1183  04ea		       38		      sec
   1184  04eb		       60		      rts
   1185  04ec
   1186  04ec							; Test the complete 8x14 astronaut rectangle against independently authored
   1187  04ec							; left and right terrain. Carry set means collision. The renderer and these
   1188  04ec							; two tables use the same eight-line bands.
   1189  04ec				   CheckTerrainSoftware
   1190  04ec		       a5 82		      lda	tomYHi
   1191  04ee		       c9 08		      cmp	#8
   1192  04f0		       b0 03		      bcs	.softwareTopClear
   1193  04f2		       4c 98 f5 	      jmp	.softwareHit
   1194  04f5				   .softwareTopClear
   1195  04f5		       18		      clc
   1196  04f6		       69 0d		      adc	#ASTRONAUT_LAST
   1197  04f8		       c9 a8		      cmp	#168
   1198  04fa		       90 03		      bcc	.softwareBottomClear
   1199  04fc		       4c 98 f5 	      jmp	.softwareHit
   1200  04ff				   .softwareBottomClear
   1201  04ff
   1202  04ff		       a5 82		      lda	tomYHi
   1203  0501		       4a		      lsr
   1204  0502		       4a		      lsr
   1205  0503		       4a		      lsr
   1206  0504		       85 af		      sta	temp
   1207  0506		       a5 82		      lda	tomYHi
   1208  0508		       18		      clc
   1209  0509		       69 0d		      adc	#ASTRONAUT_LAST
   1210  050b		       4a		      lsr
   1211  050c		       4a		      lsr
   1212  050d		       4a		      lsr
   1213  050e		       85 b0		      sta	temp2
   1214  0510		       a9 00		      lda	#0
   1215  0512		       85 b1		      sta	delta	; greatest left-side inset
   1216  0514		       85 93		      sta	captureDistance	; greatest right-side inset
   1217  0516		       a6 af		      ldx	temp
   1218  0518				   .insetLoop
   1219  0518		       a4 ec		      ldy	currentStage
   1220  051a		       b9 d7 f9 	      lda	StageTerrainId,y
   1221  051d		       f0 24		      beq	.stage1LeftInset
   1222  051f		       c9 01		      cmp	#TERRAIN_COBALT
   1223  0521		       f0 1a		      beq	.stage2LeftInset
   1224  0523		       c9 02		      cmp	#TERRAIN_EMERALD
   1225  0525		       f0 10		      beq	.stage3LeftInset
   1226  0527		       c9 03		      cmp	#TERRAIN_CRIMSON
   1227  0529		       f0 06		      beq	.stage4LeftInset
   1228  052b		       bd 13 fb 	      lda	Stage5LeftInsetByBand,x
   1229  052e		       4c 46 f5 	      jmp	.leftInsetReady
   1230  0531				   .stage4LeftInset
   1231  0531		       bd e7 fa 	      lda	Stage4LeftInsetByBand,x
   1232  0534		       4c 46 f5 	      jmp	.leftInsetReady
   1233  0537				   .stage3LeftInset
   1234  0537		       bd bb fa 	      lda	Stage3LeftInsetByBand,x
   1235  053a		       4c 46 f5 	      jmp	.leftInsetReady
   1236  053d				   .stage2LeftInset
   1237  053d		       bd 8f fa 	      lda	Stage2LeftInsetByBand,x
   1238  0540		       4c 46 f5 	      jmp	.leftInsetReady
   1239  0543				   .stage1LeftInset
   1240  0543		       bd 63 fa 	      lda	TerrainLeftInsetByBand,x
   1241  0546				   .leftInsetReady
   1242  0546		       c5 b1		      cmp	delta
   1243  0548		       90 02		      bcc	.nextLeftInset
   1244  054a		       85 b1		      sta	delta
   1245  054c				   .nextLeftInset
   1246  054c		       a4 ec		      ldy	currentStage
   1247  054e		       b9 d7 f9 	      lda	StageTerrainId,y
   1248  0551		       f0 24		      beq	.stage1RightInset
   1249  0553		       c9 01		      cmp	#TERRAIN_COBALT
   1250  0555		       f0 1a		      beq	.stage2RightInset
   1251  0557		       c9 02		      cmp	#TERRAIN_EMERALD
   1252  0559		       f0 10		      beq	.stage3RightInset
   1253  055b		       c9 03		      cmp	#TERRAIN_CRIMSON
   1254  055d		       f0 06		      beq	.stage4RightInset
   1255  055f		       bd 29 fb 	      lda	Stage5RightInsetByBand,x
   1256  0562		       4c 7a f5 	      jmp	.rightInsetReady
   1257  0565				   .stage4RightInset
   1258  0565		       bd fd fa 	      lda	Stage4RightInsetByBand,x
   1259  0568		       4c 7a f5 	      jmp	.rightInsetReady
   1260  056b				   .stage3RightInset
   1261  056b		       bd d1 fa 	      lda	Stage3RightInsetByBand,x
   1262  056e		       4c 7a f5 	      jmp	.rightInsetReady
   1263  0571				   .stage2RightInset
   1264  0571		       bd a5 fa 	      lda	Stage2RightInsetByBand,x
   1265  0574		       4c 7a f5 	      jmp	.rightInsetReady
   1266  0577				   .stage1RightInset
   1267  0577		       bd 79 fa 	      lda	TerrainRightInsetByBand,x
   1268  057a				   .rightInsetReady
   1269  057a		       c5 93		      cmp	captureDistance
   1270  057c		       90 02		      bcc	.nextRightInset
   1271  057e		       85 93		      sta	captureDistance
   1272  0580				   .nextRightInset
   1273  0580		       e4 b0		      cpx	temp2
   1274  0582		       f0 03		      beq	.checkSoftwareSides
   1275  0584		       e8		      inx
   1276  0585		       d0 91		      bne	.insetLoop
   1277  0587
   1278  0587				   .checkSoftwareSides
   1279  0587		       a5 80		      lda	tomXHi
   1280  0589		       c5 b1		      cmp	delta
   1281  058b		       90 0b		      bcc	.softwareHit
   1282  058d		       a9 98		      lda	#152
   1283  058f		       38		      sec
   1284  0590		       e5 93		      sbc	captureDistance
   1285  0592		       c5 80		      cmp	tomXHi
   1286  0594		       90 02		      bcc	.softwareHit
   1287  0596		       18		      clc
   1288  0597		       60		      rts
   1289  0598				   .softwareHit
   1290  0598		       38		      sec
   1291  0599		       60		      rts
   1292  059a
   1293  059a				   ReleaseOrbit
   1294  059a		       a9 00		      lda	#STATE_FREE
   1295  059c		       85 8d		      sta	gameState
   1296  059e		       a9 ff		      lda	#NO_BEACON
   1297  05a0		       85 8f		      sta	readyBeacon
   1298  05a2		       a5 94		      lda	orbitAngle
   1299  05a4		       4a		      lsr
   1300  05a5		       4a		      lsr
   1301  05a6		       29 0f		      and	#15
   1302  05a8		       aa		      tax
   1303  05a9		       a5 97		      lda	orbitDirection
   1304  05ab		       10 07		      bpl	.releaseIndexReady
   1305  05ad		       8a		      txa
   1306  05ae		       18		      clc
   1307  05af		       69 08		      adc	#8
   1308  05b1		       29 0f		      and	#15
   1309  05b3		       aa		      tax
   1310  05b4				   .releaseIndexReady
   1311  05b4		       a5 95		      lda	orbitRadius
   1312  05b6		       f0 32		      beq	.releaseNear
   1313  05b8		       c9 01		      cmp	#1
   1314  05ba		       f0 17		      beq	.releaseMid
   1315  05bc		       bd 80 fe 	      lda	ReleaseFarXHi,x
   1316  05bf		       85 84		      sta	velXHi
   1317  05c1		       bd 90 fe 	      lda	ReleaseFarXLo,x
   1318  05c4		       85 85		      sta	velXLo
   1319  05c6		       bd a0 fe 	      lda	ReleaseFarYHi,x
   1320  05c9		       85 86		      sta	velYHi
   1321  05cb		       bd b0 fe 	      lda	ReleaseFarYLo,x
   1322  05ce		       85 87		      sta	velYLo
   1323  05d0		       4c fe f5 	      jmp	.releaseReady
   1324  05d3				   .releaseMid
   1325  05d3		       bd 40 fe 	      lda	ReleaseMidXHi,x
   1326  05d6		       85 84		      sta	velXHi
   1327  05d8		       bd 50 fe 	      lda	ReleaseMidXLo,x
   1328  05db		       85 85		      sta	velXLo
   1329  05dd		       bd 60 fe 	      lda	ReleaseMidYHi,x
   1330  05e0		       85 86		      sta	velYHi
   1331  05e2		       bd 70 fe 	      lda	ReleaseMidYLo,x
   1332  05e5		       85 87		      sta	velYLo
   1333  05e7		       4c fe f5 	      jmp	.releaseReady
   1334  05ea				   .releaseNear
   1335  05ea		       bd 00 fe 	      lda	ReleaseNearXHi,x
   1336  05ed		       85 84		      sta	velXHi
   1337  05ef		       bd 10 fe 	      lda	ReleaseNearXLo,x
   1338  05f2		       85 85		      sta	velXLo
   1339  05f4		       bd 20 fe 	      lda	ReleaseNearYHi,x
   1340  05f7		       85 86		      sta	velYHi
   1341  05f9		       bd 30 fe 	      lda	ReleaseNearYLo,x
   1342  05fc		       85 87		      sta	velYLo
   1343  05fe				   .releaseReady
   1344  05fe							; Give upward releases a small 0.125-pixel/frame advantage against
   1345  05fe							; ambient gravity. Horizontal and downward release components remain
   1346  05fe							; exactly as authored in the tangent tables.
   1347  05fe		       a5 86		      lda	velYHi
   1348  0600		       10 0d		      bpl	.releaseBoostReady
   1349  0602		       38		      sec
   1350  0603		       a5 87		      lda	velYLo
   1351  0605		       e9 20		      sbc	#$20
   1352  0607		       85 87		      sta	velYLo
   1353  0609		       a5 86		      lda	velYHi
   1354  060b		       e9 00		      sbc	#0
   1355  060d		       85 86		      sta	velYHi
   1356  060f				   .releaseBoostReady
   1357  060f		       20 c2 f6 	      jsr	EnsureHorizontalMotion
   1358  0612		       a9 02		      lda	#SFX_RELEASE
   1359  0614		       20 16 f8 	      jsr	StartSound
   1360  0617		       60		      rts
   1361  0618
   1362  0618				   UpdateFreeFlight
   1363  0618		       18		      clc
   1364  0619		       a5 87		      lda	velYLo
   1365  061b		       69 04		      adc	#GRAVITY
   1366  061d		       85 87		      sta	velYLo
   1367  061f		       a5 86		      lda	velYHi
   1368  0621		       69 00		      adc	#0
   1369  0623		       85 86		      sta	velYHi
   1370  0625		       30 10		      bmi	.fallReady
   1371  0627		       d0 06		      bne	.capFall
   1372  0629		       a5 87		      lda	velYLo
   1373  062b		       c9 e0		      cmp	#MAX_FALL_LO
   1374  062d		       90 08		      bcc	.fallReady
   1375  062f				   .capFall
   1376  062f		       a9 00		      lda	#0
   1377  0631		       85 86		      sta	velYHi
   1378  0633		       a9 e0		      lda	#MAX_FALL_LO
   1379  0635		       85 87		      sta	velYLo
   1380  0637				   .fallReady
   1381  0637		       18		      clc
   1382  0638		       a5 81		      lda	tomXLo
   1383  063a		       65 85		      adc	velXLo
   1384  063c		       85 81		      sta	tomXLo
   1385  063e		       a5 80		      lda	tomXHi
   1386  0640		       65 84		      adc	velXHi
   1387  0642		       85 80		      sta	tomXHi
   1388  0644		       18		      clc
   1389  0645		       a5 83		      lda	tomYLo
   1390  0647		       65 87		      adc	velYLo
   1391  0649		       85 83		      sta	tomYLo
   1392  064b		       a5 82		      lda	tomYHi
   1393  064d		       65 86		      adc	velYHi
   1394  064f		       85 82		      sta	tomYHi
   1395  0651
   1396  0651		       a5 86		      lda	velYHi
   1397  0653		       30 16		      bmi	.checkTop
   1398  0655		       a5 82		      lda	tomYHi
   1399  0657		       c9 9b		      cmp	#BOTTOM_LIMIT+1
   1400  0659		       90 10		      bcc	.checkTop
   1401  065b		       a9 9a		      lda	#BOTTOM_LIMIT
   1402  065d		       85 82		      sta	tomYHi
   1403  065f		       a9 00		      lda	#0
   1404  0661		       85 83		      sta	tomYLo
   1405  0663		       a9 ff		      lda	#>MOON_RETURN
   1406  0665		       85 86		      sta	velYHi
   1407  0667		       a9 40		      lda	#<MOON_RETURN
   1408  0669		       85 87		      sta	velYLo
   1409  066b				   .checkTop
   1410  066b		       a5 86		      lda	velYHi
   1411  066d		       10 18		      bpl	.checkSides
   1412  066f		       a5 82		      lda	tomYHi
   1413  0671		       c9 f0		      cmp	#240
   1414  0673		       b0 04		      bcs	.hitTop
   1415  0675		       c9 08		      cmp	#TOP_LIMIT
   1416  0677		       b0 0e		      bcs	.checkSides
   1417  0679				   .hitTop
   1418  0679		       a9 08		      lda	#TOP_LIMIT
   1419  067b		       85 82		      sta	tomYHi
   1420  067d		       a9 00		      lda	#0
   1421  067f		       85 83		      sta	tomYLo
   1422  0681		       85 86		      sta	velYHi
   1423  0683		       a9 80		      lda	#$80
   1424  0685		       85 87		      sta	velYLo
   1425  0687				   .checkSides
   1426  0687		       a5 84		      lda	velXHi
   1427  0689		       30 19		      bmi	.movingLeft
   1428  068b		       a5 80		      lda	tomXHi
   1429  068d		       c9 89		      cmp	#RIGHT_LIMIT+1
   1430  068f		       90 2d		      bcc	.motionSafe
   1431  0691		       a9 88		      lda	#RIGHT_LIMIT
   1432  0693		       85 80		      sta	tomXHi
   1433  0695		       a9 00		      lda	#0
   1434  0697		       85 81		      sta	tomXLo
   1435  0699		       a9 ff		      lda	#$FF
   1436  069b		       85 84		      sta	velXHi
   1437  069d		       a9 80		      lda	#$80
   1438  069f		       85 85		      sta	velXLo
   1439  06a1		       4c be f6 	      jmp	.motionSafe
   1440  06a4				   .movingLeft
   1441  06a4		       a5 80		      lda	tomXHi
   1442  06a6		       c9 a0		      cmp	#160
   1443  06a8		       b0 04		      bcs	.hitLeft
   1444  06aa		       c9 11		      cmp	#LEFT_LIMIT+1
   1445  06ac		       b0 10		      bcs	.motionSafe
   1446  06ae				   .hitLeft
   1447  06ae		       a9 10		      lda	#LEFT_LIMIT
   1448  06b0		       85 80		      sta	tomXHi
   1449  06b2		       a9 00		      lda	#0
   1450  06b4		       85 81		      sta	tomXLo
   1451  06b6		       a9 00		      lda	#>SIDE_RETURN
   1452  06b8		       85 84		      sta	velXHi
   1453  06ba		       a9 80		      lda	#<SIDE_RETURN
   1454  06bc		       85 85		      sta	velXLo
   1455  06be				   .motionSafe
   1456  06be		       20 c2 f6 	      jsr	EnsureHorizontalMotion
   1457  06c1		       60		      rts
   1458  06c2
   1459  06c2				   EnsureHorizontalMotion
   1460  06c2		       a5 84		      lda	velXHi
   1461  06c4		       d0 1b		      bne	.moving
   1462  06c6		       a5 85		      lda	velXLo
   1463  06c8		       d0 17		      bne	.moving
   1464  06ca		       a5 80		      lda	tomXHi
   1465  06cc		       c9 50		      cmp	#80
   1466  06ce		       90 09		      bcc	.pushRight
   1467  06d0		       a9 ff		      lda	#$FF
   1468  06d2		       85 84		      sta	velXHi
   1469  06d4		       a9 80		      lda	#$80
   1470  06d6		       85 85		      sta	velXLo
   1471  06d8		       60		      rts
   1472  06d9				   .pushRight
   1473  06d9		       a9 00		      lda	#0
   1474  06db		       85 84		      sta	velXHi
   1475  06dd		       a9 80		      lda	#$80
   1476  06df		       85 85		      sta	velXLo
   1477  06e1				   .moving
   1478  06e1		       60		      rts
   1479  06e2
   1480  06e2							; Four independent mission objects. The first three are required; the high
   1481  06e2							; object is optional. Rendering masks are separate from the bitfield so the
   1482  06e2							; visible kernel can erase a collected P1 object with one three-cycle AND.
   1483  06e2				   CheckCollectibles
   1484  06e2		       a5 9a		      lda	collectMask
   1485  06e4		       29 01		      and	#1
   1486  06e6		       d0 24		      bne	.checkCollect1
   1487  06e8		       a6 ec		      ldx	currentStage
   1488  06ea		       bd 31 fa 	      lda	Collect0XByStage,x
   1489  06ed		       85 af		      sta	temp
   1490  06ef		       bd 36 fa 	      lda	Collect0YByStage,x
   1491  06f2		       85 b0		      sta	temp2
   1492  06f4		       20 a0 f7 	      jsr	CheckCollectibleOverlap
   1493  06f7		       90 13		      bcc	.checkCollect1
   1494  06f9		       a5 9a		      lda	collectMask
   1495  06fb		       09 01		      ora	#1
   1496  06fd		       85 9a		      sta	collectMask
   1497  06ff		       a9 00		      lda	#0
   1498  0701		       85 9c		      sta	collectDraw0
   1499  0703		       e6 9b		      inc	requiredCount
   1500  0705		       e6 f0		      inc	scoreTens
   1501  0707		       a9 03		      lda	#SFX_REQUIRED
   1502  0709		       20 16 f8 	      jsr	StartSound
   1503  070c
   1504  070c				   .checkCollect1
   1505  070c		       a5 9a		      lda	collectMask
   1506  070e		       29 02		      and	#2
   1507  0710		       d0 24		      bne	.checkCollect2
   1508  0712		       a6 ec		      ldx	currentStage
   1509  0714		       bd 3b fa 	      lda	Collect1XByStage,x
   1510  0717		       85 af		      sta	temp
   1511  0719		       bd 40 fa 	      lda	Collect1YByStage,x
   1512  071c		       85 b0		      sta	temp2
   1513  071e		       20 a0 f7 	      jsr	CheckCollectibleOverlap
   1514  0721		       90 13		      bcc	.checkCollect2
   1515  0723		       a5 9a		      lda	collectMask
   1516  0725		       09 02		      ora	#2
   1517  0727		       85 9a		      sta	collectMask
   1518  0729		       a9 00		      lda	#0
   1519  072b		       85 9d		      sta	collectDraw1
   1520  072d		       e6 9b		      inc	requiredCount
   1521  072f		       e6 f0		      inc	scoreTens
   1522  0731		       a9 03		      lda	#SFX_REQUIRED
   1523  0733		       20 16 f8 	      jsr	StartSound
   1524  0736
   1525  0736				   .checkCollect2
   1526  0736		       a5 9a		      lda	collectMask
   1527  0738		       29 04		      and	#4
   1528  073a		       d0 24		      bne	.checkOptional
   1529  073c		       a6 ec		      ldx	currentStage
   1530  073e		       bd 45 fa 	      lda	Collect2XByStage,x
   1531  0741		       85 af		      sta	temp
   1532  0743		       bd 4a fa 	      lda	Collect2YByStage,x
   1533  0746		       85 b0		      sta	temp2
   1534  0748		       20 a0 f7 	      jsr	CheckCollectibleOverlap
   1535  074b		       90 13		      bcc	.checkOptional
   1536  074d		       a5 9a		      lda	collectMask
   1537  074f		       09 04		      ora	#4
   1538  0751		       85 9a		      sta	collectMask
   1539  0753		       a9 00		      lda	#0
   1540  0755		       85 9e		      sta	collectDraw2
   1541  0757		       e6 9b		      inc	requiredCount
   1542  0759		       e6 f0		      inc	scoreTens
   1543  075b		       a9 03		      lda	#SFX_REQUIRED
   1544  075d		       20 16 f8 	      jsr	StartSound
   1545  0760
   1546  0760				   .checkOptional
   1547  0760		       a5 9a		      lda	collectMask
   1548  0762		       29 08		      and	#8
   1549  0764		       d0 24		      bne	.checkRequiredTotal
   1550  0766		       a6 ec		      ldx	currentStage
   1551  0768		       bd 4f fa 	      lda	OptionalXByStage,x
   1552  076b		       85 af		      sta	temp
   1553  076d		       bd 54 fa 	      lda	OptionalYByStage,x
   1554  0770		       85 b0		      sta	temp2
   1555  0772		       20 a0 f7 	      jsr	CheckCollectibleOverlap
   1556  0775		       90 13		      bcc	.checkRequiredTotal
   1557  0777		       a5 9a		      lda	collectMask
   1558  0779		       09 08		      ora	#8
   1559  077b		       85 9a		      sta	collectMask
   1560  077d		       a9 00		      lda	#0
   1561  077f		       85 9f		      sta	collectDraw3
   1562  0781		       e6 f0		      inc	scoreTens
   1563  0783		       e6 f0		      inc	scoreTens
   1564  0785		       a9 04		      lda	#SFX_OPTIONAL
   1565  0787		       20 16 f8 	      jsr	StartSound
   1566  078a
   1567  078a				   .checkRequiredTotal
   1568  078a		       a5 9b		      lda	requiredCount
   1569  078c		       29 03		      and	#3
   1570  078e		       c9 03		      cmp	#3
   1571  0790		       90 0d		      bcc	.collectiblesReady
   1572  0792		       a5 a9		      lda	objectiveDone
   1573  0794		       d0 09		      bne	.collectiblesReady
   1574  0796		       a9 01		      lda	#1
   1575  0798		       85 a9		      sta	objectiveDone
   1576  079a		       a9 05		      lda	#SFX_EXIT_READY
   1577  079c		       20 16 f8 	      jsr	StartSound
   1578  079f				   .collectiblesReady
   1579  079f		       60		      rts
   1580  07a0
   1581  07a0							; Carry set when Major Tom's complete 8x14 rectangle overlaps the selected
   1582  07a0							; collectible rectangle at temp/temp2.
   1583  07a0				   CheckCollectibleOverlap
   1584  07a0		       a5 80		      lda	tomXHi
   1585  07a2		       18		      clc
   1586  07a3		       69 08		      adc	#8
   1587  07a5		       c5 af		      cmp	temp
   1588  07a7		       90 25		      bcc	.noCollectibleOverlap
   1589  07a9		       f0 23		      beq	.noCollectibleOverlap
   1590  07ab		       a5 af		      lda	temp
   1591  07ad		       18		      clc
   1592  07ae		       69 08		      adc	#COLLECT_W
   1593  07b0		       c5 80		      cmp	tomXHi
   1594  07b2		       90 1a		      bcc	.noCollectibleOverlap
   1595  07b4		       f0 18		      beq	.noCollectibleOverlap
   1596  07b6		       a5 82		      lda	tomYHi
   1597  07b8		       18		      clc
   1598  07b9		       69 0e		      adc	#ASTRONAUT_H
   1599  07bb		       c5 b0		      cmp	temp2
   1600  07bd		       90 0f		      bcc	.noCollectibleOverlap
   1601  07bf		       f0 0d		      beq	.noCollectibleOverlap
   1602  07c1		       a5 b0		      lda	temp2
   1603  07c3		       18		      clc
   1604  07c4		       69 0e		      adc	#COLLECT_H
   1605  07c6		       c5 82		      cmp	tomYHi
   1606  07c8		       90 04		      bcc	.noCollectibleOverlap
   1607  07ca		       f0 02		      beq	.noCollectibleOverlap
   1608  07cc		       38		      sec
   1609  07cd		       60		      rts
   1610  07ce				   .noCollectibleOverlap
   1611  07ce		       18		      clc
   1612  07cf		       60		      rts
   1613  07d0
   1614  07d0				   CheckMissionContact
   1615  07d0		       a5 a9		      lda	objectiveDone
   1616  07d2		       f0 41		      beq	.missionReady
   1617  07d4
   1618  07d4							; The same complete-rectangle rule used by collectibles makes contact
   1619  07d4							; with the visible 8x15 gate deterministic in every emulator.
   1620  07d4		       a6 ec		      ldx	currentStage
   1621  07d6		       bd 59 fa 	      lda	ExitXByStage,x
   1622  07d9		       85 af		      sta	temp
   1623  07db		       bd 5e fa 	      lda	ExitYByStage,x
   1624  07de		       85 b0		      sta	temp2
   1625  07e0		       a5 80		      lda	tomXHi
   1626  07e2		       18		      clc
   1627  07e3		       69 08		      adc	#8
   1628  07e5		       c5 af		      cmp	temp
   1629  07e7		       90 2c		      bcc	.missionReady
   1630  07e9		       f0 2a		      beq	.missionReady
   1631  07eb		       a5 af		      lda	temp
   1632  07ed		       18		      clc
   1633  07ee		       69 08		      adc	#EXIT_W
   1634  07f0		       c5 80		      cmp	tomXHi
   1635  07f2		       90 21		      bcc	.missionReady
   1636  07f4		       f0 1f		      beq	.missionReady
   1637  07f6		       a5 82		      lda	tomYHi
   1638  07f8		       18		      clc
   1639  07f9		       69 0e		      adc	#ASTRONAUT_H
   1640  07fb		       c5 b0		      cmp	temp2
   1641  07fd		       90 16		      bcc	.missionReady
   1642  07ff		       f0 14		      beq	.missionReady
   1643  0801		       a5 b0		      lda	temp2
   1644  0803		       18		      clc
   1645  0804		       69 0e		      adc	#EXIT_H
   1646  0806		       c5 82		      cmp	tomYHi
   1647  0808		       90 0b		      bcc	.missionReady
   1648  080a		       f0 09		      beq	.missionReady
   1649  080c		       a9 01		      lda	#1
   1650  080e		       85 aa		      sta	stageComplete
   1651  0810		       a9 06		      lda	#SFX_STAGE_COMPLETE
   1652  0812		       20 16 f8 	      jsr	StartSound
   1653  0815				   .missionReady
   1654  0815		       60		      rts
   1655  0816
   1656  0816							; ---------------------------------------------------------------------------
   1657  0816							; Sound effects — updated once per frame after gameplay and before Bank 7's
   1658  0816							; visible kernel. No audio branch, table lookup, or register write occurs on a
   1659  0816							; displayed scanline. Starting a newer event intentionally replaces an older
   1660  0816							; one; the exit-ready cue therefore supersedes the ordinary third pickup.
   1661  0816							; ---------------------------------------------------------------------------
   1662  0816				   StartSound
   1663  0816		       aa		      tax
   1664  0817		       bd 1e f9 	      lda	SoundDuration,x
   1665  081a		       85 af		      sta	temp
   1666  081c		       8a		      txa
   1667  081d		       0a		      asl
   1668  081e		       0a		      asl
   1669  081f		       0a		      asl
   1670  0820		       0a		      asl
   1671  0821		       0a		      asl
   1672  0822		       05 af		      ora	temp
   1673  0824		       85 e8		      sta	soundState
   1674  0826		       60		      rts
   1675  0827
   1676  0827				   UpdateSound
   1677  0827		       a5 e8		      lda	soundState
   1678  0829		       29 1f		      and	#$1F
   1679  082b		       d0 0f		      bne	.soundPlaying
   1680  082d		       a9 00		      lda	#0
   1681  082f		       85 1a		      sta	AUDV1
   1682  0831		       85 e8		      sta	soundState
   1683  0833		       a5 aa		      lda	stageComplete
   1684  0835		       f0 7f		      beq	UpdateMusic
   1685  0837		       a9 00		      lda	#0
   1686  0839		       85 19		      sta	AUDV0
   1687  083b		       60		      rts
   1688  083c
   1689  083c				   .soundPlaying
   1690  083c		       a9 00		      lda	#0
   1691  083e		       85 19		      sta	AUDV0
   1692  0840		       a5 e8		      lda	soundState
   1693  0842		       38		      sec
   1694  0843		       e9 01		      sbc	#1
   1695  0845		       85 e8		      sta	soundState
   1696  0847		       29 1f		      and	#$1F
   1697  0849		       85 af		      sta	temp
   1698  084b		       a5 e8		      lda	soundState
   1699  084d		       4a		      lsr
   1700  084e		       4a		      lsr
   1701  084f		       4a		      lsr
   1702  0850		       4a		      lsr
   1703  0851		       4a		      lsr
   1704  0852		       aa		      tax
   1705  0853		       bd 25 f9 	      lda	SoundControl,x
   1706  0856		       85 16		      sta	AUDC1
   1707  0858		       e0 01		      cpx	#SFX_CAPTURE
   1708  085a		       f0 25		      beq	.captureSound
   1709  085c		       e0 02		      cpx	#SFX_RELEASE
   1710  085e		       f0 28		      beq	.releaseSound
   1711  0860		       e0 03		      cpx	#SFX_REQUIRED
   1712  0862		       f0 2b		      beq	.requiredSound
   1713  0864		       e0 04		      cpx	#SFX_OPTIONAL
   1714  0866		       f0 31		      beq	.optionalSound
   1715  0868		       e0 05		      cpx	#SFX_EXIT_READY
   1716  086a		       f0 37		      beq	.exitReadySound
   1717  086c
   1718  086c							; A quiet low-register rise and fall replaces the former loud beep.
   1719  086c							; Completion owns a dedicated volume-four envelope instead of the
   1720  086c							; general effect envelope, which deliberately reaches volume nine.
   1721  086c		       a5 af		      lda	temp
   1722  086e		       4a		      lsr
   1723  086f		       4a		      lsr
   1724  0870		       aa		      tax
   1725  0871		       bd 2c f9 	      lda	CompletionFrequency,x
   1726  0874		       85 18		      sta	AUDF1
   1727  0876		       a5 af		      lda	temp
   1728  0878		       c9 05		      cmp	#5
   1729  087a		       90 02		      bcc	.storeCompletionVolume
   1730  087c		       a9 04		      lda	#4
   1731  087e				   .storeCompletionVolume
   1732  087e		       85 1a		      sta	AUDV1
   1733  0880		       60		      rts
   1734  0881
   1735  0881				   .captureSound
   1736  0881							; A short rising lock-on tone.
   1737  0881		       a5 af		      lda	temp
   1738  0883		       18		      clc
   1739  0884		       69 03		      adc	#3
   1740  0886		       d0 21		      bne	.storeFrequency
   1741  0888
   1742  0888				   .releaseSound
   1743  0888							; A restrained descending noise sweep.
   1744  0888		       a9 12		      lda	#18
   1745  088a		       38		      sec
   1746  088b		       e5 af		      sbc	temp
   1747  088d		       d0 1a		      bne	.storeFrequency
   1748  088f
   1749  088f				   .requiredSound
   1750  088f							; Quick alternating crystalline chirp.
   1751  088f		       a5 af		      lda	temp
   1752  0891		       29 03		      and	#3
   1753  0893		       0a		      asl
   1754  0894		       18		      clc
   1755  0895		       69 05		      adc	#5
   1756  0897		       d0 10		      bne	.storeFrequency
   1757  0899
   1758  0899				   .optionalSound
   1759  0899							; Warmer, higher two-note reward for optional salvage.
   1760  0899		       a5 af		      lda	temp
   1761  089b		       29 04		      and	#4
   1762  089d		       4a		      lsr
   1763  089e		       18		      clc
   1764  089f		       69 03		      adc	#3
   1765  08a1		       d0 06		      bne	.storeFrequency
   1766  08a3
   1767  08a3				   .exitReadySound
   1768  08a3							; Longer rising confirmation that extraction is now available.
   1769  08a3		       a5 af		      lda	temp
   1770  08a5		       4a		      lsr
   1771  08a6		       18		      clc
   1772  08a7		       69 03		      adc	#3
   1773  08a9
   1774  08a9				   .storeFrequency
   1775  08a9		       85 18		      sta	AUDF1
   1776  08ab		       a5 af		      lda	temp
   1777  08ad		       c9 09		      cmp	#9
   1778  08af		       90 02		      bcc	.storeVolume
   1779  08b1		       a9 09		      lda	#9
   1780  08b3				   .storeVolume
   1781  08b3		       85 1a		      sta	AUDV1
   1782  08b5		       60		      rts
   1783  08b6
   1784  08b6							; The Chapter One score is an eight-phrase A-minor/F/C/G composition lasting
   1785  08b6							; about thirty-four seconds. Channel 0 alone performs each main note, its
   1786  08b6							; silence, the lower-octave ghost, and a longer rest in sequence. Channel 1 is
   1787  08b6							; silent during music and reserved exclusively for gameplay sound effects.
   1788  08b6				   UpdateMusic
   1789  08b6		       a5 8c		      lda	frameCounter
   1790  08b8		       d0 1b		      bne	.musicPhraseReady
   1791  08ba		       a5 ef		      lda	stageSetupPending
   1792  08bc		       30 17		      bmi	.musicPhraseReady	; first Stage 2 frame starts at phrase 0
   1793  08be		       a5 9b		      lda	requiredCount
   1794  08c0		       29 e0		      and	#$E0
   1795  08c2		       c9 e0		      cmp	#$E0
   1796  08c4		       f0 09		      beq	.wrapMusicPhrase
   1797  08c6		       a5 9b		      lda	requiredCount
   1798  08c8		       18		      clc
   1799  08c9		       69 20		      adc	#$20
   1800  08cb		       85 9b		      sta	requiredCount
   1801  08cd		       d0 06		      bne	.musicPhraseReady
   1802  08cf				   .wrapMusicPhrase
   1803  08cf		       a5 9b		      lda	requiredCount
   1804  08d1		       29 03		      and	#3
   1805  08d3		       85 9b		      sta	requiredCount
   1806  08d5
   1807  08d5				   .musicPhraseReady
   1808  08d5		       a5 9b		      lda	requiredCount
   1809  08d7		       29 e0		      and	#$E0
   1810  08d9		       4a		      lsr
   1811  08da		       4a		      lsr
   1812  08db		       85 af		      sta	temp	; phrase * 8
   1813  08dd		       a5 8c		      lda	frameCounter
   1814  08df		       4a		      lsr
   1815  08e0		       4a		      lsr
   1816  08e1		       4a		      lsr
   1817  08e2		       4a		      lsr
   1818  08e3		       4a		      lsr
   1819  08e4		       05 af		      ora	temp
   1820  08e6		       a8		      tay		; 0..63 score position
   1821  08e7
   1822  08e7		       b9 74 f9 	      lda	MusicMonoNotes,y
   1823  08ea		       c9 ff		      cmp	#MUSIC_REST
   1824  08ec		       f0 2b		      beq	.muteMusic
   1825  08ee		       85 17		      sta	AUDF0
   1826  08f0		       a9 0c		      lda	#12
   1827  08f2		       85 15		      sta	AUDC0
   1828  08f4		       98		      tya
   1829  08f5		       29 07		      and	#7
   1830  08f7		       c9 01		      cmp	#1
   1831  08f9		       f0 13		      beq	.playGhost
   1832  08fb		       c9 04		      cmp	#4
   1833  08fd		       f0 0f		      beq	.playGhost
   1834  08ff		       c9 07		      cmp	#7
   1835  0901		       f0 0b		      beq	.playGhost
   1836  0903
   1837  0903							; Principal notes use the soft volume-two swell.
   1838  0903		       a5 8c		      lda	frameCounter
   1839  0905		       29 1f		      and	#$1F
   1840  0907		       aa		      tax
   1841  0908		       bd 34 f9 	      lda	MusicLeadEnvelope,x
   1842  090b		       85 19		      sta	AUDV0
   1843  090d		       60		      rts
   1844  090e				   .playGhost
   1845  090e							; The following position answers at the lower octave and volume one.
   1846  090e		       a5 8c		      lda	frameCounter
   1847  0910		       29 1f		      and	#$1F
   1848  0912		       aa		      tax
   1849  0913		       bd 54 f9 	      lda	MusicEchoEnvelope,x
   1850  0916		       85 19		      sta	AUDV0
   1851  0918		       60		      rts
   1852  0919				   .muteMusic
   1853  0919		       a9 00		      lda	#0
   1854  091b		       85 19		      sta	AUDV0
   1855  091d		       60		      rts
   1856  091e
   1857  091e				   SoundDuration
   1858  091e		       00 0a 0a 0e*	      byte.b	0,10,10,14,18,20,31
   1859  0925				   SoundControl
   1860  0925		       00 04 08 06*	      byte.b	0,4,8,6,4,4,12
   1861  092c							; Read from index 7 down to 0: low A-minor rise, then a soft return.
   1862  092c				   CompletionFrequency
   1863  092c		       17 17 13 0f*	      byte.b	23,23,19,15,11,15,19,23
   1864  0934
   1865  0934							; Rounded two-step lead envelope with a long breath before the next position.
   1866  0934				   MusicLeadEnvelope
   1867  0934		       00 01 01 01*	      byte.b	0,1,1,1,2,2,2,2
   1868  093c		       02 02 02 02*	      byte.b	2,2,2,2,1,1,1,1
   1869  0944		       01 01 01 01*	      byte.b	1,1,1,1,0,0,0,0
   1870  094c		       00 00 00 00*	      byte.b	0,0,0,0,0,0,0,0
   1871  0954
   1872  0954							; The echo is quieter and shorter, producing distance rather than a duet.
   1873  0954				   MusicEchoEnvelope
   1874  0954		       00 00 00 01*	      byte.b	0,0,0,1,1,1,1,1
   1875  095c		       01 00 00 00*	      byte.b	1,0,0,0,0,0,0,0
   1876  0964		       00 00 00 00*	      byte.b	0,0,0,0,0,0,0,0
   1877  096c		       00 00 00 00*	      byte.b	0,0,0,0,0,0,0,0
   1878  0974
   1879  0974							; A minor, F major, C major, G major. Every pair is main then lower-octave
   1880  0974							; ghost, followed by a completely silent position before the next statement.
   1881  0974							; The second phrase of each chord changes note order without adding chromatic
   1882  0974							; pitches. No two music tones can ever overlap because this is one TIA voice.
   1883  0974				   MusicMonoNotes
   1884  0974		       0b 17 ff 09*	      byte.b	11,23,MUSIC_REST,9,19,MUSIC_REST,7,15
   1885  097c		       0b 17 ff 07*	      byte.b	11,23,MUSIC_REST,7,15,MUSIC_REST,9,19
   1886  0984		       0e 1d ff 0b*	      byte.b	14,29,MUSIC_REST,11,23,MUSIC_REST,9,19
   1887  098c		       0e 1d ff 09*	      byte.b	14,29,MUSIC_REST,9,19,MUSIC_REST,11,23
   1888  0994		       09 13 ff 07*	      byte.b	9,19,MUSIC_REST,7,15,MUSIC_REST,6,13
   1889  099c		       09 13 ff 06*	      byte.b	9,19,MUSIC_REST,6,13,MUSIC_REST,7,15
   1890  09a4		       0c 19 ff 0a*	      byte.b	12,25,MUSIC_REST,10,21,MUSIC_REST,8,17
   1891  09ac		       0c 19 ff 08*	      byte.b	12,25,MUSIC_REST,8,17,MUSIC_REST,10,21
   1892  09b4
   1893  09b4							; ---------------------------------------------------------------------------
   1894  09b4							; Production stage descriptors. Parallel arrays are intentional: the 6502 can
   1895  09b4							; select any field with one LDX/LDA abs,X pair, and later stages can reuse a
   1896  09b4							; terrain, palette, behavior, or chapter theme without duplicating that asset.
   1897  09b4							; ---------------------------------------------------------------------------
   1898  09b4				   StageSpawnX
   1899  09b4		       32 28 72 32*	      byte.b	SPAWN_X,STAGE2_SPAWN_X,STAGE3_SPAWN_X,STAGE4_SPAWN_X,STAGE5_SPAWN_X
   1900  09b9				   StageSpawnY
   1901  09b9		       10 10 12 12*	      byte.b	SPAWN_Y,STAGE2_SPAWN_Y,STAGE3_SPAWN_Y,STAGE4_SPAWN_Y,STAGE5_SPAWN_Y
   1902  09be				   StageVelocityXHi
   1903  09be		       00 00 ff 00*	      byte.b	$00,$00,$FF,$00,$FF
   1904  09c3				   StageVelocityXLo
   1905  09c3		       60 60 a0 70*	      byte.b	$60,$60,$A0,$70,$90
   1906  09c8				   StageVelocityYHi
   1907  09c8		       ff ff ff ff*	      byte.b	$FF,$FF,$FF,$FF,$FF
   1908  09cd				   StageVelocityYLo
   1909  09cd		       a0 a0 b0 90*	      byte.b	$A0,$A0,$B0,$90,$A0
   1910  09d2				   StageBeaconOffset
   1911  09d2		       00 03 06 09*	      byte.b	0,3,6,9,12
   1912  09d7				   StageTerrainId
   1913  09d7		       00 01 02 03	      byte.b	TERRAIN_AMETHYST,TERRAIN_COBALT,TERRAIN_EMERALD,TERRAIN_CRIMSON
   1914  09db		       04		      byte.b	TERRAIN_VOID_VIOLET
   1915  09dc				   StagePaletteId
   1916  09dc		       00 01 02 03	      byte.b	PALETTE_AMETHYST,PALETTE_COBALT,PALETTE_EMERALD,PALETTE_CRIMSON
   1917  09e0		       04		      byte.b	PALETTE_VOID_VIOLET
   1918  09e1				   StageBehaviorId
   1919  09e1		       00 00		      byte.b	BEHAVIOR_NORMAL_ROCK,BEHAVIOR_NORMAL_ROCK
   1920  09e3		       00 00		      byte.b	BEHAVIOR_NORMAL_ROCK,BEHAVIOR_NORMAL_ROCK
   1921  09e5		       00		      byte.b	BEHAVIOR_NORMAL_ROCK
   1922  09e6				   StageMusicId
   1923  09e6		       00 00		      byte.b	MUSIC_CHAPTER_ONE,MUSIC_CHAPTER_ONE
   1924  09e8		       00 00		      byte.b	MUSIC_CHAPTER_ONE,MUSIC_CHAPTER_ONE
   1925  09ea		       00		      byte.b	MUSIC_CHAPTER_ONE
   1926  09eb				   StageRoomBank
   1927  09eb		       07 06 05 04	      byte.b	ROOM_BANK_STAGE1,ROOM_BANK_STAGE2,ROOM_BANK_STAGE3,ROOM_BANK_STAGE4
   1928  09ef		       03		      byte.b	ROOM_BANK_STAGE5
   1929  09f0				   StageNextByStage
   1930  09f0		       01 02 03 04*	      byte.b	1,2,3,4,NO_NEXT_STAGE
   1931  09f5
   1932  09f5							; Three satellite installations per stage. Dish coordinates describe visible
   1933  09f5							; art; the corresponding Beacon tables below describe their exact centers.
   1934  09f5				   Dish0XByStage
   1935  09f5		       60 4b 51 57	      byte.b	DISH_A_LEFT,STAGE2_DISH_A_LEFT,STAGE3_DISH_A_LEFT,STAGE4_DISH_A_LEFT
   1936  09f9		       4b		      byte.b	STAGE5_DISH_A_LEFT
   1937  09fa				   Dish0YByStage
   1938  09fa		       1d 1d 1d 1d*	      byte.b	29,29,29,29,29
   1939  09ff				   Dish1XByStage
   1940  09ff		       66 69 6f 63	      byte.b	DISH_B_LEFT,STAGE2_DISH_B_LEFT,STAGE3_DISH_B_LEFT,STAGE4_DISH_B_LEFT
   1941  0a03		       69		      byte.b	STAGE5_DISH_B_LEFT
   1942  0a04				   Dish1YByStage
   1943  0a04		       4d 4d 4d 4d*	      byte.b	77,77,77,77,77
   1944  0a09				   Dish2XByStage
   1945  0a09		       60 4b 51 57	      byte.b	DISH_C_LEFT,STAGE2_DISH_C_LEFT,STAGE3_DISH_C_LEFT,STAGE4_DISH_C_LEFT
   1946  0a0d		       4b		      byte.b	STAGE5_DISH_C_LEFT
   1947  0a0e				   Dish2YByStage
   1948  0a0e		       7b 7b 7b 7b*	      byte.b	123,123,123,123,123
   1949  0a13
   1950  0a13				   BeaconXTable
   1951  0a13		       64 6a 64 	      byte.b	BEACON_AX,BEACON_BX,BEACON_CX
   1952  0a16		       4f 6d 4f 	      byte.b	STAGE2_BEACON_AX,STAGE2_BEACON_BX,STAGE2_BEACON_CX
   1953  0a19		       55 73 55 	      byte.b	STAGE3_BEACON_AX,STAGE3_BEACON_BX,STAGE3_BEACON_CX
   1954  0a1c		       5b 67 5b 	      byte.b	STAGE4_BEACON_AX,STAGE4_BEACON_BX,STAGE4_BEACON_CX
   1955  0a1f		       4f 6d 4f 	      byte.b	STAGE5_BEACON_AX,STAGE5_BEACON_BX,STAGE5_BEACON_CX
   1956  0a22				   BeaconYTable
   1957  0a22		       24 54 82 	      byte.b	BEACON_AY,BEACON_BY,BEACON_CY
   1958  0a25		       24 54 82 	      byte.b	STAGE2_BEACON_AY,STAGE2_BEACON_BY,STAGE2_BEACON_CY
   1959  0a28		       24 54 82 	      byte.b	STAGE3_BEACON_AY,STAGE3_BEACON_BY,STAGE3_BEACON_CY
   1960  0a2b		       24 54 82 	      byte.b	STAGE4_BEACON_AY,STAGE4_BEACON_BY,STAGE4_BEACON_CY
   1961  0a2e		       24 54 82 	      byte.b	STAGE5_BEACON_AY,STAGE5_BEACON_BY,STAGE5_BEACON_CY
   1962  0a31
   1963  0a31				   Collect0XByStage
   1964  0a31		       66 72 6c 72	      byte.b	COLLECT_0_LEFT,STAGE2_COLLECT_0_LEFT,STAGE3_COLLECT_0_LEFT,STAGE4_COLLECT_0_LEFT
   1965  0a35		       72		      byte.b	STAGE5_COLLECT_0_LEFT
   1966  0a36				   Collect0YByStage
   1967  0a36		       31 31 31 31*	      byte.b	COLLECT_0_TOP,COLLECT_0_TOP,COLLECT_0_TOP,COLLECT_0_TOP,COLLECT_0_TOP
   1968  0a3b				   Collect1XByStage
   1969  0a3b		       4b 4e 54 48	      byte.b	COLLECT_1_LEFT,STAGE2_COLLECT_1_LEFT,STAGE3_COLLECT_1_LEFT,STAGE4_COLLECT_1_LEFT
   1970  0a3f		       4e		      byte.b	STAGE5_COLLECT_1_LEFT
   1971  0a40				   Collect1YByStage
   1972  0a40		       61 61 61 61*	      byte.b	COLLECT_1_TOP,COLLECT_1_TOP,COLLECT_1_TOP,COLLECT_1_TOP,COLLECT_1_TOP
   1973  0a45				   Collect2XByStage
   1974  0a45		       51 66 60 6c	      byte.b	COLLECT_2_LEFT,STAGE2_COLLECT_2_LEFT,STAGE3_COLLECT_2_LEFT,STAGE4_COLLECT_2_LEFT
   1975  0a49		       66		      byte.b	STAGE5_COLLECT_2_LEFT
   1976  0a4a				   Collect2YByStage
   1977  0a4a		       91 91 91 91*	      byte.b	COLLECT_2_TOP,COLLECT_2_TOP,COLLECT_2_TOP,COLLECT_2_TOP,COLLECT_2_TOP
   1978  0a4f				   OptionalXByStage
   1979  0a4f		       82 1e 1e 1e	      byte.b	OPTIONAL_LEFT,STAGE2_OPTIONAL_LEFT,STAGE3_OPTIONAL_LEFT,STAGE4_OPTIONAL_LEFT
   1980  0a53		       1e		      byte.b	STAGE5_OPTIONAL_LEFT
   1981  0a54				   OptionalYByStage
   1982  0a54		       09 09 09 09*	      byte.b	OPTIONAL_TOP,OPTIONAL_TOP,OPTIONAL_TOP,OPTIONAL_TOP,OPTIONAL_TOP
   1983  0a59				   ExitXByStage
   1984  0a59		       4e 5a 60 54*	      byte.b	EXIT_LEFT,STAGE2_EXIT_LEFT,STAGE3_EXIT_LEFT,STAGE4_EXIT_LEFT,STAGE5_EXIT_LEFT
   1985  0a5e				   ExitYByStage
   1986  0a5e		       a1 a1 a1 a1*	      byte.b	EXIT_TOP,EXIT_TOP,EXIT_TOP,EXIT_TOP,EXIT_TOP
   1987  0a63
   1988  0a63							; Exact solid depths, in color clocks, for the independent terrain halves.
   1989  0a63				   TerrainLeftInsetByBand
   1990  0a63		       50 20 1c 18*	      byte.b	80,32,28,24,20,16,16,20,24,20,16
   1991  0a6e		       10 10 14 18*	      byte.b	16,16,20,24,20,16,20,24,28,32,80
   1992  0a79				   TerrainRightInsetByBand
   1993  0a79		       50 14 10 10*	      byte.b	80,20,16,16,16,20,24,28,24,20,16
   1994  0a84		       10 14 1c 20*	      byte.b	16,20,28,32,24,16,16,20,24,28,80
   1995  0a8f				   Stage2LeftInsetByBand
   1996  0a8f		       50 10 14 20*	      byte.b	80,16,20,32,44,48,36,24,16,20,36
   1997  0a9a		       30 28 1c 10*	      byte.b	48,40,28,16,20,28,36,44,48,40,80
   1998  0aa5				   Stage2RightInsetByBand
   1999  0aa5		       50 30 28 20*	      byte.b	80,48,40,32,24,20,16,24,36,40,36
   2000  0ab0		       1c 14 10 14*	      byte.b	28,20,16,20,28,40,48,40,32,24,80
   2001  0abb				   Stage3LeftInsetByBand
   2002  0abb		       50 18 14 10*	      byte.b	80,24,20,16,20,28,36,28,20,16,24
   2003  0ac6		       24 2c 20 18*	      byte.b	36,44,32,24,16,20,28,36,28,20,80
   2004  0ad1				   Stage3RightInsetByBand
   2005  0ad1		       50 14 1c 24*	      byte.b	80,20,28,36,44,48,36,24,20,24,32
   2006  0adc		       1c 14 10 14*	      byte.b	28,20,16,20,28,40,48,36,24,20,80
   2007  0ae7				   Stage4LeftInsetByBand
   2008  0ae7		       50 18 1c 18*	      byte.b	80,24,28,24,20,16,20,28,40,48,36
   2009  0af2		       18 10 14 1c*	      byte.b	24,16,20,28,40,48,36,28,20,16,80
   2010  0afd				   Stage4RightInsetByBand
   2011  0afd		       50 10 14 18*	      byte.b	80,16,20,24,32,40,36,36,24,16,20
   2012  0b08		       1c 28 30 24*	      byte.b	28,40,48,36,24,16,20,28,40,32,80
   2013  0b13				   Stage5LeftInsetByBand
   2014  0b13		       50 18 1c 1c*	      byte.b	80,24,28,28,20,16,24,36,48,32,20
   2015  0b1e		       10 1c 2c 24*	      byte.b	16,28,44,36,24,16,28,40,48,32,80
   2016  0b29				   Stage5RightInsetByBand
   2017  0b29		       50 14 10 18*	      byte.b	80,20,16,24,36,48,36,28,16,24,40
   2018  0b34		       2c 20 14 10*	      byte.b	44,32,20,16,28,44,36,24,16,28,80
   2019  0b3f
   2020  0b3f							; 64-position circular paths: tight radius 8, medium 13, wide 19.
   2021  0c00		       00 00 00 00*	      ALIGN	256
   2022  0c00				   OrbitXNear
   2023  0c00		       08 08 08 08*	      byte.b	8,8,8,8,7,7,6,6,6,5,5,4,3,2,2,1
   2024  0c10		       00 ff fe fe*	      byte.b	0,-1,-2,-2,-3,-4,-5,-5,-6,-6,-6,-7,-7,-8,-8,-8
   2025  0c20		       f8 f8 f8 f8*	      byte.b	-8,-8,-8,-8,-7,-7,-6,-6,-6,-5,-5,-4,-3,-2,-2,-1
   2026  0c30		       00 01 02 02*	      byte.b	0,1,2,2,3,4,5,5,6,6,6,7,7,8,8,8
   2027  0c40				   OrbitYNear
   2028  0c40		       00 01 02 02*	      byte.b	0,1,2,2,3,4,5,5,6,6,6,7,7,8,8,8
   2029  0c50		       08 08 08 08*	      byte.b	8,8,8,8,7,7,6,6,6,5,5,4,3,2,2,1
   2030  0c60		       00 ff fe fe*	      byte.b	0,-1,-2,-2,-3,-4,-5,-5,-6,-6,-6,-7,-7,-8,-8,-8
   2031  0c70		       f8 f8 f8 f8*	      byte.b	-8,-8,-8,-8,-7,-7,-6,-6,-6,-5,-5,-4,-3,-2,-2,-1
   2032  0c80				   OrbitXMid
   2033  0c80		       0d 0d 0d 0c*	      byte.b	13,13,13,12,12,11,11,10,9,8,7,6,5,4,3,1
   2034  0c90		       00 ff fd fc*	      byte.b	0,-1,-3,-4,-5,-6,-7,-8,-9,-10,-11,-11,-12,-12,-13,-13
   2035  0ca0		       f3 f3 f3 f4*	      byte.b	-13,-13,-13,-12,-12,-11,-11,-10,-9,-8,-7,-6,-5,-4,-3,-1
   2036  0cb0		       00 01 03 04*	      byte.b	0,1,3,4,5,6,7,8,9,10,11,11,12,12,13,13
   2037  0cc0				   OrbitYMid
   2038  0cc0		       00 01 03 04*	      byte.b	0,1,3,4,5,6,7,8,9,10,11,11,12,12,13,13
   2039  0cd0		       0d 0d 0d 0c*	      byte.b	13,13,13,12,12,11,11,10,9,8,7,6,5,4,3,1
   2040  0ce0		       00 ff fd fc*	      byte.b	0,-1,-3,-4,-5,-6,-7,-8,-9,-10,-11,-11,-12,-12,-13,-13
   2041  0cf0		       f3 f3 f3 f4*	      byte.b	-13,-13,-13,-12,-12,-11,-11,-10,-9,-8,-7,-6,-5,-4,-3,-1
   2042  0d00				   OrbitXFar
   2043  0d00		       13 13 13 12*	      byte.b	19,19,19,18,17,17,16,14,14,12,11,9,8,5,4,2
   2044  0d10		       00 fe fc fb*	      byte.b	0,-2,-4,-5,-8,-9,-11,-12,-14,-14,-16,-17,-17,-18,-19,-19
   2045  0d20		       ed ed ed ee*	      byte.b	-19,-19,-19,-18,-17,-17,-16,-14,-14,-12,-11,-9,-8,-5,-4,-2
   2046  0d30		       00 02 04 05*	      byte.b	0,2,4,5,8,9,11,12,14,14,16,17,17,18,19,19
   2047  0d40				   OrbitYFar
   2048  0d40		       00 02 04 05*	      byte.b	0,2,4,5,8,9,11,12,14,14,16,17,17,18,19,19
   2049  0d50		       13 13 13 12*	      byte.b	19,19,19,18,17,17,16,14,14,12,11,9,8,5,4,2
   2050  0d60		       00 fe fc fb*	      byte.b	0,-2,-4,-5,-8,-9,-11,-12,-14,-14,-16,-17,-17,-18,-19,-19
   2051  0d70		       ed ed ed ee*	      byte.b	-19,-19,-19,-18,-17,-17,-16,-14,-14,-12,-11,-9,-8,-5,-4,-2
   2052  0d80
   2053  0d80							; Sixteen equal-magnitude tangent release directions per tier.
   2054  0e00		       00 00 00 00*	      ALIGN	256
   2055  0e00				   ReleaseNearXHi
   2056  0e00		       00 ff ff fe*	      byte.b	$00,$FF,$FF,$FE,$FE,$FE,$FF,$FF,$00,$00,$00,$01,$01,$01,$00,$00
   2057  0e10				   ReleaseNearXLo
   2058  0e10		       00 80 12 ca*	      byte.b	$00,$80,$12,$CA,$B0,$CA,$12,$80,$00,$80,$EE,$36,$50,$36,$EE,$80
   2059  0e20				   ReleaseNearYHi
   2060  0e20		       01 01 01 00*	      byte.b	$01,$01,$01,$00,$00,$FF,$FE,$FE,$FE,$FE,$FE,$FF,$00,$00,$01,$01
   2061  0e30				   ReleaseNearYLo
   2062  0e30		       c0 9e 3d ab*	      byte.b	$C0,$9E,$3D,$AB,$00,$55,$C3,$62,$40,$62,$C3,$55,$00,$AB,$3D,$9E
   2063  0e40				   ReleaseMidXHi
   2064  0e40		       00 ff ff ff*	      byte.b	$00,$FF,$FF,$FF,$FE,$FF,$FF,$FF,$00,$00,$00,$00,$01,$00,$00,$00
   2065  0e50				   ReleaseMidXLo
   2066  0e50		       00 9b 45 0c*	      byte.b	$00,$9B,$45,$0C,$F8,$0C,$45,$9B,$00,$65,$BB,$F4,$08,$F4,$BB,$65
   2067  0e60				   ReleaseMidYHi
   2068  0e60		       01 01 00 00*	      byte.b	$01,$01,$00,$00,$00,$FF,$FF,$FE,$FE,$FE,$FF,$FF,$00,$00,$00,$01
   2069  0e70				   ReleaseMidYLo
   2070  0e70		       60 45 f9 87*	      byte.b	$60,$45,$F9,$87,$00,$79,$07,$BB,$A0,$BB,$07,$79,$00,$87,$F9,$45
   2071  0e80				   ReleaseFarXHi
   2072  0e80		       00 ff ff ff*	      byte.b	$00,$FF,$FF,$FF,$FF,$FF,$FF,$FF,$00,$00,$00,$00,$00,$00,$00,$00
   2073  0e90				   ReleaseFarXLo
   2074  0e90		       00 b6 78 4e*	      byte.b	$00,$B6,$78,$4E,$40,$4E,$78,$B6,$00,$4A,$88,$B2,$C0,$B2,$88,$4A
   2075  0ea0				   ReleaseFarYHi
   2076  0ea0		       01 00 00 00*	      byte.b	$01,$00,$00,$00,$00,$FF,$FF,$FF,$FF,$FF,$FF,$FF,$00,$00,$00,$00
   2077  0eb0				   ReleaseFarYLo
   2078  0eb0		       00 ed b5 62*	      byte.b	$00,$ED,$B5,$62,$00,$9E,$4B,$13,$00,$13,$4B,$9E,$00,$62,$B5,$ED
   2079  0ec0
   2080  0ec0							; Fixed cross-bank continuation. Bank 1 switches at $FFD0; execution arrives
   2081  0ec0							; here at $FFD3, performs physics, then selects bank 1 and lands on its RTS.
   2082  0fd3					      ORG	$0FD3
   2083  0fd3					      RORG	$FFD3
   2084  0fd3				   PhysicsBankEntry
   2085  0fd3		       20 06 f0 	      jsr	UpdatePhysics
   2086  0fd6		       ad fb ff 	      lda	$FFFB
   2087  0fd9
   2088  0ffa					      ORG	$0FFA
   2089  0ffa					      RORG	$FFFA
   2090  0ffa		       00 f0 00 f0*	      word.w	$F000,$F000,$F000
   2091  1000
   2092  1000							; ---------------------------------------------------------------------------
   2093  1000							; BANK 1 — approved title presentation and Chapter One completion card.
   2094  1000							; ---------------------------------------------------------------------------
   2095  2000 ????				      SEG	BANK1
   2096  1000					      ORG	$1000
   2097  1000					      RORG	$F000
   2098  1000				   Bank1Boot
   2099  1000		       ad fb ff 	      lda	$FFFB
   2100  1003		       4c 06 f0 	      jmp	$F006
   2101  1006
   2102  1006					      ORG	$1006
   2103  1006					      RORG	$F006
------- FILE thursdays-child-title-bank.inc LEVEL 2 PASS 2
      0  1006					      include	"thursdays-child-title-bank.inc"
      1  1006							; Integrated Bank 1 title. Presentation state reuses gameplay RAM only before
      2  1006							; LoadCurrentStage rebuilds a new run; the approved renderer and motion values
      3  1006							; remain identical to the standalone title checkpoint.
      4  1006		       00 04	   TITLE_GRAVITY =	4
      5  1006		       00 e0	   TITLE_MAX_FALL =	$E0
      6  1006		       00 8a	   TITLE_FLOOR_Y =	138
      7  1006
      8  1006				   TitleInit
      9  1006		       a9 20		      lda	#32
     10  1008		       85 80		      sta	tomXHi
     11  100a		       a9 00		      lda	#0
     12  100c		       85 81		      sta	tomXLo
     13  100e		       85 83		      sta	tomYLo
     14  1010		       85 84		      sta	velXHi
     15  1012		       85 8c		      sta	frameCounter
     16  1014		       85 b2		      sta	bestDistance
     17  1016		       85 b3		      sta	bestBeacon
     18  1018		       a9 80		      lda	#$80
     19  101a		       85 85		      sta	velXLo
     20  101c		       a9 78		      lda	#120
     21  101e		       85 82		      sta	tomYHi
     22  1020		       a9 ff		      lda	#$FF
     23  1022		       85 86		      sta	velYHi
     24  1024		       a9 a0		      lda	#$A0
     25  1026		       85 87		      sta	velYLo
     26  1028		       a9 01		      lda	#1
     27  102a		       85 8e		      sta	fireWasDown
     28  102c		       4c 2f f0 	      jmp	TitleFrame
     29  102f
     30  102f				   TitleFrame
     31  102f		       e6 8c		      inc	frameCounter
     32  1031		       a9 02		      lda	#2
     33  1033		       85 01		      sta	VBLANK
     34  1035		       85 00		      sta	VSYNC
     35  1037		       85 02		      sta	WSYNC
     36  1039		       85 02		      sta	WSYNC
     37  103b		       85 02		      sta	WSYNC
     38  103d		       a9 00		      lda	#0
     39  103f		       85 00		      sta	VSYNC
     40  1041		       a9 2b		      lda	#43
     41  1043		       8d 96 02 	      sta	TIM64T
     42  1046		       20 3d f1 	      jsr	TitleReadControls
     43  1049		       20 5a f1 	      jsr	TitleSelectColorPhase
     44  104c		       20 6d f1 	      jsr	TitleUpdateTom
     45  104f		       20 22 f2 	      jsr	UpdateTitleMusic
     46  1052		       a5 80		      lda	tomXHi
     47  1054		       a2 00		      ldx	#0
     48  1056		       20 0b f2 	      jsr	TitlePositionObject
     49  1059		       85 02		      sta	WSYNC
     50  105b		       85 2a		      sta	HMOVE
     51  105d				   .ti_waitVB
     52  105d		       ad 84 02 	      lda	INTIM
     53  1060		       d0 fb		      bne	.ti_waitVB
     54  1062		       85 02		      sta	WSYNC
     55  1064		       a9 00		      lda	#0
     56  1066		       85 01		      sta	VBLANK
     57  1068		       85 09		      sta	COLUBK
     58  106a		       85 0a		      sta	CTRLPF
     59  106c		       85 1b		      sta	GRP0
     60  106e		       a9 00		      lda	#0
     61  1070		       85 04		      sta	NUSIZ0
     62  1072
     63  1072		       a0 00		      ldy	#0
     64  1074				   .ti_titleRow
     65  1074		       b1 ab		      lda	(suitPtr),y
     66  1076		       85 02		      sta	WSYNC
     67  1078		       85 08		      sta	COLUPF
     68  107a		       b9 00 f3 	      lda	TitlePF0L,y
     69  107d		       85 0d		      sta	PF0
     70  107f		       b9 00 f4 	      lda	TitlePF1L,y
     71  1082		       85 0e		      sta	PF1
     72  1084		       b9 00 f5 	      lda	TitlePF2L,y
     73  1087		       85 0f		      sta	PF2
     74  1089		       ea		      nop
     75  108a		       ea		      nop
     76  108b		       ea		      nop
     77  108c		       ea		      nop
     78  108d		       ea		      nop
     79  108e		       ea		      nop
     80  108f		       b9 00 f6 	      lda	TitlePF0R,y
     81  1092		       85 0d		      sta	PF0
     82  1094		       b9 00 f7 	      lda	TitlePF1R,y
     83  1097		       85 0e		      sta	PF1
     84  1099		       b9 00 f8 	      lda	TitlePF2R,y
     85  109c		       85 0f		      sta	PF2
     86  109e		       c8		      iny
     87  109f		       c0 60		      cpy	#96
     88  10a1		       d0 d1		      bne	.ti_titleRow
     89  10a3
     90  10a3							; The lower vignette uses reflected terrain, leaving deterministic
     91  10a3							; time for the independently moving Major Tom player object.  P0 is
     92  10a3							; delayed by one scanline so its bitmap is transferred during HBLANK;
     93  10a3							; rewriting GRP0 while the beam is visible caused a vertical tear when
     94  10a3							; Tom crossed the kernel's write position near the screen center.
     95  10a3		       a9 01		      lda	#1
     96  10a5		       85 0a		      sta	CTRLPF
     97  10a7		       85 25		      sta	VDELP0
     98  10a9		       a5 82		      lda	tomYHi
     99  10ab		       38		      sec
    100  10ac		       e9 01		      sbc	#1
    101  10ae		       85 ad		      sta	renderTomY
    102  10b0		       a9 0e		      lda	#$0E
    103  10b2		       85 06		      sta	COLUP0
    104  10b4		       a9 00		      lda	#0
    105  10b6		       85 1b		      sta	GRP0
    106  10b8		       85 1c		      sta	GRP1
    107  10ba				   .ti_stageRow
    108  10ba		       a9 00		      lda	#0
    109  10bc		       85 02		      sta	WSYNC
    110  10be							; Any GRP1 write transfers the previously prepared delayed P0 value.
    111  10be							; This happens safely in horizontal blank, before visible pixels begin.
    112  10be		       85 1c		      sta	GRP1
    113  10c0		       b1 ab		      lda	(suitPtr),y
    114  10c2		       85 08		      sta	COLUPF
    115  10c4		       b9 00 f3 	      lda	TitlePF0L,y
    116  10c7		       85 0d		      sta	PF0
    117  10c9		       b9 00 f4 	      lda	TitlePF1L,y
    118  10cc		       85 0e		      sta	PF1
    119  10ce		       b9 00 f5 	      lda	TitlePF2L,y
    120  10d1		       85 0f		      sta	PF2
    121  10d3		       98		      tya
    122  10d4		       38		      sec
    123  10d5		       e5 ad		      sbc	renderTomY
    124  10d7		       c9 0e		      cmp	#14
    125  10d9		       b0 0a		      bcs	.ti_noTom
    126  10db		       4a		      lsr
    127  10dc		       aa		      tax
    128  10dd		       bd 8c f2 	      lda	TitleTom,x
    129  10e0		       85 1b		      sta	GRP0
    130  10e2		       4c e9 f0 	      jmp	.ti_stageNext
    131  10e5				   .ti_noTom
    132  10e5		       a9 00		      lda	#0
    133  10e7		       85 1b		      sta	GRP0
    134  10e9				   .ti_stageNext
    135  10e9		       c8		      iny
    136  10ea		       c0 a0		      cpy	#160
    137  10ec		       d0 cc		      bne	.ti_stageRow
    138  10ee
    139  10ee							; The footer returns to the title's proven asymmetric playfield text.
    140  10ee							; Its 3x5 glyphs retain the same vertical proportions as the headline.
    141  10ee		       a9 00		      lda	#0
    142  10f0		       85 1b		      sta	GRP0
    143  10f2		       85 1c		      sta	GRP1
    144  10f4		       85 25		      sta	VDELP0
    145  10f6		       85 0a		      sta	CTRLPF
    146  10f8				   .ti_creditRow
    147  10f8		       b1 ab		      lda	(suitPtr),y
    148  10fa		       85 02		      sta	WSYNC
    149  10fc		       85 08		      sta	COLUPF
    150  10fe		       b9 00 f3 	      lda	TitlePF0L,y
    151  1101		       85 0d		      sta	PF0
    152  1103		       b9 00 f4 	      lda	TitlePF1L,y
    153  1106		       85 0e		      sta	PF1
    154  1108		       b9 00 f5 	      lda	TitlePF2L,y
    155  110b		       85 0f		      sta	PF2
    156  110d		       ea		      nop
    157  110e		       ea		      nop
    158  110f		       ea		      nop
    159  1110		       ea		      nop
    160  1111		       ea		      nop
    161  1112		       ea		      nop
    162  1113		       b9 00 f6 	      lda	TitlePF0R,y
    163  1116		       85 0d		      sta	PF0
    164  1118		       b9 00 f7 	      lda	TitlePF1R,y
    165  111b		       85 0e		      sta	PF1
    166  111d		       b9 00 f8 	      lda	TitlePF2R,y
    167  1120		       85 0f		      sta	PF2
    168  1122		       c8		      iny
    169  1123		       c0 c0		      cpy	#192
    170  1125		       d0 d1		      bne	.ti_creditRow
    171  1127
    172  1127		       a9 02		      lda	#2
    173  1129		       85 01		      sta	VBLANK
    174  112b		       a9 00		      lda	#0
    175  112d		       85 0d		      sta	PF0
    176  112f		       85 0e		      sta	PF1
    177  1131		       85 0f		      sta	PF2
    178  1133		       a2 1e		      ldx	#30
    179  1135				   .ti_overscan
    180  1135		       85 02		      sta	WSYNC
    181  1137		       ca		      dex
    182  1138		       d0 fb		      bne	.ti_overscan
    183  113a		       4c 2f f0 	      jmp	TitleFrame
    184  113d
    185  113d				   TitleReadControls
    186  113d		       ad 82 02 	      lda	SWCHB
    187  1140		       4a		      lsr
    188  1141		       90 14		      bcc	.ti_consoleReset
    189  1143		       a5 0c		      lda	INPT4
    190  1145		       30 0b		      bmi	.ti_released
    191  1147		       a5 8e		      lda	fireWasDown
    192  1149		       d0 0b		      bne	.ti_controlDone
    193  114b		       a9 01		      lda	#1
    194  114d		       85 8e		      sta	fireWasDown
    195  114f		       4c c0 ff 	      jmp	$FFC0	; Bank 1 switch stub enters terminal Bank 2
    196  1152				   .ti_released
    197  1152		       a9 00		      lda	#0
    198  1154		       85 8e		      sta	fireWasDown
    199  1156				   .ti_controlDone
    200  1156		       60		      rts
    201  1157				   .ti_consoleReset
    202  1157		       4c e8 ff 	      jmp	$FFE8	; shared presentation reset stub
    203  115a
    204  115a				   TitleSelectColorPhase
    205  115a		       a5 8c		      lda	frameCounter
    206  115c		       4a		      lsr
    207  115d		       4a		      lsr
    208  115e		       4a		      lsr
    209  115f		       29 03		      and	#3
    210  1161		       aa		      tax
    211  1162		       bd 84 f2 	      lda	ColorLow,x
    212  1165		       85 ab		      sta	suitPtr
    213  1167		       bd 88 f2 	      lda	ColorHigh,x
    214  116a		       85 ac		      sta	suitPtr+1
    215  116c		       60		      rts
    216  116d
    217  116d				   TitleUpdateTom
    218  116d							; Same signed 8.8 free-flight integration used by production stages.
    219  116d		       18		      clc
    220  116e		       a5 87		      lda	velYLo
    221  1170		       69 04		      adc	#TITLE_GRAVITY
    222  1172		       85 87		      sta	velYLo
    223  1174		       a5 86		      lda	velYHi
    224  1176		       69 00		      adc	#0
    225  1178		       85 86		      sta	velYHi
    226  117a		       30 10		      bmi	.ti_fallReady
    227  117c		       d0 06		      bne	.ti_capFall
    228  117e		       a5 87		      lda	velYLo
    229  1180		       c9 e0		      cmp	#TITLE_MAX_FALL
    230  1182		       90 08		      bcc	.ti_fallReady
    231  1184				   .ti_capFall
    232  1184		       a9 00		      lda	#0
    233  1186		       85 86		      sta	velYHi
    234  1188		       a9 e0		      lda	#TITLE_MAX_FALL
    235  118a		       85 87		      sta	velYLo
    236  118c				   .ti_fallReady
    237  118c		       18		      clc
    238  118d		       a5 81		      lda	tomXLo
    239  118f		       65 85		      adc	velXLo
    240  1191		       85 81		      sta	tomXLo
    241  1193		       a5 80		      lda	tomXHi
    242  1195		       65 84		      adc	velXHi
    243  1197		       85 80		      sta	tomXHi
    244  1199		       18		      clc
    245  119a		       a5 83		      lda	tomYLo
    246  119c		       65 87		      adc	velYLo
    247  119e		       85 83		      sta	tomYLo
    248  11a0		       a5 82		      lda	tomYHi
    249  11a2		       65 86		      adc	velYHi
    250  11a4		       85 82		      sta	tomYHi
    251  11a6
    252  11a6		       a5 86		      lda	velYHi
    253  11a8		       30 16		      bmi	.ti_checkSides
    254  11aa		       a5 82		      lda	tomYHi
    255  11ac		       c9 8b		      cmp	#TITLE_FLOOR_Y+1
    256  11ae		       90 10		      bcc	.ti_checkSides
    257  11b0		       a9 8a		      lda	#TITLE_FLOOR_Y
    258  11b2		       85 82		      sta	tomYHi
    259  11b4		       a9 00		      lda	#0
    260  11b6		       85 83		      sta	tomYLo
    261  11b8		       a9 ff		      lda	#$FF
    262  11ba		       85 86		      sta	velYHi
    263  11bc		       a9 40		      lda	#$40
    264  11be		       85 87		      sta	velYLo
    265  11c0				   .ti_checkSides
    266  11c0							; Match the complete 8x14 astronaut rectangle to the generated rock
    267  11c0							; contour at his present height. Right limit = 160 - wall - 8.
    268  11c0		       a5 82		      lda	tomYHi
    269  11c2		       38		      sec
    270  11c3		       e9 60		      sbc	#96
    271  11c5		       aa		      tax
    272  11c6		       bd c0 fc 	      lda	TitleWallLimit,x
    273  11c9							; RESP0/HMOVE places the visible left edge one color clock inside the
    274  11c9							; logical playfield coordinate. Compensate on this side only so Tom's
    275  11c9							; suit reaches the rock with no apparent invisible one-pixel wall.
    276  11c9		       38		      sec
    277  11ca		       e9 01		      sbc	#1
    278  11cc		       85 af		      sta	temp
    279  11ce		       a9 98		      lda	#152
    280  11d0		       38		      sec
    281  11d1		       e5 af		      sbc	temp
    282  11d3		       85 b0		      sta	temp2
    283  11d5		       a5 84		      lda	velXHi
    284  11d7		       30 19		      bmi	.ti_movingLeft
    285  11d9		       a5 80		      lda	tomXHi
    286  11db		       c5 b0		      cmp	temp2
    287  11dd		       90 2b		      bcc	.ti_done
    288  11df		       f0 29		      beq	.ti_done
    289  11e1		       a5 b0		      lda	temp2
    290  11e3		       85 80		      sta	tomXHi
    291  11e5		       a9 00		      lda	#0
    292  11e7		       85 81		      sta	tomXLo
    293  11e9		       a9 ff		      lda	#$FF
    294  11eb		       85 84		      sta	velXHi
    295  11ed		       a9 80		      lda	#$80
    296  11ef		       85 85		      sta	velXLo
    297  11f1		       60		      rts
    298  11f2				   .ti_movingLeft
    299  11f2		       a5 80		      lda	tomXHi
    300  11f4		       c9 a0		      cmp	#160
    301  11f6		       b0 04		      bcs	.ti_hitLeft
    302  11f8		       c5 af		      cmp	temp
    303  11fa		       b0 0e		      bcs	.ti_done
    304  11fc				   .ti_hitLeft
    305  11fc		       a5 af		      lda	temp
    306  11fe		       85 80		      sta	tomXHi
    307  1200		       a9 00		      lda	#0
    308  1202		       85 81		      sta	tomXLo
    309  1204		       85 84		      sta	velXHi
    310  1206		       a9 80		      lda	#$80
    311  1208		       85 85		      sta	velXLo
    312  120a				   .ti_done
    313  120a		       60		      rts
    314  120b
    315  120b				   TitlePositionObject
    316  120b		       18		      clc
    317  120c		       69 31		      adc	#POSITION_BIAS
    318  120e		       38		      sec
    319  120f		       85 02		      sta	WSYNC
    320  1211				   .ti_divide15
    321  1211		       e9 0f		      sbc	#15
    322  1213		       b0 fc		      bcs	.ti_divide15
    323  1215		       95 10		      sta	RESP0,x
    324  1217		       49 ff		      eor	#$FF
    325  1219		       69 f9		      adc	#$F9
    326  121b		       0a		      asl
    327  121c		       0a		      asl
    328  121d		       0a		      asl
    329  121e		       0a		      asl
    330  121f		       95 20		      sta	HMP0,x
    331  1221		       60		      rts
    332  1222
    333  1222							; Eight 4/4 bars at 21 NTSC frames per eighth note: 85.7 BPM, effectively the
    334  1222							; requested 86 BPM. Channel 0 plays a breathing mid-register arpeggio while
    335  1222							; Channel 1 adds two quiet low supports per bar. Both voices include silence
    336  1222							; between attacks, and the divider range avoids the TIA's abrasive extremes.
    337  1222				   UpdateTitleMusic
    338  1222		       e6 b2		      inc	bestDistance
    339  1224		       a5 b2		      lda	bestDistance
    340  1226		       c9 15		      cmp	#21
    341  1228		       90 0c		      bcc	.ti_renderLead
    342  122a		       a9 00		      lda	#0
    343  122c		       85 b2		      sta	bestDistance
    344  122e		       e6 b3		      inc	bestBeacon
    345  1230		       a5 b3		      lda	bestBeacon
    346  1232		       29 3f		      and	#$3F
    347  1234		       85 b3		      sta	bestBeacon
    348  1236				   .ti_renderLead
    349  1236		       a6 b3		      ldx	bestBeacon
    350  1238		       bd 93 f2 	      lda	TitleArpeggio,x
    351  123b		       85 17		      sta	AUDF0
    352  123d		       a9 0c		      lda	#12
    353  123f		       85 15		      sta	AUDC0
    354  1241		       a5 b2		      lda	bestDistance
    355  1243		       c9 03		      cmp	#3
    356  1245		       90 0c		      bcc	.ti_leadAttack
    357  1247		       c9 0c		      cmp	#12
    358  1249		       90 0c		      bcc	.ti_leadBody
    359  124b		       c9 10		      cmp	#16
    360  124d		       90 0c		      bcc	.ti_leadRelease
    361  124f		       a9 00		      lda	#0
    362  1251		       f0 0a		      beq	.ti_storeLead
    363  1253				   .ti_leadAttack
    364  1253		       a9 01		      lda	#1
    365  1255		       d0 06		      bne	.ti_storeLead
    366  1257				   .ti_leadBody
    367  1257		       a9 02		      lda	#2
    368  1259		       d0 02		      bne	.ti_storeLead
    369  125b				   .ti_leadRelease
    370  125b		       a9 01		      lda	#1
    371  125d				   .ti_storeLead
    372  125d		       85 19		      sta	AUDV0
    373  125f
    374  125f							; A soft supporting tone sounds only on beats one and three. Its
    375  125f							; timbre is lower and quieter than the arpeggio, never a percussion
    376  125f							; substitute or a continuous drone.
    377  125f		       a6 b3		      ldx	bestBeacon
    378  1261		       8a		      txa
    379  1262		       29 03		      and	#3
    380  1264		       d0 19		      bne	.ti_muteBass
    381  1266		       8a		      txa
    382  1267		       4a		      lsr
    383  1268		       4a		      lsr
    384  1269		       4a		      lsr
    385  126a		       aa		      tax
    386  126b		       bd d3 f2 	      lda	TitleBassNotes,x
    387  126e		       85 18		      sta	AUDF1
    388  1270		       a9 06		      lda	#6
    389  1272		       85 16		      sta	AUDC1
    390  1274		       a5 b2		      lda	bestDistance
    391  1276		       c9 0a		      cmp	#10
    392  1278		       b0 05		      bcs	.ti_muteBass
    393  127a		       a9 01		      lda	#1
    394  127c		       85 1a		      sta	AUDV1
    395  127e		       60		      rts
    396  127f				   .ti_muteBass
    397  127f		       a9 00		      lda	#0
    398  1281		       85 1a		      sta	AUDV1
    399  1283		       60		      rts
    400  1284
    401  1284				   ColorLow
    402  1284		       00 00 00 00	      byte.b	<TitleColors0,<TitleColors1,<TitleColors2,<TitleColors3
    403  1288				   ColorHigh
    404  1288		       f9 fa fb fc	      byte.b	>TitleColors0,>TitleColors1,>TitleColors2,>TitleColors3
    405  128c				   TitleTom
    406  128c							; Exact approved production silhouette from thursdays-child.ti_asm.
    407  128c		       3c 7e 81 7e	      byte.b	%00111100,%01111110,%10000001,%01111110
    408  1290		       ff 7e 66 	      byte.b	%11111111,%01111110,%01100110
    409  1293
    410  1293							; A - E - D - Bm - Em - F#m - G - B. Coarse TIA tuning makes a few thirds
    411  1293							; approximate, so the voicings emphasize clean roots and fifths while still
    412  1293							; distinguishing the minor chords. All lead dividers stay between 10 and 25.
    413  1293				   TitleArpeggio
    414  1293		       17 12 0f 0b*	      byte.b	23,18,15,11,15,18,15,18	; A
    415  129b		       0f 0a 0f 0a*	      byte.b	15,10,15,10,12,10,15,10	; E
    416  12a3		       11 0d 0b 0d*	      byte.b	17,13,11,13,17,13,11,13	; D
    417  12ab		       14 11 0d 0a*	      byte.b	20,17,13,10,13,17,13,17	; Bm
    418  12b3		       0f 0c 0a 0c*	      byte.b	15,12,10,12,15,12,10,12	; Em
    419  12bb		       0d 0b 12 0b*	      byte.b	13,11,18,11,13,11,18,11	; F#m
    420  12c3		       19 14 11 0c*	      byte.b	25,20,17,12,17,20,17,20	; G
    421  12cb		       14 10 0d 0a*	      byte.b	20,16,13,10,13,16,13,16	; B
    422  12d3
    423  12d3							; One safe low-register support per chord. E and D use their fifths because
    424  12d3							; their roots would fall beyond the clean divider range in this bass timbre.
    425  12d3				   TitleBassNotes
    426  12d3		       17 15 17 15*	      byte.b	23,21,23,21,21,27,25,21
    427  12db
------- FILE thursdays-child-title-lab.inc LEVEL 3 PASS 2
      0  12db					      include	"thursdays-child-title-lab.inc"
      1  12db							; Generated title artwork; do not hand-edit.
      2  1300		       00 00 00 00*	      align	256
      3  1300				   TitlePF0L
      4  1300		       00 00 00 00*	      byte.b	$00,$00,$00,$00,$00,$00,$00,$00,$00,$00,$00,$00,$00,$00,$00,$00
      5  1310		       00 00 00 00*	      byte.b	$00,$00,$00,$00,$00,$00,$00,$00,$00,$00,$00,$00,$00,$00,$00,$00
      6  1320		       00 00 00 00*	      byte.b	$00,$00,$00,$00,$00,$00,$00,$00,$00,$00,$00,$00,$00,$00,$00,$00
      7  1330		       00 00 00 00*	      byte.b	$00,$00,$00,$00,$00,$00,$00,$00,$00,$00,$00,$00,$00,$00,$00,$00
      8  1340		       00 00 00 00*	      byte.b	$00,$00,$00,$00,$00,$00,$00,$00,$00,$00,$00,$00,$00,$00,$00,$00
      9  1350		       00 00 00 00*	      byte.b	$00,$00,$00,$00,$00,$00,$00,$00,$00,$00,$00,$00,$00,$00,$00,$00
     10  1360		       00 00 00 00*	      byte.b	$00,$00,$00,$00,$00,$00,$00,$00,$30,$30,$30,$30,$70,$70,$70,$70
     11  1370		       f0 f0 f0 f0*	      byte.b	$F0,$F0,$F0,$F0,$F0,$F0,$F0,$F0,$F0,$F0,$F0,$F0,$F0,$F0,$F0,$F0
     12  1380		       f0 f0 f0 f0*	      byte.b	$F0,$F0,$F0,$F0,$70,$70,$70,$70,$F0,$F0,$F0,$F0,$F0,$F0,$F0,$F0
     13  1390		       f0 f0 f0 f0*	      byte.b	$F0,$F0,$F0,$F0,$F0,$F0,$F0,$F0,$F0,$F0,$F0,$F0,$F0,$F0,$F0,$F0
     14  13a0		       f0 f0 f0 f0*	      byte.b	$F0,$F0,$F0,$F0,$F0,$F0,$F0,$F0,$F0,$F0,$F0,$F0,$F0,$F0,$F0,$F0
     15  13b0		       f0 f0 f0 f0*	      byte.b	$F0,$F0,$F0,$F0,$F0,$F0,$F0,$F0,$F0,$F0,$F0,$F0,$F0,$F0,$F0,$F0
     16  13c0
     17  1400		       00 00 00 00*	      align	256
     18  1400				   TitlePF1L
     19  1400		       00 00 00 00*	      byte.b	$00,$00,$00,$00,$3A,$3A,$3A,$22,$22,$22,$32,$32,$32,$22,$22,$22
     20  1410		       23 23 23 00*	      byte.b	$23,$23,$23,$00,$00,$00,$00,$00,$54,$54,$5C,$5C,$5C,$5C,$5C,$5C
     21  1420		       54 54 00 00*	      byte.b	$54,$54,$00,$00,$00,$00,$00,$00,$33,$33,$33,$2A,$2A,$2A,$33,$33
     22  1430		       33 22 22 22*	      byte.b	$33,$22,$22,$22,$23,$23,$23,$00,$00,$00,$00,$00,$00,$00,$00,$00
     23  1440		       00 00 00 00*	      byte.b	$00,$00,$00,$00,$00,$00,$00,$00,$00,$00,$00,$00,$00,$00,$00,$00
     24  1450		       00 00 00 00*	      byte.b	$00,$00,$00,$00,$00,$00,$00,$00,$00,$00,$00,$00,$00,$00,$00,$00
     25  1460		       00 00 00 00*	      byte.b	$00,$00,$00,$00,$00,$00,$00,$00,$00,$00,$00,$00,$00,$00,$00,$00
     26  1470		       00 00 00 00*	      byte.b	$00,$00,$00,$00,$80,$80,$80,$80,$C0,$C0,$C0,$C0,$80,$80,$80,$80
     27  1480		       00 00 00 00*	      byte.b	$00,$00,$00,$00,$00,$00,$00,$00,$00,$00,$00,$00,$80,$80,$80,$80
     28  1490		       c0 c0 c0 c0*	      byte.b	$C0,$C0,$C0,$C0,$E0,$E0,$E0,$E0,$FF,$FF,$FF,$FF,$FF,$FF,$FF,$FF
     29  14a0		       ff ff ff ff*	      byte.b	$FF,$FF,$FF,$FF,$FF,$FF,$FF,$FF,$FF,$FF,$FF,$FF,$FF,$FF,$FF,$FF
     30  14b0		       ff ff ff ff*	      byte.b	$FF,$FF,$FF,$FF,$FF,$FF,$FF,$FF,$FF,$FF,$FF,$FF,$FF,$FF,$FF,$FF
     31  14c0
     32  1500		       00 00 00 00*	      align	256
     33  1500				   TitlePF2L
     34  1500		       00 00 00 00*	      byte.b	$00,$00,$00,$00,$44,$44,$44,$AA,$AA,$AA,$EA,$EA,$EA,$AA,$AA,$AA
     35  1510		       a4 a4 a4 00*	      byte.b	$A4,$A4,$A4,$00,$00,$00,$00,$00,$84,$84,$8A,$8A,$8E,$8E,$8A,$8A
     36  1520		       8a 8a 00 00*	      byte.b	$8A,$8A,$00,$00,$00,$00,$00,$00,$59,$59,$59,$44,$44,$44,$44,$44
     37  1530		       44 44 44 44*	      byte.b	$44,$44,$44,$44,$D9,$D9,$D9,$00,$00,$00,$00,$00,$00,$00,$00,$00
     38  1540		       00 00 00 00*	      byte.b	$00,$00,$00,$00,$00,$00,$00,$00,$00,$00,$00,$00,$00,$00,$00,$00
     39  1550		       00 00 00 00*	      byte.b	$00,$00,$00,$00,$00,$00,$00,$00,$00,$00,$00,$00,$00,$00,$00,$00
     40  1560		       00 00 00 00*	      byte.b	$00,$00,$00,$00,$00,$00,$00,$00,$00,$00,$00,$00,$00,$00,$00,$00
     41  1570		       00 00 00 00*	      byte.b	$00,$00,$00,$00,$00,$00,$00,$00,$00,$00,$00,$00,$00,$00,$00,$00
     42  1580		       00 00 00 00*	      byte.b	$00,$00,$00,$00,$00,$00,$00,$00,$00,$00,$00,$00,$00,$00,$00,$00
     43  1590		       00 00 00 00*	      byte.b	$00,$00,$00,$00,$00,$00,$00,$00,$FF,$FF,$FF,$FF,$FF,$FF,$FF,$FF
     44  15a0		       ff ff ff ff*	      byte.b	$FF,$FF,$FF,$FF,$FF,$FF,$FF,$FF,$FF,$FF,$FF,$FF,$FF,$FF,$FF,$FF
     45  15b0		       ff ff ff ff*	      byte.b	$FF,$FF,$FF,$FF,$FF,$FF,$FF,$FF,$FF,$FF,$FF,$FF,$FF,$FF,$FF,$FF
     46  15c0
     47  1600		       00 00 00 00*	      align	256
     48  1600				   TitlePF0R
     49  1600		       00 00 00 00*	      byte.b	$00,$00,$00,$00,$E0,$E0,$E0,$40,$40,$40,$40,$40,$40,$40,$40,$40
     50  1610		       40 40 40 00*	      byte.b	$40,$40,$40,$00,$00,$00,$00,$00,$20,$20,$B0,$B0,$B0,$B0,$A0,$A0
     51  1620		       20 20 00 00*	      byte.b	$20,$20,$00,$00,$00,$00,$00,$00,$50,$50,$50,$50,$50,$50,$50,$50
     52  1630		       50 50 50 50*	      byte.b	$50,$50,$50,$50,$D0,$D0,$D0,$00,$00,$00,$00,$00,$40,$40,$40,$40
     53  1640		       40 40 c0 c0*	      byte.b	$40,$40,$C0,$C0,$C0,$C0,$C0,$C0,$40,$40,$40,$00,$00,$00,$00,$00
     54  1650		       00 00 00 00*	      byte.b	$00,$00,$00,$00,$00,$00,$00,$00,$00,$00,$00,$00,$00,$00,$00,$00
     55  1660		       00 00 00 00*	      byte.b	$00,$00,$00,$00,$00,$00,$00,$00,$00,$00,$00,$00,$00,$00,$00,$00
     56  1670		       00 00 00 00*	      byte.b	$00,$00,$00,$00,$00,$00,$00,$00,$00,$00,$00,$00,$00,$00,$00,$00
     57  1680		       00 00 00 00*	      byte.b	$00,$00,$00,$00,$00,$00,$00,$00,$00,$00,$00,$00,$00,$00,$00,$00
     58  1690		       00 00 00 00*	      byte.b	$00,$00,$00,$00,$00,$00,$00,$00,$F0,$F0,$F0,$F0,$F0,$F0,$F0,$F0
     59  16a0		       f0 f0 f0 f0*	      byte.b	$F0,$F0,$F0,$F0,$F0,$F0,$F0,$F0,$F0,$F0,$F0,$F0,$F0,$F0,$F0,$F0
     60  16b0		       f0 f0 f0 f0*	      byte.b	$F0,$F0,$F0,$F0,$F0,$F0,$F0,$F0,$F0,$F0,$F0,$F0,$F0,$F0,$F0,$F0
     61  16c0
     62  1700		       00 00 00 00*	      align	256
     63  1700				   TitlePF1R
     64  1700		       00 00 00 00*	      byte.b	$00,$00,$00,$00,$54,$54,$54,$5D,$5D,$5D,$5D,$5D,$5D,$5D,$5D,$5D
     65  1710		       54 54 54 00*	      byte.b	$54,$54,$54,$00,$00,$00,$00,$00,$8D,$8D,$50,$50,$48,$48,$44,$44
     66  1720		       98 98 00 00*	      byte.b	$98,$98,$00,$00,$00,$00,$00,$00,$49,$49,$49,$55,$55,$55,$5D,$5D
     67  1730		       5d 55 55 55*	      byte.b	$5D,$55,$55,$55,$55,$55,$55,$00,$00,$00,$00,$00,$92,$92,$92,$AA
     68  1740		       aa aa b9 b9*	      byte.b	$AA,$AA,$B9,$B9,$B9,$A9,$A9,$A9,$A9,$A9,$A9,$00,$00,$00,$00,$00
     69  1750		       00 00 00 00*	      byte.b	$00,$00,$00,$00,$00,$00,$00,$00,$00,$00,$00,$00,$00,$00,$00,$00
     70  1760		       00 00 00 00*	      byte.b	$00,$00,$00,$00,$00,$00,$00,$00,$00,$00,$00,$00,$00,$00,$00,$00
     71  1770		       00 00 00 00*	      byte.b	$00,$00,$00,$00,$00,$00,$00,$00,$00,$00,$00,$00,$00,$00,$00,$00
     72  1780		       00 00 00 00*	      byte.b	$00,$00,$00,$00,$00,$00,$00,$00,$00,$00,$00,$00,$00,$00,$00,$00
     73  1790		       00 00 00 00*	      byte.b	$00,$00,$00,$00,$00,$00,$00,$00,$FF,$FF,$FF,$FF,$FF,$FF,$FF,$FF
     74  17a0		       ff ff ff ff*	      byte.b	$FF,$FF,$FF,$FF,$FF,$FF,$FF,$FF,$FF,$FF,$FF,$FF,$FF,$FF,$FF,$FF
     75  17b0		       ff ff ff ff*	      byte.b	$FF,$FF,$FF,$FF,$FF,$FF,$FF,$FF,$FF,$FF,$FF,$FF,$FF,$FF,$FF,$FF
     76  17c0
     77  1800		       00 00 00 00*	      align	256
     78  1800				   TitlePF2R
     79  1800		       00 00 00 00*	      byte.b	$00,$00,$00,$00,$03,$03,$03,$00,$00,$00,$02,$02,$02,$02,$02,$02
     80  1810		       03 03 03 00*	      byte.b	$03,$03,$03,$00,$00,$00,$00,$00,$03,$03,$01,$01,$01,$01,$01,$01
     81  1820		       01 01 00 00*	      byte.b	$01,$01,$00,$00,$00,$00,$00,$00,$01,$01,$01,$02,$02,$02,$01,$01
     82  1830		       01 02 02 02*	      byte.b	$01,$02,$02,$02,$02,$02,$02,$00,$00,$00,$00,$00,$01,$01,$01,$01
     83  1840		       01 01 00 00*	      byte.b	$01,$01,$00,$00,$00,$00,$00,$00,$00,$00,$00,$00,$00,$00,$00,$00
     84  1850		       00 00 00 00*	      byte.b	$00,$00,$00,$00,$00,$00,$00,$00,$00,$00,$00,$00,$00,$00,$00,$00
     85  1860		       00 00 00 00*	      byte.b	$00,$00,$00,$00,$00,$00,$00,$00,$C0,$C0,$C0,$C0,$E0,$E0,$E0,$E0
     86  1870		       f0 f0 f0 f0*	      byte.b	$F0,$F0,$F0,$F0,$F8,$F8,$F8,$F8,$FC,$FC,$FC,$FC,$F8,$F8,$F8,$F8
     87  1880		       f0 f0 f0 f0*	      byte.b	$F0,$F0,$F0,$F0,$E0,$E0,$E0,$E0,$F0,$F0,$F0,$F0,$F8,$F8,$F8,$F8
     88  1890		       fc fc fc fc*	      byte.b	$FC,$FC,$FC,$FC,$FE,$FE,$FE,$FE,$FF,$FF,$FF,$FF,$FF,$FF,$FF,$FF
     89  18a0		       ff ff ff ff*	      byte.b	$FF,$FF,$FF,$FF,$FF,$FF,$FF,$FF,$FF,$FF,$FF,$FF,$FF,$FF,$FF,$FF
     90  18b0		       ff ff ff ff*	      byte.b	$FF,$FF,$FF,$FF,$FF,$FF,$FF,$FF,$FF,$FF,$FF,$FF,$FF,$FF,$FF,$FF
     91  18c0
     92  1900		       00 00 00 00*	      align	256
     93  1900				   TitleColors0
     94  1900		       0e 0e 0e 0e*	      byte.b	$0E,$0E,$0E,$0E,$94,$96,$98,$9A,$98,$96,$94,$96,$98,$9A,$98,$96
     95  1910		       94 96 98 0e*	      byte.b	$94,$96,$98,$0E,$0E,$0E,$0E,$0E,$98,$9A,$98,$96,$94,$96,$98,$9A
     96  1920		       98 96 0e 0e*	      byte.b	$98,$96,$0E,$0E,$0E,$0E,$0E,$0E,$34,$36,$38,$3A,$38,$36,$34,$36
     97  1930		       38 3a 38 36*	      byte.b	$38,$3A,$38,$36,$34,$36,$38,$0E,$0E,$0E,$0E,$0E,$44,$46,$48,$4A
     98  1940		       48 46 44 46*	      byte.b	$48,$46,$44,$46,$48,$4A,$48,$46,$44,$46,$48,$0E,$0E,$0E,$0E,$0E
     99  1950		       0e 0e 0e 0e*	      byte.b	$0E,$0E,$0E,$0E,$0E,$0E,$0E,$0E,$0E,$0E,$0E,$0E,$0E,$0E,$0E,$0E
    100  1960		       c2 c4 c6 c8*	      byte.b	$C2,$C4,$C6,$C8,$C6,$C4,$C2,$C4,$C6,$C8,$C6,$C4,$C2,$C4,$C6,$C8
    101  1970		       c6 c4 c2 c4*	      byte.b	$C6,$C4,$C2,$C4,$C6,$C8,$C6,$C4,$C2,$C4,$C6,$C8,$C6,$C4,$C2,$C4
    102  1980		       c6 c8 c6 c4*	      byte.b	$C6,$C8,$C6,$C4,$C2,$C4,$C6,$C8,$C6,$C4,$C2,$C4,$C6,$C8,$C6,$C4
    103  1990		       c2 c4 c6 c8*	      byte.b	$C2,$C4,$C6,$C8,$C6,$C4,$C2,$C4,$C6,$C8,$C6,$C4,$C2,$C4,$C6,$C8
    104  19a0		       00 00 02 02*	      byte.b	$00,$00,$02,$02,$04,$04,$06,$06,$08,$08,$0A,$0A,$0C,$0C,$0E,$0E
    105  19b0		       0c 0c 0a 0a*	      byte.b	$0C,$0C,$0A,$0A,$08,$08,$06,$06,$04,$04,$02,$02,$00,$00,$00,$00
    106  19c0
    107  1a00		       00 00 00 00*	      align	256
    108  1a00				   TitleColors1
    109  1a00		       0e 0e 0e 0e*	      byte.b	$0E,$0E,$0E,$0E,$96,$98,$9A,$98,$96,$94,$96,$98,$9A,$98,$96,$94
    110  1a10		       96 98 9a 0e*	      byte.b	$96,$98,$9A,$0E,$0E,$0E,$0E,$0E,$9A,$98,$96,$94,$96,$98,$9A,$98
    111  1a20		       96 94 0e 0e*	      byte.b	$96,$94,$0E,$0E,$0E,$0E,$0E,$0E,$36,$38,$3A,$38,$36,$34,$36,$38
    112  1a30		       3a 38 36 34*	      byte.b	$3A,$38,$36,$34,$36,$38,$3A,$0E,$0E,$0E,$0E,$0E,$46,$48,$4A,$48
    113  1a40		       46 44 46 48*	      byte.b	$46,$44,$46,$48,$4A,$48,$46,$44,$46,$48,$4A,$0E,$0E,$0E,$0E,$0E
    114  1a50		       0e 0e 0e 0e*	      byte.b	$0E,$0E,$0E,$0E,$0E,$0E,$0E,$0E,$0E,$0E,$0E,$0E,$0E,$0E,$0E,$0E
    115  1a60		       c4 c6 c8 c6*	      byte.b	$C4,$C6,$C8,$C6,$C4,$C2,$C4,$C6,$C8,$C6,$C4,$C2,$C4,$C6,$C8,$C6
    116  1a70		       c4 c2 c4 c6*	      byte.b	$C4,$C2,$C4,$C6,$C8,$C6,$C4,$C2,$C4,$C6,$C8,$C6,$C4,$C2,$C4,$C6
    117  1a80		       c8 c6 c4 c2*	      byte.b	$C8,$C6,$C4,$C2,$C4,$C6,$C8,$C6,$C4,$C2,$C4,$C6,$C8,$C6,$C4,$C2
    118  1a90		       c4 c6 c8 c6*	      byte.b	$C4,$C6,$C8,$C6,$C4,$C2,$C4,$C6,$C8,$C6,$C4,$C2,$C4,$C6,$C8,$C6
    119  1aa0		       00 00 02 02*	      byte.b	$00,$00,$02,$02,$04,$04,$06,$06,$08,$08,$0A,$0A,$0C,$0C,$0E,$0E
    120  1ab0		       0c 0c 0a 0a*	      byte.b	$0C,$0C,$0A,$0A,$08,$08,$06,$06,$04,$04,$02,$02,$00,$00,$00,$00
    121  1ac0
    122  1b00		       00 00 00 00*	      align	256
    123  1b00				   TitleColors2
    124  1b00		       0e 0e 0e 0e*	      byte.b	$0E,$0E,$0E,$0E,$98,$9A,$98,$96,$94,$96,$98,$9A,$98,$96,$94,$96
    125  1b10		       98 9a 98 0e*	      byte.b	$98,$9A,$98,$0E,$0E,$0E,$0E,$0E,$98,$96,$94,$96,$98,$9A,$98,$96
    126  1b20		       94 96 0e 0e*	      byte.b	$94,$96,$0E,$0E,$0E,$0E,$0E,$0E,$38,$3A,$38,$36,$34,$36,$38,$3A
    127  1b30		       38 36 34 36*	      byte.b	$38,$36,$34,$36,$38,$3A,$38,$0E,$0E,$0E,$0E,$0E,$48,$4A,$48,$46
    128  1b40		       44 46 48 4a*	      byte.b	$44,$46,$48,$4A,$48,$46,$44,$46,$48,$4A,$48,$0E,$0E,$0E,$0E,$0E
    129  1b50		       0e 0e 0e 0e*	      byte.b	$0E,$0E,$0E,$0E,$0E,$0E,$0E,$0E,$0E,$0E,$0E,$0E,$0E,$0E,$0E,$0E
    130  1b60		       c6 c8 c6 c4*	      byte.b	$C6,$C8,$C6,$C4,$C2,$C4,$C6,$C8,$C6,$C4,$C2,$C4,$C6,$C8,$C6,$C4
    131  1b70		       c2 c4 c6 c8*	      byte.b	$C2,$C4,$C6,$C8,$C6,$C4,$C2,$C4,$C6,$C8,$C6,$C4,$C2,$C4,$C6,$C8
    132  1b80		       c6 c4 c2 c4*	      byte.b	$C6,$C4,$C2,$C4,$C6,$C8,$C6,$C4,$C2,$C4,$C6,$C8,$C6,$C4,$C2,$C4
    133  1b90		       c6 c8 c6 c4*	      byte.b	$C6,$C8,$C6,$C4,$C2,$C4,$C6,$C8,$C6,$C4,$C2,$C4,$C6,$C8,$C6,$C4
    134  1ba0		       00 00 02 02*	      byte.b	$00,$00,$02,$02,$04,$04,$06,$06,$08,$08,$0A,$0A,$0C,$0C,$0E,$0E
    135  1bb0		       0c 0c 0a 0a*	      byte.b	$0C,$0C,$0A,$0A,$08,$08,$06,$06,$04,$04,$02,$02,$00,$00,$00,$00
    136  1bc0
    137  1c00		       00 00 00 00*	      align	256
    138  1c00				   TitleColors3
    139  1c00		       0e 0e 0e 0e*	      byte.b	$0E,$0E,$0E,$0E,$9A,$98,$96,$94,$96,$98,$9A,$98,$96,$94,$96,$98
    140  1c10		       9a 98 96 0e*	      byte.b	$9A,$98,$96,$0E,$0E,$0E,$0E,$0E,$96,$94,$96,$98,$9A,$98,$96,$94
    141  1c20		       96 98 0e 0e*	      byte.b	$96,$98,$0E,$0E,$0E,$0E,$0E,$0E,$3A,$38,$36,$34,$36,$38,$3A,$38
    142  1c30		       36 34 36 38*	      byte.b	$36,$34,$36,$38,$3A,$38,$36,$0E,$0E,$0E,$0E,$0E,$4A,$48,$46,$44
    143  1c40		       46 48 4a 48*	      byte.b	$46,$48,$4A,$48,$46,$44,$46,$48,$4A,$48,$46,$0E,$0E,$0E,$0E,$0E
    144  1c50		       0e 0e 0e 0e*	      byte.b	$0E,$0E,$0E,$0E,$0E,$0E,$0E,$0E,$0E,$0E,$0E,$0E,$0E,$0E,$0E,$0E
    145  1c60		       c8 c6 c4 c2*	      byte.b	$C8,$C6,$C4,$C2,$C4,$C6,$C8,$C6,$C4,$C2,$C4,$C6,$C8,$C6,$C4,$C2
    146  1c70		       c4 c6 c8 c6*	      byte.b	$C4,$C6,$C8,$C6,$C4,$C2,$C4,$C6,$C8,$C6,$C4,$C2,$C4,$C6,$C8,$C6
    147  1c80		       c4 c2 c4 c6*	      byte.b	$C4,$C2,$C4,$C6,$C8,$C6,$C4,$C2,$C4,$C6,$C8,$C6,$C4,$C2,$C4,$C6
    148  1c90		       c8 c6 c4 c2*	      byte.b	$C8,$C6,$C4,$C2,$C4,$C6,$C8,$C6,$C4,$C2,$C4,$C6,$C8,$C6,$C4,$C2
    149  1ca0		       00 00 02 02*	      byte.b	$00,$00,$02,$02,$04,$04,$06,$06,$08,$08,$0A,$0A,$0C,$0C,$0E,$0E
    150  1cb0		       0c 0c 0a 0a*	      byte.b	$0C,$0C,$0A,$0A,$08,$08,$06,$06,$04,$04,$02,$02,$00,$00,$00,$00
    151  1cc0
    152  1cc0				   TitleWallLimit
    153  1cc0		       0c 0c 0c 10*	      byte.b	$0C,$0C,$0C,$10,$10,$10,$10,$14,$14,$14,$14,$18,$18,$18,$18,$18,$18,$18,$18,$18,$18,$18,$18,$18,$18,$18,$18,$18,$14,$14,$14,$14,$14,$14,$14,$18,$18,$18,$18,$1C,$1C,$1C,$1C
------- FILE thursdays-child-title-bank.inc
------- FILE thursdays-child-chapter-one.asm
   2105  1ceb
   2106  1ceb							; Bank 2's credits screen selects Bank 1 at $FFB0; instruction fetch
   2107  1ceb							; continues here after the hotspot read.
   2108  1fb3					      ORG	$1FB3
   2109  1fb3					      RORG	$FFB3
   2110  1fb3				   TitleEntryLanding
   2111  1fb3		       4c 06 f0 	      jmp	TitleInit
   2112  1fb6
   2113  1fb6							; Title Fire advances to the NASA terminal in Bank 2.
   2114  1fc0					      ORG	$1FC0
   2115  1fc0					      RORG	$FFC0
   2116  1fc0				   TitleToTerminalGate
   2117  1fc0		       ad f6 ff 	      lda	$FFF6
   2118  1fc3
   2119  1fc3							; RESET from any Bank 1 presentation returns through fixed Bank 7.
   2120  1fe8					      ORG	$1FE8
   2121  1fe8					      RORG	$FFE8
   2122  1fe8				   Bank1ResetGate
   2123  1fe8		       ad fb ff 	      lda	$FFFB
   2124  1feb
   2125  1ffa					      ORG	$1FFA
   2126  1ffa					      RORG	$FFFA
   2127  1ffa		       00 f0 00 f0*	      word.w	$F000,$F000,$F000
   2128  2000
   2129  2000							; BANK 2 — power-on credits and approved three-page NASA terminal briefing.
   2130  3000 ????				      SEG	BANK2
   2131  2000					      ORG	$2000
   2132  2000					      RORG	$F000
   2133  2000				   Bank2Boot
   2134  2000		       ad fb ff 	      lda	$FFFB
   2135  2003		       4c 06 f0 	      jmp	$F006
   2136  2006
   2137  2006					      ORG	$2006
   2138  2006					      RORG	$F006
------- FILE thursdays-child-credits-bank.inc LEVEL 2 PASS 2
      0  2006					      include	"thursdays-child-credits-bank.inc"
      1  2006							; Integrated compact rendering of the approved power-on credits screen.
      2  2006				   CreditsInit
      3  2006		       a9 01		      lda	#1
      4  2008		       85 8e		      sta	fireWasDown
      5  200a		       a9 00		      lda	#0
      6  200c		       85 19		      sta	AUDV0
      7  200e		       85 1a		      sta	AUDV1
      8  2010		       4c 13 f0 	      jmp	CreditsFrame
      9  2013
     10  2013				   CreditsFrame
     11  2013		       a9 02		      lda	#2
     12  2015		       85 01		      sta	VBLANK
     13  2017		       85 00		      sta	VSYNC
     14  2019		       85 02		      sta	WSYNC
     15  201b		       85 02		      sta	WSYNC
     16  201d		       85 02		      sta	WSYNC
     17  201f		       a9 00		      lda	#0
     18  2021		       85 00		      sta	VSYNC
     19  2023		       a9 2b		      lda	#43
     20  2025		       8d 96 02 	      sta	TIM64T
     21  2028		       20 ae f0 	      jsr	CreditsReadControls
     22  202b				   .cr_waitVB
     23  202b		       ad 84 02 	      lda	INTIM
     24  202e		       d0 fb		      bne	.cr_waitVB
     25  2030		       85 02		      sta	WSYNC
     26  2032		       a9 00		      lda	#0
     27  2034		       85 01		      sta	VBLANK
     28  2036		       85 09		      sta	COLUBK
     29  2038		       85 0a		      sta	CTRLPF
     30  203a		       85 0d		      sta	PF0
     31  203c		       85 0e		      sta	PF1
     32  203e		       85 0f		      sta	PF2
     33  2040		       a9 0e		      lda	#$0E
     34  2042		       85 08		      sta	COLUPF
     35  2044
     36  2044							; Thirteen blank lines place the first approved line at Y=13.
     37  2044		       a2 0d		      ldx	#13
     38  2046				   .cr_topBlank
     39  2046		       85 02		      sta	WSYNC
     40  2048		       ca		      dex
     41  2049		       d0 fb		      bne	.cr_topBlank
     42  204b
     43  204b		       a0 00		      ldy	#0	; thirty compact logical glyph rows
     44  204d		       a9 06		      lda	#6
     45  204f		       85 95		      sta	orbitRadius	; six credit lines
     46  2051				   .cr_textLine
     47  2051		       a9 05		      lda	#5
     48  2053		       85 96		      sta	orbitStep	; five logical rows per line
     49  2055				   .cr_glyphRow
     50  2055		       a2 03		      ldx	#3	; exact approved 3x vertical scale
     51  2057				   .cr_repeatRow
     52  2057		       b9 d0 fe 	      lda	CreditsCompactPF0L,y
     53  205a		       85 02		      sta	WSYNC
     54  205c		       85 0d		      sta	PF0
     55  205e		       b9 ee fe 	      lda	CreditsCompactPF1L,y
     56  2061		       85 0e		      sta	PF1
     57  2063		       b9 0c ff 	      lda	CreditsCompactPF2L,y
     58  2066		       85 0f		      sta	PF2
     59  2068		       ea		      nop
     60  2069		       ea		      nop
     61  206a		       ea		      nop
     62  206b		       ea		      nop
     63  206c		       ea		      nop
     64  206d		       ea		      nop
     65  206e		       ea		      nop
     66  206f		       b9 2a ff 	      lda	CreditsCompactPF0R,y
     67  2072		       85 0d		      sta	PF0
     68  2074		       b9 48 ff 	      lda	CreditsCompactPF1R,y
     69  2077		       85 0e		      sta	PF1
     70  2079		       b9 66 ff 	      lda	CreditsCompactPF2R,y
     71  207c		       85 0f		      sta	PF2
     72  207e		       ca		      dex
     73  207f		       d0 d6		      bne	.cr_repeatRow
     74  2081		       c8		      iny
     75  2082		       c6 96		      dec	orbitStep
     76  2084		       d0 cf		      bne	.cr_glyphRow
     77  2086
     78  2086		       a9 00		      lda	#0
     79  2088		       85 0d		      sta	PF0
     80  208a		       85 0e		      sta	PF1
     81  208c		       85 0f		      sta	PF2
     82  208e		       a2 0c		      ldx	#12	; approved 27-line baseline spacing
     83  2090				   .cr_lineGap
     84  2090		       85 02		      sta	WSYNC
     85  2092		       ca		      dex
     86  2093		       d0 fb		      bne	.cr_lineGap
     87  2095		       c6 95		      dec	orbitRadius
     88  2097		       d0 b8		      bne	.cr_textLine
     89  2099
     90  2099							; Twelve lines above are part of the 29-line final lower margin.
     91  2099		       a2 11		      ldx	#17
     92  209b				   .cr_bottomBlank
     93  209b		       85 02		      sta	WSYNC
     94  209d		       ca		      dex
     95  209e		       d0 fb		      bne	.cr_bottomBlank
     96  20a0
     97  20a0		       a9 02		      lda	#2
     98  20a2		       85 01		      sta	VBLANK
     99  20a4		       a2 1e		      ldx	#30
    100  20a6				   .cr_overscan
    101  20a6		       85 02		      sta	WSYNC
    102  20a8		       ca		      dex
    103  20a9		       d0 fb		      bne	.cr_overscan
    104  20ab		       4c 13 f0 	      jmp	CreditsFrame
    105  20ae
    106  20ae				   CreditsReadControls
    107  20ae		       ad 82 02 	      lda	SWCHB
    108  20b1		       4a		      lsr
    109  20b2		       90 14		      bcc	.cr_consoleReset
    110  20b4		       a5 0c		      lda	INPT4
    111  20b6		       30 0b		      bmi	.cr_released
    112  20b8		       a5 8e		      lda	fireWasDown
    113  20ba		       d0 0b		      bne	.cr_done
    114  20bc		       a9 01		      lda	#1
    115  20be		       85 8e		      sta	fireWasDown
    116  20c0		       4c b0 ff 	      jmp	$FFB0	; Bank 2 switch stub enters title Bank 1
    117  20c3				   .cr_released
    118  20c3		       a9 00		      lda	#0
    119  20c5		       85 8e		      sta	fireWasDown
    120  20c7				   .cr_done
    121  20c7		       60		      rts
    122  20c8				   .cr_consoleReset
    123  20c8		       4c e8 ff 	      jmp	$FFE8
------- FILE thursdays-child-chapter-one.asm
------- FILE thursdays-child-terminal-bank.inc LEVEL 2 PASS 2
      0  20cb					      include	"thursdays-child-terminal-bank.inc"
      1  20cb							; Integrated Bank 2 form of the approved three-page NASA briefing.
      2  20cb				   TerminalInit
      3  20cb		       a9 00		      lda	#0
      4  20cd		       85 95		      sta	orbitRadius
      5  20cf		       85 8c		      sta	frameCounter
      6  20d1		       85 96		      sta	orbitStep
      7  20d3		       85 b2		      sta	bestDistance
      8  20d5		       85 b3		      sta	bestBeacon
      9  20d7		       a9 01		      lda	#1
     10  20d9		       85 8e		      sta	fireWasDown
     11  20db		       4c de f0 	      jmp	TerminalFrame
     12  20de
     13  20de				   TerminalFrame
     14  20de		       a9 02		      lda	#2
     15  20e0		       85 01		      sta	VBLANK
     16  20e2		       85 00		      sta	VSYNC
     17  20e4		       85 02		      sta	WSYNC
     18  20e6		       85 02		      sta	WSYNC
     19  20e8		       85 02		      sta	WSYNC
     20  20ea		       a9 00		      lda	#0
     21  20ec		       85 00		      sta	VSYNC
     22  20ee		       a9 2b		      lda	#43
     23  20f0		       8d 96 02 	      sta	TIM64T
     24  20f3		       20 90 f2 	      jsr	TerminalReadFire
     25  20f6		       e6 8c		      inc	frameCounter
     26  20f8		       a5 8c		      lda	frameCounter
     27  20fa		       4a		      lsr
     28  20fb		       4a		      lsr
     29  20fc		       4a		      lsr
     30  20fd		       29 0f		      and	#$0F
     31  20ff		       85 96		      sta	orbitStep
     32  2101		       a0 00		      ldy	#0
     33  2103				   .te_prepareFlow
     34  2103		       98		      tya
     35  2104		       18		      clc
     36  2105		       65 96		      adc	orbitStep
     37  2107		       29 0f		      and	#$0F
     38  2109		       aa		      tax
     39  210a		       bd c0 fe 	      lda	TerminalFlow,x
     40  210d		       99 b4 00 	      sta	hudIcon0,y
     41  2110		       c8		      iny
     42  2111		       c0 0f		      cpy	#15
     43  2113		       d0 ee		      bne	.te_prepareFlow
     44  2115		       20 b5 f2 	      jsr	TerminalUpdateMusic
     45  2118				   .te_waitVB
     46  2118		       ad 84 02 	      lda	INTIM
     47  211b		       d0 fb		      bne	.te_waitVB
     48  211d		       85 02		      sta	WSYNC
     49  211f		       a9 00		      lda	#0
     50  2121		       85 01		      sta	VBLANK
     51  2123		       85 0a		      sta	CTRLPF
     52  2125		       85 0d		      sta	PF0
     53  2127		       85 0e		      sta	PF1
     54  2129		       85 0f		      sta	PF2
     55  212b		       a2 00		      ldx	#0
     56  212d				   .te_top
     57  212d		       85 02		      sta	WSYNC
     58  212f		       bd 00 fe 	      lda	TerminalBackground,x
     59  2132		       85 09		      sta	COLUBK
     60  2134		       e8		      inx
     61  2135		       e0 10		      cpx	#16
     62  2137		       d0 f4		      bne	.te_top
     63  2139		       a9 2e		      lda	#$2E
     64  213b		       85 08		      sta	COLUPF
     65  213d		       a5 95		      lda	orbitRadius
     66  213f		       f0 07		      beq	TerminalPage0
     67  2141		       c9 01		      cmp	#1
     68  2143		       f0 39		      beq	TerminalPage1
     69  2145		       4c b4 f1 	      jmp	TerminalPage2
     70  2148
     71  2148							; Each fixed orbitRadius uses the same conservative asymmetric-playfield timing.
     72  2148				   TerminalPage0
     73  2148		       a0 00		      ldy	#0
     74  214a				   .te_page0Row
     75  214a		       85 02		      sta	WSYNC
     76  214c		       bd 00 fe 	      lda	TerminalBackground,x
     77  214f		       85 09		      sta	COLUBK
     78  2151		       b9 80 f3 	      lda	TerminalPage0PF0L,y
     79  2154		       85 0d		      sta	PF0
     80  2156		       b9 00 f4 	      lda	TerminalPage0PF1L,y
     81  2159		       85 0e		      sta	PF1
     82  215b		       b9 80 f4 	      lda	TerminalPage0PF2L,y
     83  215e		       85 0f		      sta	PF2
     84  2160		       ea		      nop
     85  2161		       ea		      nop
     86  2162		       ea		      nop
     87  2163		       ea		      nop
     88  2164		       ea		      nop
     89  2165		       ea		      nop
     90  2166		       b9 00 f5 	      lda	TerminalPage0PF0R,y
     91  2169		       85 0d		      sta	PF0
     92  216b		       b9 80 f5 	      lda	TerminalPage0PF1R,y
     93  216e		       85 0e		      sta	PF1
     94  2170		       b9 00 f6 	      lda	TerminalPage0PF2R,y
     95  2173		       85 0f		      sta	PF2
     96  2175		       e8		      inx
     97  2176		       c8		      iny
     98  2177		       c0 7e		      cpy	#126
     99  2179		       d0 cf		      bne	.te_page0Row
    100  217b		       4c e7 f1 	      jmp	TerminalTextDone
    101  217e
    102  217e				   TerminalPage1
    103  217e		       a0 00		      ldy	#0
    104  2180				   .te_page1Row
    105  2180		       85 02		      sta	WSYNC
    106  2182		       bd 00 fe 	      lda	TerminalBackground,x
    107  2185		       85 09		      sta	COLUBK
    108  2187		       b9 80 f6 	      lda	TerminalPage1PF0L,y
    109  218a		       85 0d		      sta	PF0
    110  218c		       b9 00 f7 	      lda	TerminalPage1PF1L,y
    111  218f		       85 0e		      sta	PF1
    112  2191		       b9 80 f7 	      lda	TerminalPage1PF2L,y
    113  2194		       85 0f		      sta	PF2
    114  2196		       ea		      nop
    115  2197		       ea		      nop
    116  2198		       ea		      nop
    117  2199		       ea		      nop
    118  219a		       ea		      nop
    119  219b		       ea		      nop
    120  219c		       b9 00 f8 	      lda	TerminalPage1PF0R,y
    121  219f		       85 0d		      sta	PF0
    122  21a1		       b9 80 f8 	      lda	TerminalPage1PF1R,y
    123  21a4		       85 0e		      sta	PF1
    124  21a6		       b9 00 f9 	      lda	TerminalPage1PF2R,y
    125  21a9		       85 0f		      sta	PF2
    126  21ab		       e8		      inx
    127  21ac		       c8		      iny
    128  21ad		       c0 7e		      cpy	#126
    129  21af		       d0 cf		      bne	.te_page1Row
    130  21b1		       4c e7 f1 	      jmp	TerminalTextDone
    131  21b4
    132  21b4				   TerminalPage2
    133  21b4		       a0 00		      ldy	#0
    134  21b6				   .te_page2Row
    135  21b6		       85 02		      sta	WSYNC
    136  21b8		       bd 00 fe 	      lda	TerminalBackground,x
    137  21bb		       85 09		      sta	COLUBK
    138  21bd		       b9 80 f9 	      lda	TerminalPage2PF0L,y
    139  21c0		       85 0d		      sta	PF0
    140  21c2		       b9 00 fa 	      lda	TerminalPage2PF1L,y
    141  21c5		       85 0e		      sta	PF1
    142  21c7		       b9 80 fa 	      lda	TerminalPage2PF2L,y
    143  21ca		       85 0f		      sta	PF2
    144  21cc		       ea		      nop
    145  21cd		       ea		      nop
    146  21ce		       ea		      nop
    147  21cf		       ea		      nop
    148  21d0		       ea		      nop
    149  21d1		       ea		      nop
    150  21d2		       b9 00 fb 	      lda	TerminalPage2PF0R,y
    151  21d5		       85 0d		      sta	PF0
    152  21d7		       b9 80 fb 	      lda	TerminalPage2PF1R,y
    153  21da		       85 0e		      sta	PF1
    154  21dc		       b9 00 fc 	      lda	TerminalPage2PF2R,y
    155  21df		       85 0f		      sta	PF2
    156  21e1		       e8		      inx
    157  21e2		       c8		      iny
    158  21e3		       c0 7e		      cpy	#126
    159  21e5		       d0 cf		      bne	.te_page2Row
    160  21e7
    161  21e7				   TerminalTextDone
    162  21e7		       a9 00		      lda	#0
    163  21e9		       85 0d		      sta	PF0
    164  21eb		       85 0e		      sta	PF1
    165  21ed		       85 0f		      sta	PF2
    166  21ef				   .te_middle
    167  21ef		       85 02		      sta	WSYNC
    168  21f1		       bd 00 fe 	      lda	TerminalBackground,x
    169  21f4		       85 09		      sta	COLUBK
    170  21f6		       e8		      inx
    171  21f7		       e0 aa		      cpx	#170
    172  21f9		       d0 f4		      bne	.te_middle
    173  21fb		       a9 0e		      lda	#$0E
    174  21fd		       85 08		      sta	COLUPF
    175  21ff		       a5 95		      lda	orbitRadius
    176  2201		       c9 02		      cmp	#2
    177  2203		       f0 35		      beq	TerminalFirePrompt
    178  2205
    179  2205				   TerminalMorePrompt
    180  2205		       a0 00		      ldy	#0
    181  2207				   .te_moreRow
    182  2207		       b9 b4 00 	      lda	hudIcon0,y
    183  220a		       85 02		      sta	WSYNC
    184  220c		       85 09		      sta	COLUBK
    185  220e		       b9 80 fc 	      lda	TerminalMorePF0L,y
    186  2211		       85 0d		      sta	PF0
    187  2213		       b9 90 fc 	      lda	TerminalMorePF1L,y
    188  2216		       85 0e		      sta	PF1
    189  2218		       b9 a0 fc 	      lda	TerminalMorePF2L,y
    190  221b		       85 0f		      sta	PF2
    191  221d		       ea		      nop
    192  221e		       ea		      nop
    193  221f		       ea		      nop
    194  2220		       ea		      nop
    195  2221		       ea		      nop
    196  2222		       ea		      nop
    197  2223		       b9 b0 fc 	      lda	TerminalMorePF0R,y
    198  2226		       85 0d		      sta	PF0
    199  2228		       b9 c0 fc 	      lda	TerminalMorePF1R,y
    200  222b		       85 0e		      sta	PF1
    201  222d		       b9 d0 fc 	      lda	TerminalMorePF2R,y
    202  2230		       85 0f		      sta	PF2
    203  2232		       c8		      iny
    204  2233		       c0 0f		      cpy	#15
    205  2235		       d0 d0		      bne	.te_moreRow
    206  2237		       4c 6c f2 	      jmp	TerminalPromptDone
    207  223a
    208  223a				   TerminalFirePrompt
    209  223a		       a0 00		      ldy	#0
    210  223c				   .te_fireRow
    211  223c		       b9 b4 00 	      lda	hudIcon0,y
    212  223f		       85 02		      sta	WSYNC
    213  2241		       85 09		      sta	COLUBK
    214  2243		       b9 e0 fc 	      lda	TerminalFirePF0L,y
    215  2246		       85 0d		      sta	PF0
    216  2248		       b9 f0 fc 	      lda	TerminalFirePF1L,y
    217  224b		       85 0e		      sta	PF1
    218  224d		       b9 00 fd 	      lda	TerminalFirePF2L,y
    219  2250		       85 0f		      sta	PF2
    220  2252		       ea		      nop
    221  2253		       ea		      nop
    222  2254		       ea		      nop
    223  2255		       ea		      nop
    224  2256		       ea		      nop
    225  2257		       ea		      nop
    226  2258		       b9 10 fd 	      lda	TerminalFirePF0R,y
    227  225b		       85 0d		      sta	PF0
    228  225d		       b9 20 fd 	      lda	TerminalFirePF1R,y
    229  2260		       85 0e		      sta	PF1
    230  2262		       b9 30 fd 	      lda	TerminalFirePF2R,y
    231  2265		       85 0f		      sta	PF2
    232  2267		       c8		      iny
    233  2268		       c0 0f		      cpy	#15
    234  226a		       d0 d0		      bne	.te_fireRow
    235  226c
    236  226c				   TerminalPromptDone
    237  226c		       a9 00		      lda	#0
    238  226e		       85 0d		      sta	PF0
    239  2270		       85 0e		      sta	PF1
    240  2272		       85 0f		      sta	PF2
    241  2274		       a2 b9		      ldx	#185
    242  2276				   .te_bottom
    243  2276		       85 02		      sta	WSYNC
    244  2278		       bd 00 fe 	      lda	TerminalBackground,x
    245  227b		       85 09		      sta	COLUBK
    246  227d		       e8		      inx
    247  227e		       e0 c0		      cpx	#192
    248  2280		       d0 f4		      bne	.te_bottom
    249  2282		       a9 02		      lda	#2
    250  2284		       85 01		      sta	VBLANK
    251  2286		       a2 1e		      ldx	#30
    252  2288				   .te_overscan
    253  2288		       85 02		      sta	WSYNC
    254  228a		       ca		      dex
    255  228b		       d0 fb		      bne	.te_overscan
    256  228d		       4c de f0 	      jmp	TerminalFrame
    257  2290
    258  2290				   TerminalReadFire
    259  2290		       ad 82 02 	      lda	SWCHB
    260  2293		       4a		      lsr
    261  2294		       90 1c		      bcc	.te_consoleReset
    262  2296		       a5 0c		      lda	INPT4
    263  2298		       30 13		      bmi	.te_released
    264  229a		       a5 8e		      lda	fireWasDown
    265  229c		       d0 13		      bne	.te_done
    266  229e		       a9 01		      lda	#1
    267  22a0		       85 8e		      sta	fireWasDown
    268  22a2		       e6 95		      inc	orbitRadius
    269  22a4		       a5 95		      lda	orbitRadius
    270  22a6		       c9 03		      cmp	#3
    271  22a8		       90 07		      bcc	.te_done
    272  22aa		       4c e0 ff 	      jmp	$FFE0	; Bank 2 switch stub enters gameplay Bank 7
    273  22ad				   .te_released
    274  22ad		       a9 00		      lda	#0
    275  22af		       85 8e		      sta	fireWasDown
    276  22b1				   .te_done
    277  22b1		       60		      rts
    278  22b2				   .te_consoleReset
    279  22b2		       4c e8 ff 	      jmp	$FFE8	; shared presentation reset stub
    280  22b5
    281  22b5							; Original two-voice terminal cue. Fifteen NTSC frames per eighth note gives
    282  22b5							; 120 BPM. Both voices breathe for three frames between notes, avoiding the
    283  22b5							; harsh continuous buzz that plagued the earliest gameplay-audio experiment.
    284  22b5				   TerminalUpdateMusic
    285  22b5		       e6 b2		      inc	bestDistance
    286  22b7		       a5 b2		      lda	bestDistance
    287  22b9		       c9 0f		      cmp	#15
    288  22bb		       90 0c		      bcc	.te_stepReady
    289  22bd		       a9 00		      lda	#0
    290  22bf		       85 b2		      sta	bestDistance
    291  22c1		       e6 b3		      inc	bestBeacon
    292  22c3		       a5 b3		      lda	bestBeacon
    293  22c5		       29 0f		      and	#$0F
    294  22c7		       85 b3		      sta	bestBeacon
    295  22c9				   .te_stepReady
    296  22c9		       a6 b3		      ldx	bestBeacon
    297  22cb		       bd 00 f3 	      lda	TerminalLeadNotes,x
    298  22ce		       85 17		      sta	AUDF0
    299  22d0		       bd 10 f3 	      lda	TerminalBassNotes,x
    300  22d3		       85 18		      sta	AUDF1
    301  22d5		       a9 0c		      lda	#12
    302  22d7		       85 15		      sta	AUDC0
    303  22d9		       a9 06		      lda	#6
    304  22db		       85 16		      sta	AUDC1
    305  22dd		       a5 b2		      lda	bestDistance
    306  22df		       c9 0c		      cmp	#12
    307  22e1		       b0 16		      bcs	.te_rest
    308  22e3		       c9 03		      cmp	#3
    309  22e5		       b0 09		      bcs	.te_sustain
    310  22e7		       a9 03		      lda	#3
    311  22e9		       85 19		      sta	AUDV0
    312  22eb		       a9 02		      lda	#2
    313  22ed		       85 1a		      sta	AUDV1
    314  22ef		       60		      rts
    315  22f0				   .te_sustain
    316  22f0		       a9 02		      lda	#2
    317  22f2		       85 19		      sta	AUDV0
    318  22f4		       a9 01		      lda	#1
    319  22f6		       85 1a		      sta	AUDV1
    320  22f8		       60		      rts
    321  22f9				   .te_rest
    322  22f9		       a9 00		      lda	#0
    323  22fb		       85 19		      sta	AUDV0
    324  22fd		       85 1a		      sta	AUDV1
    325  22ff		       60		      rts
    326  2300
    327  2300							; A-minor-flavored arpeggio with a four-bar descending answer. Frequencies
    328  2300							; stay in the TIA's cleaner middle register; the bass changes once per beat.
    329  2300				   TerminalLeadNotes
    330  2300		       0b 09 07 09*	      byte.b	11,9,7,9,14,11,9,11,9,7,8,7,12,10,8,10
    331  2310				   TerminalBassNotes
    332  2310		       17 17 17 17*	      byte.b	23,23,23,23,29,29,29,29,19,19,19,19,25,25,25,25
    333  2320
------- FILE thursdays-child-terminal-lab.inc LEVEL 3 PASS 2
      0  2320					      include	"thursdays-child-terminal-lab.inc"
      1  2320							; Generated NASA terminal pages; do not hand-edit.
      2  2380		       00 00 00 00*	      align	128
      3  2380				   TerminalPage0PF0L
      4  2380		       40 40 40 c0*	      byte.b	$40,$40,$40,$C0,$C0,$C0,$C0,$C0,$C0,$C0,$C0,$C0,$40,$40,$40,$00
      5  2390		       00 00 00 00*	      byte.b	$00,$00,$00,$00,$00,$80,$80,$80,$40,$40,$40,$40,$40,$40,$40,$40
      6  23a0		       40 80 80 80*	      byte.b	$40,$80,$80,$80,$00,$00,$00,$00,$00,$00,$40,$40,$40,$C0,$C0,$C0
      7  23b0		       c0 c0 c0 40*	      byte.b	$C0,$C0,$C0,$40,$40,$40,$40,$40,$40,$00,$00,$00,$00,$00,$00,$40
      8  23c0		       40 40 40 40*	      byte.b	$40,$40,$40,$40,$40,$C0,$C0,$C0,$C0,$C0,$C0,$40,$40,$40,$00,$00
      9  23d0		       00 00 00 00*	      byte.b	$00,$00,$00,$00,$80,$80,$80,$40,$40,$40,$80,$80,$80,$00,$00,$00
     10  23e0		       c0 c0 c0 00*	      byte.b	$C0,$C0,$C0,$00,$00,$00,$00,$00,$00,$C0,$C0,$C0,$40,$40,$40,$C0
     11  23f0		       c0 c0 40 40*	      byte.b	$C0,$C0,$40,$40,$40,$40,$40,$40,$00,$00,$00,$00,$00,$00
     12  23fe
     13  2400		       00 00		      align	128
     14  2400				   TerminalPage0PF1L
     15  2400		       91 91 91 aa*	      byte.b	$91,$91,$91,$AA,$AA,$AA,$B9,$B9,$B9,$A8,$A8,$A8,$AB,$AB,$AB,$00
     16  2410		       00 00 00 00*	      byte.b	$00,$00,$00,$00,$00,$92,$92,$92,$2B,$2B,$2B,$2B,$2B,$2B,$2B,$2B
     17  2420		       2b 92 92 92*	      byte.b	$2B,$92,$92,$92,$00,$00,$00,$00,$00,$00,$90,$90,$90,$A8,$A8,$A8
     18  2430		       b8 b8 b8 aa*	      byte.b	$B8,$B8,$B8,$AA,$AA,$AA,$A9,$A9,$A9,$00,$00,$00,$00,$00,$00,$B8
     19  2440		       b8 b8 a0 a0*	      byte.b	$B8,$B8,$A0,$A0,$A0,$B0,$B0,$B0,$A0,$A0,$A0,$B8,$B8,$B8,$00,$00
     20  2450		       00 00 00 00*	      byte.b	$00,$00,$00,$00,$93,$93,$93,$29,$29,$29,$39,$39,$39,$A9,$A9,$A9
     21  2460		       29 29 29 00*	      byte.b	$29,$29,$29,$00,$00,$00,$00,$00,$00,$93,$93,$93,$2A,$2A,$2A,$2B
     22  2470		       2b 2b 2a 2a*	      byte.b	$2B,$2B,$2A,$2A,$2A,$12,$12,$12,$00,$00,$00,$00,$00,$00
     23  247e
     24  2480		       00 00		      align	128
     25  2480				   TerminalPage0PF2L
     26  2480		       09 09 09 14*	      byte.b	$09,$09,$09,$14,$14,$14,$1C,$1C,$1C,$15,$15,$15,$14,$14,$14,$00
     27  2490		       00 00 00 00*	      byte.b	$00,$00,$00,$00,$00,$DD,$DD,$DD,$49,$49,$49,$C9,$C9,$C9,$49,$49
     28  24a0		       49 49 49 49*	      byte.b	$49,$49,$49,$49,$00,$00,$00,$00,$00,$00,$C9,$C9,$C9,$55,$55,$55
     29  24b0		       d5 d5 d5 55*	      byte.b	$D5,$D5,$D5,$55,$55,$55,$48,$48,$48,$00,$00,$00,$00,$00,$00,$55
     30  24c0		       55 55 55 55*	      byte.b	$55,$55,$55,$55,$55,$57,$57,$57,$57,$57,$57,$D5,$D5,$D5,$00,$00
     31  24d0		       00 00 00 00*	      byte.b	$00,$00,$00,$00,$5D,$5D,$5D,$44,$44,$44,$4C,$4C,$4C,$44,$44,$44
     32  24e0		       dc dc dc 00*	      byte.b	$DC,$DC,$DC,$00,$00,$00,$00,$00,$00,$20,$20,$20,$51,$51,$51,$50
     33  24f0		       50 50 51 51*	      byte.b	$50,$50,$51,$51,$51,$21,$21,$21,$00,$00,$00,$00,$00,$00
     34  24fe
     35  2500		       00 00		      align	128
     36  2500				   TerminalPage0PF0R
     37  2500		       00 00 00 00*	      byte.b	$00,$00,$00,$00,$00,$00,$00,$00,$00,$00,$00,$00,$00,$00,$00,$00
     38  2510		       00 00 00 00*	      byte.b	$00,$00,$00,$00,$00,$80,$80,$80,$50,$50,$50,$40,$40,$40,$50,$50
     39  2520		       50 90 90 90*	      byte.b	$50,$90,$90,$90,$00,$00,$00,$00,$00,$00,$00,$00,$00,$10,$10,$10
     40  2530		       00 00 00 10*	      byte.b	$00,$00,$00,$10,$10,$10,$10,$10,$10,$00,$00,$00,$00,$00,$00,$20
     41  2540		       20 20 20 20*	      byte.b	$20,$20,$20,$20,$20,$20,$20,$20,$20,$20,$20,$60,$60,$60,$00,$00
     42  2550		       00 00 00 00*	      byte.b	$00,$00,$00,$00,$20,$20,$20,$20,$20,$20,$20,$20,$20,$20,$20,$20
     43  2560		       60 60 60 00*	      byte.b	$60,$60,$60,$00,$00,$00,$00,$00,$00,$30,$30,$30,$50,$50,$50,$30
     44  2570		       30 30 50 50*	      byte.b	$30,$30,$50,$50,$50,$50,$50,$50,$00,$00,$00,$00,$00,$00
     45  257e
     46  2580		       00 00		      align	128
     47  2580				   TerminalPage0PF1R
     48  2580		       00 00 00 00*	      byte.b	$00,$00,$00,$00,$00,$00,$00,$00,$00,$00,$00,$00,$00,$00,$00,$00
     49  2590		       00 00 00 00*	      byte.b	$00,$00,$00,$00,$00,$21,$21,$21,$A0,$A0,$A0,$A0,$A0,$A0,$A0,$A0
     50  25a0		       a0 30 30 30*	      byte.b	$A0,$30,$30,$30,$00,$00,$00,$00,$00,$00,$E4,$E4,$E4,$4A,$4A,$4A
     51  25b0		       4a 4a 4a 4a*	      byte.b	$4A,$4A,$4A,$4A,$4A,$4A,$44,$44,$44,$00,$00,$00,$00,$00,$00,$29
     52  25c0		       29 29 2a 2a*	      byte.b	$29,$29,$2A,$2A,$2A,$29,$29,$29,$28,$28,$28,$3B,$3B,$3B,$00,$00
     53  25d0		       00 00 00 00*	      byte.b	$00,$00,$00,$00,$BB,$BB,$BB,$92,$92,$92,$93,$93,$93,$92,$92,$92
     54  25e0		       93 93 93 00*	      byte.b	$93,$93,$93,$00,$00,$00,$00,$00,$00,$CB,$CB,$CB,$A9,$A9,$A9,$C9
     55  25f0		       c9 c9 a9 a9*	      byte.b	$C9,$C9,$A9,$A9,$A9,$C9,$C9,$C9,$00,$00,$00,$00,$00,$00
     56  25fe
     57  2600		       00 00		      align	128
     58  2600				   TerminalPage0PF2R
     59  2600		       00 00 00 00*	      byte.b	$00,$00,$00,$00,$00,$00,$00,$00,$00,$00,$00,$00,$00,$00,$00,$00
     60  2610		       00 00 00 00*	      byte.b	$00,$00,$00,$00,$00,$13,$13,$13,$29,$29,$29,$29,$29,$29,$29,$29
     61  2620		       29 11 11 11*	      byte.b	$29,$11,$11,$11,$00,$00,$00,$00,$00,$00,$05,$05,$05,$17,$17,$17
     62  2630		       07 07 07 15*	      byte.b	$07,$07,$07,$15,$15,$15,$05,$05,$05,$00,$00,$00,$00,$00,$00,$1D
     63  2640		       1d 1d 04 04*	      byte.b	$1D,$1D,$04,$04,$04,$0C,$0C,$0C,$05,$05,$05,$1C,$1C,$1C,$00,$00
     64  2650		       00 00 00 00*	      byte.b	$00,$00,$00,$00,$19,$19,$19,$04,$04,$04,$08,$08,$08,$10,$10,$10
     65  2660		       0d 0d 0d 00*	      byte.b	$0D,$0D,$0D,$00,$00,$00,$00,$00,$00,$01,$01,$01,$00,$00,$00,$00
     66  2670		       00 00 00 00*	      byte.b	$00,$00,$00,$00,$00,$04,$04,$04,$00,$00,$00,$00,$00,$00
     67  267e
     68  2680		       00 00		      align	128
     69  2680				   TerminalPage1PF0L
     70  2680		       c0 c0 c0 40*	      byte.b	$C0,$C0,$C0,$40,$40,$40,$C0,$C0,$C0,$40,$40,$40,$40,$40,$40,$00
     71  2690		       00 00 00 00*	      byte.b	$00,$00,$00,$00,$00,$C0,$C0,$C0,$40,$40,$40,$C0,$C0,$C0,$40,$40
     72  26a0		       40 40 40 40*	      byte.b	$40,$40,$40,$40,$00,$00,$00,$00,$00,$00,$C0,$C0,$C0,$80,$80,$80
     73  26b0		       80 80 80 80*	      byte.b	$80,$80,$80,$80,$80,$80,$80,$80,$80,$00,$00,$00,$00,$00,$00,$80
     74  26c0		       80 80 40 40*	      byte.b	$80,$80,$40,$40,$40,$80,$80,$80,$00,$00,$00,$C0,$C0,$C0,$00,$00
     75  26d0		       00 00 00 00*	      byte.b	$00,$00,$00,$00,$C0,$C0,$C0,$40,$40,$40,$C0,$C0,$C0,$40,$40,$40
     76  26e0		       40 40 40 00*	      byte.b	$40,$40,$40,$00,$00,$00,$00,$00,$00,$C0,$C0,$C0,$80,$80,$80,$80
     77  26f0		       80 80 80 80*	      byte.b	$80,$80,$80,$80,$80,$80,$80,$80,$00,$00,$00,$00,$00,$00
     78  26fe
     79  2700		       00 00		      align	128
     80  2700				   TerminalPage1PF1L
     81  2700		       22 22 22 a5*	      byte.b	$22,$22,$22,$A5,$A5,$A5,$27,$27,$27,$25,$25,$25,$35,$35,$35,$00
     82  2710		       00 00 00 00*	      byte.b	$00,$00,$00,$00,$00,$33,$33,$33,$AA,$AA,$AA,$33,$33,$33,$2A,$2A
     83  2720		       2a 2b 2b 2b*	      byte.b	$2A,$2B,$2B,$2B,$00,$00,$00,$00,$00,$00,$90,$90,$90,$28,$28,$28
     84  2730		       28 28 28 28*	      byte.b	$28,$28,$28,$28,$28,$28,$10,$10,$10,$00,$00,$00,$00,$00,$00,$93
     85  2740		       93 93 29 29*	      byte.b	$93,$93,$29,$29,$29,$39,$39,$39,$A9,$A9,$A9,$29,$29,$29,$00,$00
     86  2750		       00 00 00 00*	      byte.b	$00,$00,$00,$00,$B1,$B1,$B1,$2A,$2A,$2A,$32,$32,$32,$2A,$2A,$2A
     87  2760		       29 29 29 00*	      byte.b	$29,$29,$29,$00,$00,$00,$00,$00,$00,$BB,$BB,$BB,$22,$22,$22,$33
     88  2770		       33 33 22 22*	      byte.b	$33,$33,$22,$22,$22,$3A,$3A,$3A,$00,$00,$00,$00,$00,$00
     89  277e
     90  2780		       00 00		      align	128
     91  2780				   TerminalPage1PF2L
     92  2780		       ea ea ea 2a*	      byte.b	$EA,$EA,$EA,$2A,$2A,$2A,$64,$64,$64,$24,$24,$24,$E4,$E4,$E4,$00
     93  2790		       00 00 00 00*	      byte.b	$00,$00,$00,$00,$00,$99,$99,$99,$44,$44,$44,$88,$88,$88,$10,$10
     94  27a0		       10 cd cd cd*	      byte.b	$10,$CD,$CD,$CD,$00,$00,$00,$00,$00,$00,$57,$57,$57,$71,$71,$71
     95  27b0		       73 73 73 71*	      byte.b	$73,$73,$73,$71,$71,$71,$57,$57,$57,$00,$00,$00,$00,$00,$00,$5D
     96  27c0		       5d 5d 44 44*	      byte.b	$5D,$5D,$44,$44,$44,$4C,$4C,$4C,$44,$44,$44,$DC,$DC,$DC,$00,$00
     97  27d0		       00 00 00 00*	      byte.b	$00,$00,$00,$00,$14,$14,$14,$1D,$1D,$1D,$1D,$1D,$1D,$15,$15,$15
     98  27e0		       14 14 14 00*	      byte.b	$14,$14,$14,$00,$00,$00,$00,$00,$00,$54,$54,$54,$5D,$5D,$5D,$5C
     99  27f0		       5c 5c 55 55*	      byte.b	$5C,$5C,$55,$55,$55,$55,$55,$55,$00,$00,$00,$00,$00,$00
    100  27fe
    101  2800		       00 00		      align	128
    102  2800				   TerminalPage1PF0R
    103  2800		       60 60 60 a0*	      byte.b	$60,$60,$60,$A0,$A0,$A0,$60,$60,$60,$A0,$A0,$A0,$A0,$A0,$A0,$00
    104  2810		       00 00 00 00*	      byte.b	$00,$00,$00,$00,$00,$10,$10,$10,$00,$00,$00,$00,$00,$00,$10,$10
    105  2820		       10 00 00 00*	      byte.b	$10,$00,$00,$00,$00,$00,$00,$00,$00,$00,$20,$20,$20,$50,$50,$50
    106  2830		       70 70 70 50*	      byte.b	$70,$70,$70,$50,$50,$50,$50,$50,$50,$00,$00,$00,$00,$00,$00,$20
    107  2840		       20 20 20 20*	      byte.b	$20,$20,$20,$20,$20,$20,$20,$20,$20,$20,$20,$60,$60,$60,$00,$00
    108  2850		       00 00 00 00*	      byte.b	$00,$00,$00,$00,$50,$50,$50,$70,$70,$70,$70,$70,$70,$70,$70,$70
    109  2860		       50 50 50 00*	      byte.b	$50,$50,$50,$00,$00,$00,$00,$00,$00,$50,$50,$50,$70,$70,$70,$70
    110  2870		       70 70 70 70*	      byte.b	$70,$70,$70,$70,$70,$50,$50,$50,$00,$00,$00,$00,$00,$00
    111  287e
    112  2880		       00 00		      align	128
    113  2880				   TerminalPage1PF1R
    114  2880		       00 00 00 40*	      byte.b	$00,$00,$00,$40,$40,$40,$00,$00,$00,$40,$40,$40,$00,$00,$00,$00
    115  2890		       00 00 00 00*	      byte.b	$00,$00,$00,$00,$00,$EB,$EB,$EB,$8A,$8A,$8A,$CB,$CB,$CB,$8A,$8A
    116  28a0		       8a 8a 8a 8a*	      byte.b	$8A,$8A,$8A,$8A,$00,$00,$00,$00,$00,$00,$C9,$C9,$C9,$A9,$A9,$A9
    117  28b0		       c9 c9 c9 a9*	      byte.b	$C9,$C9,$C9,$A9,$A9,$A9,$CD,$CD,$CD,$00,$00,$00,$00,$00,$00,$BB
    118  28c0		       bb bb 92 92*	      byte.b	$BB,$BB,$92,$92,$92,$93,$93,$93,$92,$92,$92,$93,$93,$93,$00,$00
    119  28d0		       00 00 00 00*	      byte.b	$00,$00,$00,$00,$46,$46,$46,$A8,$A8,$A8,$E4,$E4,$E4,$A2,$A2,$A2
    120  28e0		       ac ac ac 00*	      byte.b	$AC,$AC,$AC,$00,$00,$00,$00,$00,$00,$48,$48,$48,$A8,$A8,$A8,$E8
    121  28f0		       e8 e8 a8 a8*	      byte.b	$E8,$E8,$A8,$A8,$A8,$AC,$AC,$AC,$00,$00,$00,$00,$00,$00
    122  28fe
    123  2900		       00 00		      align	128
    124  2900				   TerminalPage1PF2R
    125  2900		       00 00 00 00*	      byte.b	$00,$00,$00,$00,$00,$00,$00,$00,$00,$00,$00,$00,$00,$00,$00,$00
    126  2910		       00 00 00 00*	      byte.b	$00,$00,$00,$00,$00,$1C,$1C,$1C,$05,$05,$05,$0C,$0C,$0C,$05,$05
    127  2920		       05 1d 1d 1d*	      byte.b	$05,$1D,$1D,$1D,$00,$00,$00,$00,$00,$00,$03,$03,$03,$00,$00,$00
    128  2930		       01 01 01 00*	      byte.b	$01,$01,$01,$00,$00,$00,$03,$03,$03,$00,$00,$00,$00,$00,$00,$19
    129  2940		       19 19 04 04*	      byte.b	$19,$19,$04,$04,$04,$08,$08,$08,$10,$10,$10,$0D,$0D,$0D,$00,$00
    130  2950		       00 00 00 00*	      byte.b	$00,$00,$00,$00,$02,$02,$02,$05,$05,$05,$07,$07,$07,$05,$05,$05
    131  2960		       05 05 05 00*	      byte.b	$05,$05,$05,$00,$00,$00,$00,$00,$00,$00,$00,$00,$00,$00,$00,$00
    132  2970		       00 00 00 00*	      byte.b	$00,$00,$00,$00,$00,$00,$00,$00,$00,$00,$00,$00,$00,$00
    133  297e
    134  2980		       00 00		      align	128
    135  2980				   TerminalPage2PF0L
    136  2980		       80 80 80 40*	      byte.b	$80,$80,$80,$40,$40,$40,$40,$40,$40,$40,$40,$40,$80,$80,$80,$00
    137  2990		       00 00 00 00*	      byte.b	$00,$00,$00,$00,$00,$80,$80,$80,$40,$40,$40,$40,$40,$40,$40,$40
    138  29a0		       40 80 80 80*	      byte.b	$40,$80,$80,$80,$00,$00,$00,$00,$00,$00,$40,$40,$40,$40,$40,$40
    139  29b0		       c0 c0 c0 40*	      byte.b	$C0,$C0,$C0,$40,$40,$40,$40,$40,$40,$00,$00,$00,$00,$00,$00,$C0
    140  29c0		       c0 c0 80 80*	      byte.b	$C0,$C0,$80,$80,$80,$80,$80,$80,$80,$80,$80,$80,$80,$80,$00,$00
    141  29d0		       00 00 00 00*	      byte.b	$00,$00,$00,$00,$80,$80,$80,$40,$40,$40,$80,$80,$80,$00,$00,$00
    142  29e0		       c0 c0 c0 00*	      byte.b	$C0,$C0,$C0,$00,$00,$00,$00,$00,$00,$C0,$C0,$C0,$80,$80,$80,$80
    143  29f0		       80 80 80 80*	      byte.b	$80,$80,$80,$80,$80,$80,$80,$80,$00,$00,$00,$00,$00,$00
    144  29fe
    145  2a00		       00 00		      align	128
    146  2a00				   TerminalPage2PF1L
    147  2a00		       a9 a9 a9 2a*	      byte.b	$A9,$A9,$A9,$2A,$2A,$2A,$3B,$3B,$3B,$2A,$2A,$2A,$AA,$AA,$AA,$00
    148  2a10		       00 00 00 00*	      byte.b	$00,$00,$00,$00,$00,$2B,$2B,$2B,$BA,$BA,$BA,$BB,$BB,$BB,$BA,$BA
    149  2a20		       ba 2b 2b 2b*	      byte.b	$BA,$2B,$2B,$2B,$00,$00,$00,$00,$00,$00,$92,$92,$92,$AA,$AA,$AA
    150  2a30		       ab ab ab ab*	      byte.b	$AB,$AB,$AB,$AB,$AB,$AB,$92,$92,$92,$00,$00,$00,$00,$00,$00,$92
    151  2a40		       92 92 2b 2b*	      byte.b	$92,$92,$2B,$2B,$2B,$2B,$2B,$2B,$2A,$2A,$2A,$12,$12,$12,$00,$00
    152  2a50		       00 00 00 00*	      byte.b	$00,$00,$00,$00,$B1,$B1,$B1,$2A,$2A,$2A,$33,$33,$33,$A2,$A2,$A2
    153  2a60		       22 22 22 00*	      byte.b	$22,$22,$22,$00,$00,$00,$00,$00,$00,$B2,$B2,$B2,$2A,$2A,$2A,$32
    154  2a70		       32 32 2a 2a*	      byte.b	$32,$32,$2A,$2A,$2A,$2A,$2A,$2A,$00,$00,$00,$00,$00,$00
    155  2a7e
    156  2a80		       00 00		      align	128
    157  2a80				   TerminalPage2PF2L
    158  2a80		       cc cc cc 95*	      byte.b	$CC,$CC,$CC,$95,$95,$95,$8D,$8D,$8D,$85,$85,$85,$85,$85,$85,$00
    159  2a90		       00 00 00 00*	      byte.b	$00,$00,$00,$00,$00,$41,$41,$41,$44,$44,$44,$40,$40,$40,$44,$44
    160  2aa0		       44 c1 c1 c1*	      byte.b	$44,$C1,$C1,$C1,$00,$00,$00,$00,$00,$00,$51,$51,$51,$71,$71,$71
    161  2ab0		       71 71 71 51*	      byte.b	$71,$71,$71,$51,$51,$51,$51,$51,$51,$00,$00,$00,$00,$00,$00,$51
    162  2ac0		       51 51 71 71*	      byte.b	$51,$51,$71,$71,$71,$71,$71,$71,$51,$51,$51,$51,$51,$51,$00,$00
    163  2ad0		       00 00 00 00*	      byte.b	$00,$00,$00,$00,$D8,$D8,$D8,$45,$45,$45,$C5,$C5,$C5,$45,$45,$45
    164  2ae0		       d9 d9 d9 00*	      byte.b	$D9,$D9,$D9,$00,$00,$00,$00,$00,$00,$56,$56,$56,$51,$51,$51,$31
    165  2af0		       31 31 51 51*	      byte.b	$31,$31,$51,$51,$51,$56,$56,$56,$00,$00,$00,$00,$00,$00
    166  2afe
    167  2b00		       00 00		      align	128
    168  2b00				   TerminalPage2PF0R
    169  2b00		       d0 d0 d0 40*	      byte.b	$D0,$D0,$D0,$40,$40,$40,$C0,$C0,$C0,$40,$40,$40,$C0,$C0,$C0,$00
    170  2b10		       00 00 00 00*	      byte.b	$00,$00,$00,$00,$00,$E0,$E0,$E0,$20,$20,$20,$60,$60,$60,$20,$20
    171  2b20		       20 e0 e0 e0*	      byte.b	$20,$E0,$E0,$E0,$00,$00,$00,$00,$00,$00,$20,$20,$20,$50,$50,$50
    172  2b30		       70 70 70 50*	      byte.b	$70,$70,$70,$50,$50,$50,$50,$50,$50,$00,$00,$00,$00,$00,$00,$20
    173  2b40		       20 20 50 50*	      byte.b	$20,$20,$50,$50,$50,$50,$50,$50,$50,$50,$50,$20,$20,$20,$00,$00
    174  2b50		       00 00 00 00*	      byte.b	$00,$00,$00,$00,$10,$10,$10,$00,$00,$00,$00,$00,$00,$00,$00,$00
    175  2b60		       10 10 10 00*	      byte.b	$10,$10,$10,$00,$00,$00,$00,$00,$00,$D0,$D0,$D0,$50,$50,$50,$D0
    176  2b70		       d0 d0 50 50*	      byte.b	$D0,$D0,$50,$50,$50,$D0,$D0,$D0,$00,$00,$00,$00,$00,$00
    177  2b7e
    178  2b80		       00 00		      align	128
    179  2b80				   TerminalPage2PF1R
    180  2b80		       b0 b0 b0 28*	      byte.b	$B0,$B0,$B0,$28,$28,$28,$30,$30,$30,$28,$28,$28,$A8,$A8,$A8,$00
    181  2b90		       00 00 00 00*	      byte.b	$00,$00,$00,$00,$00,$26,$26,$26,$55,$55,$55,$76,$76,$76,$55,$55
    182  2ba0		       55 55 55 55*	      byte.b	$55,$55,$55,$55,$00,$00,$00,$00,$00,$00,$24,$24,$24,$2A,$2A,$2A
    183  2bb0		       2a 2a 2a aa*	      byte.b	$2A,$2A,$2A,$AA,$AA,$AA,$44,$44,$44,$00,$00,$00,$00,$00,$00,$AE
    184  2bc0		       ae ae a8 a8*	      byte.b	$AE,$AE,$A8,$A8,$A8,$AC,$AC,$AC,$A8,$A8,$A8,$4E,$4E,$4E,$00,$00
    185  2bd0		       00 00 00 00*	      byte.b	$00,$00,$00,$00,$6E,$6E,$6E,$88,$88,$88,$AC,$AC,$AC,$A8,$A8,$A8
    186  2be0		       6e 6e 6e 00*	      byte.b	$6E,$6E,$6E,$00,$00,$00,$00,$00,$00,$B0,$B0,$B0,$28,$28,$28,$30
    187  2bf0		       30 30 28 28*	      byte.b	$30,$30,$28,$28,$28,$AA,$AA,$AA,$00,$00,$00,$00,$00,$00
    188  2bfe
    189  2c00		       00 00		      align	128
    190  2c00				   TerminalPage2PF2R
    191  2c00		       00 00 00 00*	      byte.b	$00,$00,$00,$00,$00,$00,$00,$00,$00,$00,$00,$00,$00,$00,$00,$00
    192  2c10		       00 00 00 00*	      byte.b	$00,$00,$00,$00,$00,$0A,$0A,$0A,$0E,$0E,$0E,$0E,$0E,$0E,$0E,$0E
    193  2c20		       0e 0a 0a 0a*	      byte.b	$0E,$0A,$0A,$0A,$00,$00,$00,$00,$00,$00,$03,$03,$03,$05,$05,$05
    194  2c30		       03 03 03 05*	      byte.b	$03,$03,$03,$05,$05,$05,$05,$05,$05,$00,$00,$00,$00,$00,$00,$06
    195  2c40		       06 06 01 01*	      byte.b	$06,$06,$01,$01,$01,$02,$02,$02,$04,$04,$04,$13,$13,$13,$00,$00
    196  2c50		       00 00 00 00*	      byte.b	$00,$00,$00,$00,$67,$67,$67,$12,$12,$12,$22,$22,$22,$42,$42,$42
    197  2c60		       32 32 32 00*	      byte.b	$32,$32,$32,$00,$00,$00,$00,$00,$00,$00,$00,$00,$00,$00,$00,$00
    198  2c70		       00 00 00 00*	      byte.b	$00,$00,$00,$00,$00,$05,$05,$05,$00,$00,$00,$00,$00,$00
    199  2c7e
    200  2c80		       00 00		      align	16
    201  2c80				   TerminalMorePF0L
    202  2c80		       00 00 00 00*	      byte.b	$00,$00,$00,$00,$00,$00,$00,$00,$00,$00,$00,$00,$00,$00,$00
    203  2c8f
    204  2c90		       00		      align	16
    205  2c90				   TerminalMorePF1L
    206  2c90		       05 05 05 07*	      byte.b	$05,$05,$05,$07,$07,$07,$07,$07,$07,$05,$05,$05,$05,$05,$05
    207  2c9f
    208  2ca0		       00		      align	16
    209  2ca0				   TerminalMorePF2L
    210  2ca0		       64 64 64 aa*	      byte.b	$64,$64,$64,$AA,$AA,$AA,$6A,$6A,$6A,$AA,$AA,$AA,$A4,$A4,$A4
    211  2caf
    212  2cb0		       00		      align	16
    213  2cb0				   TerminalMorePF0R
    214  2cb0		       e0 e0 e0 20*	      byte.b	$E0,$E0,$E0,$20,$20,$20,$60,$60,$60,$20,$20,$20,$E0,$E0,$E0
    215  2cbf
    216  2cc0		       00		      align	16
    217  2cc0				   TerminalMorePF1R
    218  2cc0		       00 00 00 00*	      byte.b	$00,$00,$00,$00,$00,$00,$00,$00,$00,$00,$00,$00,$54,$54,$54
    219  2ccf
    220  2cd0		       00		      align	16
    221  2cd0				   TerminalMorePF2R
    222  2cd0		       00 00 00 00*	      byte.b	$00,$00,$00,$00,$00,$00,$00,$00,$00,$00,$00,$00,$00,$00,$00
    223  2cdf
    224  2ce0		       00		      align	16
    225  2ce0				   TerminalFirePF0L
    226  2ce0		       00 00 00 00*	      byte.b	$00,$00,$00,$00,$00,$00,$00,$00,$00,$00,$00,$00,$00,$00,$00
    227  2cef
    228  2cf0		       00		      align	16
    229  2cf0				   TerminalFirePF1L
    230  2cf0		       00 00 00 00*	      byte.b	$00,$00,$00,$00,$00,$00,$00,$00,$00,$00,$00,$00,$00,$00,$00
    231  2cff
    232  2d00		       00		      align	16
    233  2d00				   TerminalFirePF2L
    234  2d00		       d7 d7 d7 51*	      byte.b	$D7,$D7,$D7,$51,$51,$51,$D3,$D3,$D3,$51,$51,$51,$51,$51,$51
    235  2d0f
    236  2d10		       00		      align	16
    237  2d10				   TerminalFirePF0R
    238  2d10		       c0 c0 c0 50*	      byte.b	$C0,$C0,$C0,$50,$50,$50,$C0,$C0,$C0,$50,$50,$50,$D0,$D0,$D0
    239  2d1f
    240  2d20		       00		      align	16
    241  2d20				   TerminalFirePF1R
    242  2d20		       a0 a0 a0 20*	      byte.b	$A0,$A0,$A0,$20,$20,$20,$20,$20,$20,$00,$00,$00,$A0,$A0,$A0
    243  2d2f
    244  2d30		       00		      align	16
    245  2d30				   TerminalFirePF2R
    246  2d30		       00 00 00 00*	      byte.b	$00,$00,$00,$00,$00,$00,$00,$00,$00,$00,$00,$00,$00,$00,$00
    247  2d3f
    248  2e00		       00 00 00 00*	      align	256
    249  2e00				   TerminalBackground
    250  2e00		       c0 c0 c0 c0*	      byte.b	$C0,$C0,$C0,$C0,$C0,$C0,$C0,$C0,$C0,$C0,$C0,$C0,$C0,$C0,$C0,$C0
    251  2e10		       c0 c0 c0 c0*	      byte.b	$C0,$C0,$C0,$C0,$C0,$C0,$C0,$C0,$C2,$C2,$C2,$C2,$C2,$C2,$C2,$C2
    252  2e20		       c2 c2 c2 c2*	      byte.b	$C2,$C2,$C2,$C2,$C2,$C2,$C2,$C2,$C2,$C2,$C2,$C2,$C2,$C2,$C2,$C2
    253  2e30		       c4 c4 c4 c4*	      byte.b	$C4,$C4,$C4,$C4,$C4,$C4,$C4,$C4,$C4,$C4,$C4,$C4,$C4,$C4,$C4,$C4
    254  2e40		       c4 c4 c4 c4*	      byte.b	$C4,$C4,$C4,$C4,$C4,$C4,$C4,$C4,$C2,$C2,$C2,$C2,$C2,$C2,$C2,$C2
    255  2e50		       c2 c2 c2 c2*	      byte.b	$C2,$C2,$C2,$C2,$C2,$C2,$C2,$C2,$C2,$C2,$C2,$C2,$C2,$C2,$C2,$C2
    256  2e60		       c0 c0 c0 c0*	      byte.b	$C0,$C0,$C0,$C0,$C0,$C0,$C0,$C0,$C0,$C0,$C0,$C0,$C0,$C0,$C0,$C0
    257  2e70		       c0 c0 c0 c0*	      byte.b	$C0,$C0,$C0,$C0,$C0,$C0,$C0,$C0,$C2,$C2,$C2,$C2,$C2,$C2,$C2,$C2
    258  2e80		       c2 c2 c2 c2*	      byte.b	$C2,$C2,$C2,$C2,$C2,$C2,$C2,$C2,$C2,$C2,$C2,$C2,$C2,$C2,$C2,$C2
    259  2e90		       c4 c4 c4 c4*	      byte.b	$C4,$C4,$C4,$C4,$C4,$C4,$C4,$C4,$C4,$C4,$C4,$C4,$C4,$C4,$C4,$C4
    260  2ea0		       c4 c4 c4 c4*	      byte.b	$C4,$C4,$C4,$C4,$C4,$C4,$C4,$C4,$C6,$C6,$C6,$C6,$C8,$C8,$C8,$C8
    261  2eb0		       ca ca ca ca*	      byte.b	$CA,$CA,$CA,$CA,$C8,$C8,$C8,$C8,$C6,$C6,$C6,$C6,$C4,$C4,$C4,$C2
    262  2ec0
    263  2ec0					      align	16
    264  2ec0				   TerminalFlow
    265  2ec0		       c4 c6 c8 ca*	      byte.b	$C4,$C6,$C8,$CA,$C8,$C6,$C4,$C2,$C4,$C6,$C8,$CA,$C8,$C6,$C4,$C2
------- FILE thursdays-child-terminal-bank.inc
------- FILE thursdays-child-chapter-one.asm
------- FILE thursdays-child-credits-compact.inc LEVEL 2 PASS 2
      0  2ed0					      include	"thursdays-child-credits-compact.inc"
      1  2ed0							; Generated compact credits rows; do not hand-edit.
      2  2ed0				   CreditsCompactPF0L
      3  2ed0		       00 00 00 00*	      byte.b	$00,$00,$00,$00,$00,$00,$00,$00,$00,$00,$00,$00,$00,$00,$00,$00,$00,$00,$00,$00,$00,$00,$00,$00,$00,$80,$80,$80,$80,$80
      4  2eee
      5  2eee				   CreditsCompactPF1L
      6  2eee		       13 24 24 24*	      byte.b	$13,$24,$24,$24,$13,$E4,$2A,$2E,$AA,$4A,$00,$00,$00,$00,$00,$CA,$AA,$CA,$8A,$8E,$00,$00,$00,$00,$00,$99,$55,$99,$15,$15
      7  2f0c
      8  2f0c				   CreditsCompactPF2L
      9  2f0c		       c2 04 84 44*	      byte.b	$C2,$04,$84,$44,$C2,$26,$51,$52,$54,$23,$48,$D4,$DC,$D4,$54,$93,$95,$93,$95,$B3,$DC,$48,$C8,$48,$C8,$B3,$88,$91,$A0,$9B
     10  2f2a
     11  2f2a				   CreditsCompactPF0R
     12  2f2a		       80 50 40 40*	      byte.b	$80,$50,$40,$40,$90,$50,$70,$70,$70,$50,$D0,$50,$50,$50,$D0,$C0,$20,$40,$80,$60,$C0,$50,$40,$50,$C0,$B0,$80,$90,$80,$B0
     13  2f48
     14  2f48				   CreditsCompactPF1R
     15  2f48		       31 8a 93 a2*	      byte.b	$31,$8A,$93,$A2,$39,$27,$24,$26,$24,$37,$00,$80,$80,$80,$00,$57,$54,$76,$54,$57,$00,$80,$80,$80,$00,$5C,$C8,$C8,$C8,$49
     16  2f66
     17  2f66				   CreditsCompactPF2R
     18  2f66		       01 00 00 01*	      byte.b	$01,$00,$00,$01,$00,$0E,$02,$06,$02,$0E,$00,$00,$00,$00,$00,$06,$0A,$06,$0A,$0A,$00,$00,$00,$00,$00,$00,$00,$00,$00,$0A
------- FILE thursdays-child-chapter-one.asm
   2142  2f84
   2143  2f84							; Power-on entry from fixed Bank 7.
   2144  2fa3					      ORG	$2FA3
   2145  2fa3					      RORG	$FFA3
   2146  2fa3				   CreditsEntryLanding
   2147  2fa3		       4c 06 f0 	      jmp	CreditsInit
   2148  2fa6
   2149  2fa6							; Credits Fire advances to title Bank 1.
   2150  2fb0					      ORG	$2FB0
   2151  2fb0					      RORG	$FFB0
   2152  2fb0				   CreditsToTitleGate
   2153  2fb0		       ad f5 ff 	      lda	$FFF5
   2154  2fb3
   2155  2fb3							; Landing after title Bank 1 selects this bank.
   2156  2fc3					      ORG	$2FC3
   2157  2fc3					      RORG	$FFC3
   2158  2fc3				   TerminalEntryLanding
   2159  2fc3		       4c cb f0 	      jmp	TerminalInit
   2160  2fc6
   2161  2fc6							; Final terminal Fire enters gameplay in fixed Bank 7.
   2162  2fe0					      ORG	$2FE0
   2163  2fe0					      RORG	$FFE0
   2164  2fe0				   TerminalToGameplayGate
   2165  2fe0		       ad fb ff 	      lda	$FFFB
   2166  2fe3
   2167  2fe8					      ORG	$2FE8
   2168  2fe8					      RORG	$FFE8
   2169  2fe8				   Bank2ResetGate
   2170  2fe8		       ad fb ff 	      lda	$FFFB
   2171  2feb
   2172  2ffa					      ORG	$2FFA
   2173  2ffa					      RORG	$FFFA
   2174  2ffa		       00 f0 00 f0*	      word.w	$F000,$F000,$F000
   2175  3000
   2176  4000 ????				      SEG	BANK3
   2177  3000					      ORG	$3000
   2178  3000					      RORG	$F000
   2179  3000				   Bank3Boot
   2180  3000		       ad fb ff 	      lda	$FFFB
   2181  3003		       4c 06 f0 	      jmp	$F006
   2182  3006
   2183  3006							; ---------------------------------------------------------------------------
   2184  3006							; STAGE 5 ROOM BANK
   2185  3006							;
   2186  3006							; Bank 6 owns a complete, scanline-stable room kernel and its own terrain
   2187  3006							; pages.  No bank switch occurs while the beam is drawing the room.  The
   2188  3006							; astronaut art is repeated at the same virtual addresses used by Bank 7, so
   2189  3006							; SelectPose can prepare one pointer format for both stages.
   2190  3006							; ---------------------------------------------------------------------------
   2191  3100					      ORG	$3100
   2192  3100					      RORG	$F100
   2193  3100				   Stage5RoomStart
   2194  3100		       ad 00 f8 	      lda	TerrainColor
   2195  3103		       85 08		      sta	COLUPF
   2196  3105		       a9 00		      lda	#0
   2197  3107		       85 1b		      sta	GRP0
   2198  3109		       85 1c		      sta	GRP1
   2199  310b		       85 1d		      sta	ENAM0
   2200  310d		       85 1e		      sta	ENAM1
   2201  310f		       a2 00		      ldx	#0
   2202  3111		       85 02		      sta	WSYNC
   2203  3113		       a9 f0		      lda	#$F0
   2204  3115		       85 0d		      sta	PF0
   2205  3117
   2206  3117				   Stage5RoomKernel
   2207  3117		       bd 00 f8 	      lda	TerrainColor,x
   2208  311a		       85 08		      sta	COLUPF
   2209  311c		       bd 00 f9 	      lda	TerrainLeftPF1,x
   2210  311f		       85 0e		      sta	PF1
   2211  3121		       bd 00 fb 	      lda	TerrainPF2,x
   2212  3124		       85 0f		      sta	PF2
   2213  3126		       bd 00 fa 	      lda	TerrainRightPF1,x
   2214  3129		       85 0e		      sta	PF1
   2215  312b
   2216  312b		       8a		      txa
   2217  312c		       38		      sec
   2218  312d		       e5 ad		      sbc	renderTomY
   2219  312f		       c9 0e		      cmp	#ASTRONAUT_H
   2220  3131		       90 0d		      bcc	Stage5DrawTom
   2221  3133		       bd 00 fc 	      lda	StarEnable,x
   2222  3136		       25 ae		      and	visorEnable
   2223  3138		       85 1d		      sta	ENAM0
   2224  313a		       a9 00		      lda	#0
   2225  313c		       85 1b		      sta	GRP0
   2226  313e		       f0 0c		      beq	Stage5StarEvenReady
   2227  3140				   Stage5DrawTom
   2228  3140		       4a		      lsr
   2229  3141		       a8		      tay
   2230  3142		       b1 ab		      lda	(suitPtr),y
   2231  3144		       85 1b		      sta	GRP0
   2232  3146		       a9 00		      lda	#0
   2233  3148		       85 1d		      sta	ENAM0
   2234  314a		       f0 02		      beq	Stage5EvenReady
   2235  314c				   Stage5StarEvenReady
   2236  314c		       85 1d		      sta	ENAM0	; shut the point off before the following line
   2237  314e				   Stage5EvenReady
   2238  314e		       85 02		      sta	WSYNC
   2239  3150		       e8		      inx
   2240  3151
   2241  3151		       bd 00 f6 	      lda	WorldGraphics,x
   2242  3154		       25 a0		      and	currentP1Mask
   2243  3156		       85 1c		      sta	GRP1
   2244  3158		       a5 a1		      lda	currentP1Color
   2245  315a		       85 07		      sta	COLUP1
   2246  315c		       bd 00 f9 	      lda	TerrainLeftPF1,x
   2247  315f		       85 0e		      sta	PF1
   2248  3161		       bd 00 f7 	      lda	ServiceCode,x
   2249  3164		       f0 5e		      beq	Stage5OrdinaryOdd
   2250  3166		       c9 04		      cmp	#4
   2251  3168		       b0 0f		      bcs	Stage5ServiceHigh
   2252  316a		       c9 02		      cmp	#2
   2253  316c		       90 05		      bcc	Stage5JumpDishA
   2254  316e		       f0 06		      beq	Stage5JumpCollect0
   2255  3170		       4c f2 f1 	      jmp	Stage5ServiceDishB
   2256  3173				   Stage5JumpDishA
   2257  3173		       4c c7 f1 	      jmp	Stage5ServiceDishA
   2258  3176				   Stage5JumpCollect0
   2259  3176		       4c dc f1 	      jmp	Stage5ServiceCollect0
   2260  3179
   2261  3179				   Stage5ServiceHigh
   2262  3179		       f0 46		      beq	Stage5JumpCollect1
   2263  317b		       c9 06		      cmp	#6
   2264  317d		       90 17		      bcc	Stage5ServiceDishC
   2265  317f		       f0 2a		      beq	Stage5ServiceCollect2
   2266  3181
   2267  3181				   Stage5ServiceExit
   2268  3181		       ea		      nop
   2269  3182		       ea		      nop
   2270  3183		       85 11		      sta	RESP1
   2271  3185		       a9 00		      lda	#$00
   2272  3187		       85 0e		      sta	PF1
   2273  3189		       a5 a7		      lda	exitDraw
   2274  318b		       85 a0		      sta	currentP1Mask
   2275  318d		       a5 a8		      lda	exitP1Color
   2276  318f		       85 a1		      sta	currentP1Color
   2277  3191		       85 02		      sta	WSYNC
   2278  3193		       4c 1f f2 	      jmp	Stage5OddNext
   2279  3196
   2280  3196				   Stage5ServiceDishC
   2281  3196		       85 11		      sta	RESP1
   2282  3198		       85 12		      sta	RESM0
   2283  319a		       a9 00		      lda	#$00
   2284  319c		       85 0e		      sta	PF1
   2285  319e		       a9 ff		      lda	#$FF
   2286  31a0		       85 a0		      sta	currentP1Mask
   2287  31a2		       a5 a4		      lda	dishColorC
   2288  31a4		       85 a1		      sta	currentP1Color
   2289  31a6		       85 02		      sta	WSYNC
   2290  31a8		       4c 1f f2 	      jmp	Stage5OddNext
   2291  31ab
   2292  31ab				   Stage5ServiceCollect2
   2293  31ab		       a9 f8		      lda	#$F8
   2294  31ad		       85 0e		      sta	PF1
   2295  31af		       ea		      nop
   2296  31b0		       85 11		      sta	RESP1
   2297  31b2		       85 12		      sta	RESM0
   2298  31b4		       a5 9e		      lda	collectDraw2
   2299  31b6		       85 a0		      sta	currentP1Mask
   2300  31b8		       a5 a5		      lda	requiredP1Color
   2301  31ba		       85 a1		      sta	currentP1Color
   2302  31bc		       85 02		      sta	WSYNC
   2303  31be		       4c 1f f2 	      jmp	Stage5OddNext
   2304  31c1
   2305  31c1				   Stage5JumpCollect1
   2306  31c1		       4c 09 f2 	      jmp	Stage5ServiceCollect1
   2307  31c4
   2308  31c4				   Stage5OrdinaryOdd
   2309  31c4		       4c b4 fd 	      jmp	Stage5StarOddControl
   2310  31c7
   2311  31c7							; Stage 5's authored X positions differ from Stage 1.	These handlers retain
   2312  31c7							; the identical state and WSYNC structure while moving only the RESP1 strobe.
   2313  31c7				   Stage5ServiceDishA
   2314  31c7		       85 11		      sta	RESP1
   2315  31c9		       85 12		      sta	RESM0
   2316  31cb		       a9 00		      lda	#$00
   2317  31cd		       85 0e		      sta	PF1
   2318  31cf		       a9 ff		      lda	#$FF
   2319  31d1		       85 a0		      sta	currentP1Mask
   2320  31d3		       a5 a2		      lda	dishColorA
   2321  31d5		       85 a1		      sta	currentP1Color
   2322  31d7		       85 02		      sta	WSYNC
   2323  31d9		       4c 1f f2 	      jmp	Stage5OddNext
   2324  31dc
   2325  31dc				   Stage5ServiceCollect0
   2326  31dc		       a9 ff		      lda	#$FF
   2327  31de		       85 0e		      sta	PF1
   2328  31e0		       ea		      nop
   2329  31e1		       ea		      nop
   2330  31e2		       ea		      nop
   2331  31e3		       85 11		      sta	RESP1
   2332  31e5		       a5 9c		      lda	collectDraw0
   2333  31e7		       85 a0		      sta	currentP1Mask
   2334  31e9		       a5 a5		      lda	requiredP1Color
   2335  31eb		       85 a1		      sta	currentP1Color
   2336  31ed		       85 02		      sta	WSYNC
   2337  31ef		       4c 1f f2 	      jmp	Stage5OddNext
   2338  31f2
   2339  31f2				   Stage5ServiceDishB
   2340  31f2		       a9 00		      lda	#$00
   2341  31f4		       85 0e		      sta	PF1
   2342  31f6		       ea		      nop
   2343  31f7		       ea		      nop
   2344  31f8		       85 11		      sta	RESP1
   2345  31fa		       85 12		      sta	RESM0
   2346  31fc		       a9 ff		      lda	#$FF
   2347  31fe		       85 a0		      sta	currentP1Mask
   2348  3200		       a5 a3		      lda	dishColorB
   2349  3202		       85 a1		      sta	currentP1Color
   2350  3204		       85 02		      sta	WSYNC
   2351  3206		       4c 1f f2 	      jmp	Stage5OddNext
   2352  3209
   2353  3209				   Stage5ServiceCollect1
   2354  3209		       ea		      nop
   2355  320a		       85 11		      sta	RESP1
   2356  320c		       85 12		      sta	RESM0
   2357  320e		       a9 fe		      lda	#$FE
   2358  3210		       85 0e		      sta	PF1
   2359  3212		       a5 9d		      lda	collectDraw1
   2360  3214		       85 a0		      sta	currentP1Mask
   2361  3216		       a5 a5		      lda	requiredP1Color
   2362  3218		       85 a1		      sta	currentP1Color
   2363  321a		       85 02		      sta	WSYNC
   2364  321c		       4c 1f f2 	      jmp	Stage5OddNext
   2365  321f
   2366  321f				   Stage5OddNext
   2367  321f		       e8		      inx
   2368  3220		       e0 b0		      cpx	#ROOM_LINES
   2369  3222		       f0 03		      beq	Stage5OddDone
   2370  3224		       4c 17 f1 	      jmp	Stage5RoomKernel
   2371  3227				   Stage5OddDone
   2372  3227		       4c 2a f2 	      jmp	Stage5RoomDone
   2373  322a
   2374  322a				   Stage5RoomDone
   2375  322a		       a9 02		      lda	#2
   2376  322c		       85 01		      sta	VBLANK
   2377  322e		       a9 00		      lda	#0
   2378  3230		       85 0d		      sta	PF0
   2379  3232		       85 0e		      sta	PF1
   2380  3234		       85 0f		      sta	PF2
   2381  3236		       85 1b		      sta	GRP0
   2382  3238		       85 1c		      sta	GRP1
   2383  323a		       85 1e		      sta	ENAM1
   2384  323c		       85 1f		      sta	ENABL
   2385  323e		       a2 1e		      ldx	#30
   2386  3240				   Stage5OverscanLoop
   2387  3240		       85 02		      sta	WSYNC
   2388  3242		       ca		      dex
   2389  3243		       d0 fb		      bne	Stage5OverscanLoop
   2390  3245		       4c d8 fb 	      jmp	Stage5ReturnGate
   2391  3248
   2392  3587					      ORG	$3587
   2393  3587					      RORG	$F587
   2394  3587				   Stage5SuitUp
   2395  3587		       3c 7e 81 7e	      byte.b	%00111100,%01111110,%10000001,%01111110
   2396  358b		       ff 7e 66 	      byte.b	%11111111,%01111110,%01100110
   2397  358e				   Stage5SuitUpRight
   2398  358e		       3c 7e 81 7e	      byte.b	%00111100,%01111110,%10000001,%01111110
   2399  3592		       ff 7e 66 	      byte.b	%11111111,%01111110,%01100110
   2400  3595				   Stage5SuitRight
   2401  3595		       3c 7e 81 7e	      byte.b	%00111100,%01111110,%10000001,%01111110
   2402  3599		       ff 7e 66 	      byte.b	%11111111,%01111110,%01100110
   2403  359c				   Stage5SuitDownRight
   2404  359c		       3c 7e 81 7e	      byte.b	%00111100,%01111110,%10000001,%01111110
   2405  35a0		       ff 7e 66 	      byte.b	%11111111,%01111110,%01100110
   2406  35a3				   Stage5SuitDown
   2407  35a3		       3c 7e 81 7e	      byte.b	%00111100,%01111110,%10000001,%01111110
   2408  35a7		       ff 7e 66 	      byte.b	%11111111,%01111110,%01100110
   2409  35aa
   2410  35aa				   Stage5VisorEnable
   2411  35aa		       00 00 00 00*	      byte.b	0,0,0,0,0,0,0
   2412  35b1
   2413  3600					      ORG	$3600
   2414  3600					      RORG	$F600
   2415  3600				   Stage5WorldGraphics
   2416  3600		       00 00 00 00*	      ds	9,0
   2417  3609		       10		      byte.b	%00010000
   2418  360a		       00		      ds	1,0
   2419  360b		       18		      byte.b	%00011000
   2420  360c		       00		      ds	1,0
   2421  360d		       7c		      byte.b	%01111100
   2422  360e		       00		      ds	1,0
   2423  360f		       fe		      byte.b	%11111110
   2424  3610		       00		      ds	1,0
   2425  3611		       7c		      byte.b	%01111100
   2426  3612		       00		      ds	1,0
   2427  3613		       18		      byte.b	%00011000
   2428  3614		       00		      ds	1,0
   2429  3615		       10		      byte.b	%00010000
   2430  3616		       00 00 00 00*	      ds	7,0
   2431  361d		       3c		      byte.b	%00111100
   2432  361e		       00		      ds	1,0
   2433  361f		       60		      byte.b	%01100000
   2434  3620		       00		      ds	1,0
   2435  3621		       c0		      byte.b	%11000000
   2436  3622		       00		      ds	1,0
   2437  3623		       c0		      byte.b	%11000000
   2438  3624		       00		      ds	1,0
   2439  3625		       60		      byte.b	%01100000
   2440  3626		       00		      ds	1,0
   2441  3627		       3c		      byte.b	%00111100
   2442  3628		       00		      ds	1,0
   2443  3629		       18		      byte.b	%00011000
   2444  362a		       00		      ds	1,0
   2445  362b		       3c		      byte.b	%00111100
   2446  362c		       00 00 00 00*	      ds	5,0
   2447  3631		       38		      byte.b	%00111000
   2448  3632		       00		      ds	1,0
   2449  3633		       78		      byte.b	%01111000
   2450  3634		       00		      ds	1,0
   2451  3635		       f0		      byte.b	%11110000
   2452  3636		       00		      ds	1,0
   2453  3637		       f8		      byte.b	%11111000
   2454  3638		       00		      ds	1,0
   2455  3639		       f0		      byte.b	%11110000
   2456  363a		       00		      ds	1,0
   2457  363b		       78		      byte.b	%01111000
   2458  363c		       00		      ds	1,0
   2459  363d		       38		      byte.b	%00111000
   2460  363e		       00 00 00 00*	      ds	15,0
   2461  364d		       3c		      byte.b	%00111100
   2462  364e		       00		      ds	1,0
   2463  364f		       60		      byte.b	%01100000
   2464  3650		       00		      ds	1,0
   2465  3651		       c0		      byte.b	%11000000
   2466  3652		       00		      ds	1,0
   2467  3653		       c0		      byte.b	%11000000
   2468  3654		       00		      ds	1,0
   2469  3655		       60		      byte.b	%01100000
   2470  3656		       00		      ds	1,0
   2471  3657		       3c		      byte.b	%00111100
   2472  3658		       00		      ds	1,0
   2473  3659		       18		      byte.b	%00011000
   2474  365a		       00		      ds	1,0
   2475  365b		       3c		      byte.b	%00111100
   2476  365c		       00 00 00 00*	      ds	5,0
   2477  3661		       38		      byte.b	%00111000
   2478  3662		       00		      ds	1,0
   2479  3663		       78		      byte.b	%01111000
   2480  3664		       00		      ds	1,0
   2481  3665		       f0		      byte.b	%11110000
   2482  3666		       00		      ds	1,0
   2483  3667		       f8		      byte.b	%11111000
   2484  3668		       00		      ds	1,0
   2485  3669		       f0		      byte.b	%11110000
   2486  366a		       00		      ds	1,0
   2487  366b		       78		      byte.b	%01111000
   2488  366c		       00		      ds	1,0
   2489  366d		       38		      byte.b	%00111000
   2490  366e		       00 00 00 00*	      ds	13,0
   2491  367b		       3c		      byte.b	%00111100
   2492  367c		       00		      ds	1,0
   2493  367d		       60		      byte.b	%01100000
   2494  367e		       00		      ds	1,0
   2495  367f		       c0		      byte.b	%11000000
   2496  3680		       00		      ds	1,0
   2497  3681		       c0		      byte.b	%11000000
   2498  3682		       00		      ds	1,0
   2499  3683		       60		      byte.b	%01100000
   2500  3684		       00		      ds	1,0
   2501  3685		       3c		      byte.b	%00111100
   2502  3686		       00		      ds	1,0
   2503  3687		       18		      byte.b	%00011000
   2504  3688		       00		      ds	1,0
   2505  3689		       3c		      byte.b	%00111100
   2506  368a		       00 00 00 00*	      ds	7,0
   2507  3691		       38		      byte.b	%00111000
   2508  3692		       00		      ds	1,0
   2509  3693		       78		      byte.b	%01111000
   2510  3694		       00		      ds	1,0
   2511  3695		       f0		      byte.b	%11110000
   2512  3696		       00		      ds	1,0
   2513  3697		       f8		      byte.b	%11111000
   2514  3698		       00		      ds	1,0
   2515  3699		       f0		      byte.b	%11110000
   2516  369a		       00		      ds	1,0
   2517  369b		       78		      byte.b	%01111000
   2518  369c		       00		      ds	1,0
   2519  369d		       38		      byte.b	%00111000
   2520  369e		       00 00 00 	      ds	3,0
   2521  36a1		       3c		      byte.b	%00111100
   2522  36a2		       00		      ds	1,0
   2523  36a3		       7e		      byte.b	%01111110
   2524  36a4		       00		      ds	1,0
   2525  36a5		       c3		      byte.b	%11000011
   2526  36a6		       00		      ds	1,0
   2527  36a7		       db		      byte.b	%11011011
   2528  36a8		       00		      ds	1,0
   2529  36a9		       db		      byte.b	%11011011
   2530  36aa		       00		      ds	1,0
   2531  36ab		       c3		      byte.b	%11000011
   2532  36ac		       00		      ds	1,0
   2533  36ad		       3c		      byte.b	%00111100
   2534  36ae		       00		      ds	1,0
   2535  36af		       00		      byte.b	%00000000
   2536  36b0
   2537  3700					      ORG	$3700
   2538  3700					      RORG	$F700
   2539  3700				   Stage5ServiceCode
   2540  3700		       00 00 00 00*	      ds	23,0
   2541  3717		       01		      byte.b	1
   2542  3718		       00 00 00 00*	      ds	21,0
   2543  372d		       02		      byte.b	2
   2544  372e		       00 00 00 00*	      ds	19,0
   2545  3741		       03		      byte.b	3
   2546  3742		       00 00 00 00*	      ds	27,0
   2547  375d		       04		      byte.b	4
   2548  375e		       00 00 00 00*	      ds	21,0
   2549  3773		       05		      byte.b	5
   2550  3774		       00 00 00 00*	      ds	23,0
   2551  378b		       06		      byte.b	6
   2552  378c		       00 00 00 00*	      ds	19,0
   2553  379f		       07		      byte.b	7
   2554  37a0		       00 00 00 00*	      ds	16,0
   2555  37b0
   2556  3800					      ORG	$3800
   2557  3800					      RORG	$F800
   2558  3800				   Stage5TerrainColor
   2559  3800							; Deep-violet mastery room: the darkest member of Chapter One.
   2560  3800		       9e 9c 9a 98*	      byte.b	$9E,$9C,$9A,$98,$96,$98,$9A,$9C
   2561  3808		       72 72 72 72*	      ds	8,$72
   2562  3810		       74 74 74 74*	      ds	8,$74
   2563  3818		       76 76 76 76*	      ds	8,$76
   2564  3820		       78 78 78 78*	      ds	8,$78
   2565  3828		       7a 7a 7a 7a*	      ds	8,$7A
   2566  3830		       7c 7c 7c 7c*	      ds	8,$7C
   2567  3838		       7e 7e 7e 7e*	      ds	8,$7E
   2568  3840		       7c 7c 7c 7c*	      ds	8,$7C
   2569  3848		       7a 7a 7a 7a*	      ds	8,$7A
   2570  3850		       78 78 78 78*	      ds	8,$78
   2571  3858		       76 76 76 76*	      ds	8,$76
   2572  3860		       74 74 74 74*	      ds	8,$74
   2573  3868		       72 72 72 72*	      ds	8,$72
   2574  3870		       82 82 82 82*	      ds	8,$82
   2575  3878		       84 84 84 84*	      ds	8,$84
   2576  3880		       86 86 86 86*	      ds	8,$86
   2577  3888		       88 88 88 88*	      ds	8,$88
   2578  3890		       8a 8a 8a 8a*	      ds	8,$8A
   2579  3898		       88 88 88 88*	      ds	8,$88
   2580  38a0		       86 86 86 86*	      ds	8,$86
   2581  38a8		       84 84 84 84*	      ds	8,$84
   2582  38b0		       82 82 82 82*	      ds	8,$82
   2583  38b8
   2584  3900					      ORG	$3900
   2585  3900					      RORG	$F900
   2586  3900				   Stage5TerrainLeftPF1
   2587  3900		       ff ff ff ff*	      ds	8,$FF
   2588  3908		       c0 c0 c0 c0*	      ds	8,$C0
   2589  3910		       e0 e0 e0 e0*	      ds	8,$E0
   2590  3918		       e0 e0 e0 e0*	      ds	8,$E0
   2591  3920		       80 80 80 80*	      ds	8,$80
   2592  3928		       00 00 00 00*	      ds	8,$00
   2593  3930		       c0 c0 c0 c0*	      ds	8,$C0
   2594  3938		       f8 f8 f8 f8*	      ds	8,$F8
   2595  3940		       ff ff ff ff*	      ds	8,$FF
   2596  3948		       f0 f0 f0 f0*	      ds	8,$F0
   2597  3950		       80 80 80 80*	      ds	8,$80
   2598  3958		       00 00 00 00*	      ds	8,$00
   2599  3960		       e0 e0 e0 e0*	      ds	8,$E0
   2600  3968		       fe fe fe fe*	      ds	8,$FE
   2601  3970		       f8 f8 f8 f8*	      ds	8,$F8
   2602  3978		       c0 c0 c0 c0*	      ds	8,$C0
   2603  3980		       00 00 00 00*	      ds	8,$00
   2604  3988		       e0 e0 e0 e0*	      ds	8,$E0
   2605  3990		       fc fc fc fc*	      ds	8,$FC
   2606  3998		       ff ff ff ff*	      ds	8,$FF
   2607  39a0		       f0 f0 f0 f0*	      ds	8,$F0
   2608  39a8		       ff ff ff ff*	      ds	8,$FF
   2609  39b0
   2610  3a00					      ORG	$3A00
   2611  3a00					      RORG	$FA00
   2612  3a00				   Stage5TerrainRightPF1
   2613  3a00		       ff ff ff ff*	      ds	8,$FF
   2614  3a08		       80 80 80 80*	      ds	8,$80
   2615  3a10		       00 00 00 00*	      ds	8,$00
   2616  3a18		       c0 c0 c0 c0*	      ds	8,$C0
   2617  3a20		       f8 f8 f8 f8*	      ds	8,$F8
   2618  3a28		       ff ff ff ff*	      ds	8,$FF
   2619  3a30		       f8 f8 f8 f8*	      ds	8,$F8
   2620  3a38		       e0 e0 e0 e0*	      ds	8,$E0
   2621  3a40		       00 00 00 00*	      ds	8,$00
   2622  3a48		       c0 c0 c0 c0*	      ds	8,$C0
   2623  3a50		       fc fc fc fc*	      ds	8,$FC
   2624  3a58		       fe fe fe fe*	      ds	8,$FE
   2625  3a60		       f0 f0 f0 f0*	      ds	8,$F0
   2626  3a68		       80 80 80 80*	      ds	8,$80
   2627  3a70		       00 00 00 00*	      ds	8,$00
   2628  3a78		       e0 e0 e0 e0*	      ds	8,$E0
   2629  3a80		       fe fe fe fe*	      ds	8,$FE
   2630  3a88		       f8 f8 f8 f8*	      ds	8,$F8
   2631  3a90		       c0 c0 c0 c0*	      ds	8,$C0
   2632  3a98		       00 00 00 00*	      ds	8,$00
   2633  3aa0		       e0 e0 e0 e0*	      ds	8,$E0
   2634  3aa8		       ff ff ff ff*	      ds	8,$FF
   2635  3ab0
   2636  3b00					      ORG	$3B00
   2637  3b00					      RORG	$FB00
   2638  3b00				   Stage5TerrainPF2
   2639  3b00		       ff ff ff ff*	      ds	8,$FF
   2640  3b08		       00 00 00 00*	      ds	160,$00
   2641  3ba8		       ff ff ff ff*	      ds	8,$FF
   2642  3bb0
   2643  3bd3					      ORG	$3BD3
   2644  3bd3					      RORG	$FBD3
   2645  3bd3				   Stage5EntryLanding
   2646  3bd3		       4c 00 f1 	      jmp	Stage5RoomStart
   2647  3bd6
   2648  3bd8					      ORG	$3BD8
   2649  3bd8					      RORG	$FBD8
   2650  3bd8				   Stage5ReturnGate
   2651  3bd8		       ad fb ff 	      lda	$FFFB
   2652  3bdb
   2653  3c00					      ORG	$3C00
   2654  3c00					      RORG	$FC00
   2655  3c00				   Stage5StarEnable
   2656  3c00				  -	      IFCONST	STARFIELD_LAB
   2657  3c00				  -	      ds	16,0
   2658  3c00				  -	      byte	$02
   2659  3c00				  -	      ds	15,0
   2660  3c00				  -	      byte	$02
   2661  3c00				  -	      ds	19,0
   2662  3c00				  -	      byte	$02
   2663  3c00				  -	      ds	21,0
   2664  3c00				  -	      byte	$02
   2665  3c00				  -	      ds	13,0
   2666  3c00				  -	      byte	$02
   2667  3c00				  -	      ds	15,0
   2668  3c00				  -	      byte	$02
   2669  3c00				  -	      ds	19,0
   2670  3c00				  -	      byte	$02
   2671  3c00				  -	      ds	9,0
   2672  3c00				  -	      byte	$02
   2673  3c00				  -	      ds	15,0
   2674  3c00				  -	      byte	$02
   2675  3c00				  -	      ds	17,0
   2676  3c00				  -	      byte	$02
   2677  3c00				  -	      ds	7,0
   2678  3c00					      ELSE
   2679  3c00		       00 00 00 00*	      ds	176,0
   2680  3cb0					      ENDIF
   2681  3cb0
   2682  3d00					      ORG	$3D00
   2683  3d00					      RORG	$FD00
   2684  3d00				   Stage5StarControl
   2685  3d00				  -	      IFCONST	STARFIELD_LAB
   2686  3d00				  -	      ds	15,0
   2687  3d00				  -	      byte	$10,0,$80
   2688  3d00				  -	      ds	13,0
   2689  3d00				  -	      byte	$11,0,$80
   2690  3d00				  -	      ds	17,0
   2691  3d00				  -	      byte	$12,0,$80
   2692  3d00				  -	      ds	19,0
   2693  3d00				  -	      byte	$13,0,$80
   2694  3d00				  -	      ds	11,0
   2695  3d00				  -	      byte	$11,0,$80
   2696  3d00				  -	      ds	13,0
   2697  3d00				  -	      byte	$10,0,$80
   2698  3d00				  -	      ds	17,0
   2699  3d00				  -	      byte	$13,0,$80
   2700  3d00				  -	      ds	7,0
   2701  3d00				  -	      byte	$12,0,$80
   2702  3d00				  -	      ds	13,0
   2703  3d00				  -	      byte	$10,0,$80
   2704  3d00				  -	      ds	15,0
   2705  3d00				  -	      byte	$12,0,$80
   2706  3d00				  -	      ds	6,0
   2707  3d00					      ELSE
   2708  3d00		       00 00 00 00*	      ds	176,0
   2709  3db0					      ENDIF
   2710  3db0				   Stage5StarFadeColors
   2711  3db0		       02 02 02 00	      byte.b	$02,$02,$02,$00
   2712  3db4				   Stage5StarOddControl
   2713  3db4		       bd 00 fa 	      lda	TerrainRightPF1,x
   2714  3db7		       85 0e		      sta	PF1
   2715  3db9		       bd 00 fd 	      lda	Stage5StarControl,x
   2716  3dbc		       f0 17		      beq	.sync
   2717  3dbe		       30 0f		      bmi	.restore
   2718  3dc0		       45 b3		      eor	bestBeacon
   2719  3dc2		       29 03		      and	#3
   2720  3dc4		       a8		      tay
   2721  3dc5		       b9 b0 fd 	      lda	Stage5StarFadeColors,y
   2722  3dc8		       85 ae		      sta	visorEnable
   2723  3dca		       85 1d		      sta	ENAM0	; pre-stage the next even scanline's point
   2724  3dcc		       4c d5 fd 	      jmp	.sync
   2725  3dcf				   .restore
   2726  3dcf		       a9 00		      lda	#0
   2727  3dd1		       85 ae		      sta	visorEnable
   2728  3dd3		       85 1d		      sta	ENAM0
   2729  3dd5				   .sync
   2730  3dd5		       85 02		      sta	WSYNC
   2731  3dd7		       4c 1f f2 	      jmp	Stage5OddNext
   2732  3dda
   2733  3ffa					      ORG	$3FFA
   2734  3ffa					      RORG	$FFFA
   2735  3ffa		       00 f0 00 f0*	      word.w	$F000,$F000,$F000
   2736  4000
   2737  4000							; ---------------------------------------------------------------------------
   2738  4000							; BANK 7 — fixed reset, frame, renderer, room and astronaut art.
   2739  4000							; Its virtual addresses are unchanged from the approved F8 display bank.
   2740  4000							; ---------------------------------------------------------------------------
   2741  4000
   2742  5000 ????				      SEG	BANK4
   2743  4000					      ORG	$4000
   2744  4000					      RORG	$F000
   2745  4000				   Bank4Boot
   2746  4000		       ad fb ff 	      lda	$FFFB
   2747  4003		       4c 06 f0 	      jmp	$F006
   2748  4006
   2749  4006							; ---------------------------------------------------------------------------
   2750  4006							; STAGE 4 ROOM BANK
   2751  4006							;
   2752  4006							; Bank 6 owns a complete, scanline-stable room kernel and its own terrain
   2753  4006							; pages.  No bank switch occurs while the beam is drawing the room.  The
   2754  4006							; astronaut art is repeated at the same virtual addresses used by Bank 7, so
   2755  4006							; SelectPose can prepare one pointer format for both stages.
   2756  4006							; ---------------------------------------------------------------------------
   2757  4100					      ORG	$4100
   2758  4100					      RORG	$F100
   2759  4100				   Stage4RoomStart
   2760  4100		       ad 00 f8 	      lda	TerrainColor
   2761  4103		       85 08		      sta	COLUPF
   2762  4105		       a9 00		      lda	#0
   2763  4107		       85 1b		      sta	GRP0
   2764  4109		       85 1c		      sta	GRP1
   2765  410b		       85 1d		      sta	ENAM0
   2766  410d		       85 1e		      sta	ENAM1
   2767  410f		       a2 00		      ldx	#0
   2768  4111		       85 02		      sta	WSYNC
   2769  4113		       a9 f0		      lda	#$F0
   2770  4115		       85 0d		      sta	PF0
   2771  4117
   2772  4117				   Stage4RoomKernel
   2773  4117		       bd 00 f8 	      lda	TerrainColor,x
   2774  411a		       85 08		      sta	COLUPF
   2775  411c		       bd 00 f9 	      lda	TerrainLeftPF1,x
   2776  411f		       85 0e		      sta	PF1
   2777  4121		       bd 00 fb 	      lda	TerrainPF2,x
   2778  4124		       85 0f		      sta	PF2
   2779  4126		       bd 00 fa 	      lda	TerrainRightPF1,x
   2780  4129		       85 0e		      sta	PF1
   2781  412b
   2782  412b		       8a		      txa
   2783  412c		       38		      sec
   2784  412d		       e5 ad		      sbc	renderTomY
   2785  412f		       c9 0e		      cmp	#ASTRONAUT_H
   2786  4131		       90 0d		      bcc	Stage4DrawTom
   2787  4133		       bd 00 fc 	      lda	StarEnable,x
   2788  4136		       25 ae		      and	visorEnable
   2789  4138		       85 1d		      sta	ENAM0
   2790  413a		       a9 00		      lda	#0
   2791  413c		       85 1b		      sta	GRP0
   2792  413e		       f0 0c		      beq	Stage4StarEvenReady
   2793  4140				   Stage4DrawTom
   2794  4140		       4a		      lsr
   2795  4141		       a8		      tay
   2796  4142		       b1 ab		      lda	(suitPtr),y
   2797  4144		       85 1b		      sta	GRP0
   2798  4146		       a9 00		      lda	#0
   2799  4148		       85 1d		      sta	ENAM0
   2800  414a		       f0 02		      beq	Stage4EvenReady
   2801  414c				   Stage4StarEvenReady
   2802  414c		       85 1d		      sta	ENAM0
   2803  414e				   Stage4EvenReady
   2804  414e		       85 02		      sta	WSYNC
   2805  4150		       e8		      inx
   2806  4151
   2807  4151		       bd 00 f6 	      lda	WorldGraphics,x
   2808  4154		       25 a0		      and	currentP1Mask
   2809  4156		       85 1c		      sta	GRP1
   2810  4158		       a5 a1		      lda	currentP1Color
   2811  415a		       85 07		      sta	COLUP1
   2812  415c		       bd 00 f9 	      lda	TerrainLeftPF1,x
   2813  415f		       85 0e		      sta	PF1
   2814  4161		       bd 00 f7 	      lda	ServiceCode,x
   2815  4164		       f0 60		      beq	Stage4OrdinaryOdd
   2816  4166		       c9 04		      cmp	#4
   2817  4168		       b0 0f		      bcs	Stage4ServiceHigh
   2818  416a		       c9 02		      cmp	#2
   2819  416c		       90 05		      bcc	Stage4JumpDishA
   2820  416e		       f0 06		      beq	Stage4JumpCollect0
   2821  4170		       4c f6 f1 	      jmp	Stage4ServiceDishB
   2822  4173				   Stage4JumpDishA
   2823  4173		       4c c9 f1 	      jmp	Stage4ServiceDishA
   2824  4176				   Stage4JumpCollect0
   2825  4176		       4c e0 f1 	      jmp	Stage4ServiceCollect0
   2826  4179
   2827  4179				   Stage4ServiceHigh
   2828  4179		       f0 48		      beq	Stage4JumpCollect1
   2829  417b		       c9 06		      cmp	#6
   2830  417d		       90 16		      bcc	Stage4ServiceDishC
   2831  417f		       f0 2b		      beq	Stage4ServiceCollect2
   2832  4181
   2833  4181				   Stage4ServiceExit
   2834  4181		       ea		      nop
   2835  4182		       85 11		      sta	RESP1
   2836  4184		       a9 fc		      lda	#$FC
   2837  4186		       85 0e		      sta	PF1
   2838  4188		       a5 a7		      lda	exitDraw
   2839  418a		       85 a0		      sta	currentP1Mask
   2840  418c		       a5 a8		      lda	exitP1Color
   2841  418e		       85 a1		      sta	currentP1Color
   2842  4190		       85 02		      sta	WSYNC
   2843  4192		       4c 21 f2 	      jmp	Stage4OddNext
   2844  4195
   2845  4195				   Stage4ServiceDishC
   2846  4195		       ea		      nop
   2847  4196		       ea		      nop
   2848  4197		       85 11		      sta	RESP1
   2849  4199		       85 12		      sta	RESM0
   2850  419b		       a9 f8		      lda	#$F8
   2851  419d		       85 0e		      sta	PF1
   2852  419f		       a9 ff		      lda	#$FF
   2853  41a1		       85 a0		      sta	currentP1Mask
   2854  41a3		       a5 a4		      lda	dishColorC
   2855  41a5		       85 a1		      sta	currentP1Color
   2856  41a7		       85 02		      sta	WSYNC
   2857  41a9		       4c 21 f2 	      jmp	Stage4OddNext
   2858  41ac
   2859  41ac				   Stage4ServiceCollect2
   2860  41ac		       a9 80		      lda	#$80
   2861  41ae		       85 0e		      sta	PF1
   2862  41b0		       ea		      nop
   2863  41b1		       ea		      nop
   2864  41b2		       85 11		      sta	RESP1
   2865  41b4		       85 12		      sta	RESM0
   2866  41b6		       a5 9e		      lda	collectDraw2
   2867  41b8		       85 a0		      sta	currentP1Mask
   2868  41ba		       a5 a5		      lda	requiredP1Color
   2869  41bc		       85 a1		      sta	currentP1Color
   2870  41be		       85 02		      sta	WSYNC
   2871  41c0		       4c 21 f2 	      jmp	Stage4OddNext
   2872  41c3
   2873  41c3				   Stage4JumpCollect1
   2874  41c3		       4c 0c f2 	      jmp	Stage4ServiceCollect1
   2875  41c6
   2876  41c6				   Stage4OrdinaryOdd
   2877  41c6		       4c b4 fd 	      jmp	Stage4StarOddControl
   2878  41c9
   2879  41c9							; Stage 4's authored X positions differ from Stage 1.	These handlers retain
   2880  41c9							; the identical state and WSYNC structure while moving only the RESP1 strobe.
   2881  41c9				   Stage4ServiceDishA
   2882  41c9		       ea		      nop
   2883  41ca		       ea		      nop
   2884  41cb		       85 11		      sta	RESP1
   2885  41cd		       85 12		      sta	RESM0
   2886  41cf		       a9 80		      lda	#$80
   2887  41d1		       85 0e		      sta	PF1
   2888  41d3		       a9 ff		      lda	#$FF
   2889  41d5		       85 a0		      sta	currentP1Mask
   2890  41d7		       a5 a2		      lda	dishColorA
   2891  41d9		       85 a1		      sta	currentP1Color
   2892  41db		       85 02		      sta	WSYNC
   2893  41dd		       4c 21 f2 	      jmp	Stage4OddNext
   2894  41e0
   2895  41e0				   Stage4ServiceCollect0
   2896  41e0		       a9 fc		      lda	#$FC
   2897  41e2		       85 0e		      sta	PF1
   2898  41e4		       ea		      nop
   2899  41e5		       ea		      nop
   2900  41e6		       ea		      nop
   2901  41e7		       85 11		      sta	RESP1
   2902  41e9		       a5 9c		      lda	collectDraw0
   2903  41eb		       85 a0		      sta	currentP1Mask
   2904  41ed		       a5 a5		      lda	requiredP1Color
   2905  41ef		       85 a1		      sta	currentP1Color
   2906  41f1		       85 02		      sta	WSYNC
   2907  41f3		       4c 21 f2 	      jmp	Stage4OddNext
   2908  41f6
   2909  41f6				   Stage4ServiceDishB
   2910  41f6		       a9 c0		      lda	#$C0
   2911  41f8		       85 0e		      sta	PF1
   2912  41fa		       ea		      nop
   2913  41fb		       85 11		      sta	RESP1
   2914  41fd		       85 12		      sta	RESM0
   2915  41ff		       a9 ff		      lda	#$FF
   2916  4201		       85 a0		      sta	currentP1Mask
   2917  4203		       a5 a3		      lda	dishColorB
   2918  4205		       85 a1		      sta	currentP1Color
   2919  4207		       85 02		      sta	WSYNC
   2920  4209		       4c 21 f2 	      jmp	Stage4OddNext
   2921  420c
   2922  420c				   Stage4ServiceCollect1
   2923  420c		       85 11		      sta	RESP1
   2924  420e		       85 12		      sta	RESM0
   2925  4210		       a9 e0		      lda	#$E0
   2926  4212		       85 0e		      sta	PF1
   2927  4214		       a5 9d		      lda	collectDraw1
   2928  4216		       85 a0		      sta	currentP1Mask
   2929  4218		       a5 a5		      lda	requiredP1Color
   2930  421a		       85 a1		      sta	currentP1Color
   2931  421c		       85 02		      sta	WSYNC
   2932  421e		       4c 21 f2 	      jmp	Stage4OddNext
   2933  4221
   2934  4221				   Stage4OddNext
   2935  4221		       e8		      inx
   2936  4222		       e0 b0		      cpx	#ROOM_LINES
   2937  4224		       f0 03		      beq	Stage4OddDone
   2938  4226		       4c 17 f1 	      jmp	Stage4RoomKernel
   2939  4229				   Stage4OddDone
   2940  4229		       4c 2c f2 	      jmp	Stage4RoomDone
   2941  422c
   2942  422c				   Stage4RoomDone
   2943  422c		       a9 02		      lda	#2
   2944  422e		       85 01		      sta	VBLANK
   2945  4230		       a9 00		      lda	#0
   2946  4232		       85 0d		      sta	PF0
   2947  4234		       85 0e		      sta	PF1
   2948  4236		       85 0f		      sta	PF2
   2949  4238		       85 1b		      sta	GRP0
   2950  423a		       85 1c		      sta	GRP1
   2951  423c		       85 1e		      sta	ENAM1
   2952  423e		       85 1f		      sta	ENABL
   2953  4240		       a2 1e		      ldx	#30
   2954  4242				   Stage4OverscanLoop
   2955  4242		       85 02		      sta	WSYNC
   2956  4244		       ca		      dex
   2957  4245		       d0 fb		      bne	Stage4OverscanLoop
   2958  4247		       4c b8 fb 	      jmp	Stage4ReturnGate
   2959  424a
   2960  4587					      ORG	$4587
   2961  4587					      RORG	$F587
   2962  4587				   Stage4SuitUp
   2963  4587		       3c 7e 81 7e	      byte.b	%00111100,%01111110,%10000001,%01111110
   2964  458b		       ff 7e 66 	      byte.b	%11111111,%01111110,%01100110
   2965  458e				   Stage4SuitUpRight
   2966  458e		       3c 7e 81 7e	      byte.b	%00111100,%01111110,%10000001,%01111110
   2967  4592		       ff 7e 66 	      byte.b	%11111111,%01111110,%01100110
   2968  4595				   Stage4SuitRight
   2969  4595		       3c 7e 81 7e	      byte.b	%00111100,%01111110,%10000001,%01111110
   2970  4599		       ff 7e 66 	      byte.b	%11111111,%01111110,%01100110
   2971  459c				   Stage4SuitDownRight
   2972  459c		       3c 7e 81 7e	      byte.b	%00111100,%01111110,%10000001,%01111110
   2973  45a0		       ff 7e 66 	      byte.b	%11111111,%01111110,%01100110
   2974  45a3				   Stage4SuitDown
   2975  45a3		       3c 7e 81 7e	      byte.b	%00111100,%01111110,%10000001,%01111110
   2976  45a7		       ff 7e 66 	      byte.b	%11111111,%01111110,%01100110
   2977  45aa
   2978  45aa				   Stage4VisorEnable
   2979  45aa		       00 00 00 00*	      byte.b	0,0,0,0,0,0,0
   2980  45b1
   2981  4600					      ORG	$4600
   2982  4600					      RORG	$F600
   2983  4600				   Stage4WorldGraphics
   2984  4600		       00 00 00 00*	      ds	9,0
   2985  4609		       10		      byte.b	%00010000
   2986  460a		       00		      ds	1,0
   2987  460b		       18		      byte.b	%00011000
   2988  460c		       00		      ds	1,0
   2989  460d		       7c		      byte.b	%01111100
   2990  460e		       00		      ds	1,0
   2991  460f		       fe		      byte.b	%11111110
   2992  4610		       00		      ds	1,0
   2993  4611		       7c		      byte.b	%01111100
   2994  4612		       00		      ds	1,0
   2995  4613		       18		      byte.b	%00011000
   2996  4614		       00		      ds	1,0
   2997  4615		       10		      byte.b	%00010000
   2998  4616		       00 00 00 00*	      ds	7,0
   2999  461d		       3c		      byte.b	%00111100
   3000  461e		       00		      ds	1,0
   3001  461f		       60		      byte.b	%01100000
   3002  4620		       00		      ds	1,0
   3003  4621		       c0		      byte.b	%11000000
   3004  4622		       00		      ds	1,0
   3005  4623		       c0		      byte.b	%11000000
   3006  4624		       00		      ds	1,0
   3007  4625		       60		      byte.b	%01100000
   3008  4626		       00		      ds	1,0
   3009  4627		       3c		      byte.b	%00111100
   3010  4628		       00		      ds	1,0
   3011  4629		       18		      byte.b	%00011000
   3012  462a		       00		      ds	1,0
   3013  462b		       3c		      byte.b	%00111100
   3014  462c		       00 00 00 00*	      ds	5,0
   3015  4631		       38		      byte.b	%00111000
   3016  4632		       00		      ds	1,0
   3017  4633		       78		      byte.b	%01111000
   3018  4634		       00		      ds	1,0
   3019  4635		       f0		      byte.b	%11110000
   3020  4636		       00		      ds	1,0
   3021  4637		       f8		      byte.b	%11111000
   3022  4638		       00		      ds	1,0
   3023  4639		       f0		      byte.b	%11110000
   3024  463a		       00		      ds	1,0
   3025  463b		       78		      byte.b	%01111000
   3026  463c		       00		      ds	1,0
   3027  463d		       38		      byte.b	%00111000
   3028  463e		       00 00 00 00*	      ds	15,0
   3029  464d		       3c		      byte.b	%00111100
   3030  464e		       00		      ds	1,0
   3031  464f		       60		      byte.b	%01100000
   3032  4650		       00		      ds	1,0
   3033  4651		       c0		      byte.b	%11000000
   3034  4652		       00		      ds	1,0
   3035  4653		       c0		      byte.b	%11000000
   3036  4654		       00		      ds	1,0
   3037  4655		       60		      byte.b	%01100000
   3038  4656		       00		      ds	1,0
   3039  4657		       3c		      byte.b	%00111100
   3040  4658		       00		      ds	1,0
   3041  4659		       18		      byte.b	%00011000
   3042  465a		       00		      ds	1,0
   3043  465b		       3c		      byte.b	%00111100
   3044  465c		       00 00 00 00*	      ds	5,0
   3045  4661		       38		      byte.b	%00111000
   3046  4662		       00		      ds	1,0
   3047  4663		       78		      byte.b	%01111000
   3048  4664		       00		      ds	1,0
   3049  4665		       f0		      byte.b	%11110000
   3050  4666		       00		      ds	1,0
   3051  4667		       f8		      byte.b	%11111000
   3052  4668		       00		      ds	1,0
   3053  4669		       f0		      byte.b	%11110000
   3054  466a		       00		      ds	1,0
   3055  466b		       78		      byte.b	%01111000
   3056  466c		       00		      ds	1,0
   3057  466d		       38		      byte.b	%00111000
   3058  466e		       00 00 00 00*	      ds	13,0
   3059  467b		       3c		      byte.b	%00111100
   3060  467c		       00		      ds	1,0
   3061  467d		       60		      byte.b	%01100000
   3062  467e		       00		      ds	1,0
   3063  467f		       c0		      byte.b	%11000000
   3064  4680		       00		      ds	1,0
   3065  4681		       c0		      byte.b	%11000000
   3066  4682		       00		      ds	1,0
   3067  4683		       60		      byte.b	%01100000
   3068  4684		       00		      ds	1,0
   3069  4685		       3c		      byte.b	%00111100
   3070  4686		       00		      ds	1,0
   3071  4687		       18		      byte.b	%00011000
   3072  4688		       00		      ds	1,0
   3073  4689		       3c		      byte.b	%00111100
   3074  468a		       00 00 00 00*	      ds	7,0
   3075  4691		       38		      byte.b	%00111000
   3076  4692		       00		      ds	1,0
   3077  4693		       78		      byte.b	%01111000
   3078  4694		       00		      ds	1,0
   3079  4695		       f0		      byte.b	%11110000
   3080  4696		       00		      ds	1,0
   3081  4697		       f8		      byte.b	%11111000
   3082  4698		       00		      ds	1,0
   3083  4699		       f0		      byte.b	%11110000
   3084  469a		       00		      ds	1,0
   3085  469b		       78		      byte.b	%01111000
   3086  469c		       00		      ds	1,0
   3087  469d		       38		      byte.b	%00111000
   3088  469e		       00 00 00 	      ds	3,0
   3089  46a1		       3c		      byte.b	%00111100
   3090  46a2		       00		      ds	1,0
   3091  46a3		       7e		      byte.b	%01111110
   3092  46a4		       00		      ds	1,0
   3093  46a5		       c3		      byte.b	%11000011
   3094  46a6		       00		      ds	1,0
   3095  46a7		       db		      byte.b	%11011011
   3096  46a8		       00		      ds	1,0
   3097  46a9		       db		      byte.b	%11011011
   3098  46aa		       00		      ds	1,0
   3099  46ab		       c3		      byte.b	%11000011
   3100  46ac		       00		      ds	1,0
   3101  46ad		       3c		      byte.b	%00111100
   3102  46ae		       00		      ds	1,0
   3103  46af		       00		      byte.b	%00000000
   3104  46b0
   3105  4700					      ORG	$4700
   3106  4700					      RORG	$F700
   3107  4700				   Stage4ServiceCode
   3108  4700		       00 00 00 00*	      ds	23,0
   3109  4717		       01		      byte.b	1
   3110  4718		       00 00 00 00*	      ds	21,0
   3111  472d		       02		      byte.b	2
   3112  472e		       00 00 00 00*	      ds	19,0
   3113  4741		       03		      byte.b	3
   3114  4742		       00 00 00 00*	      ds	27,0
   3115  475d		       04		      byte.b	4
   3116  475e		       00 00 00 00*	      ds	21,0
   3117  4773		       05		      byte.b	5
   3118  4774		       00 00 00 00*	      ds	23,0
   3119  478b		       06		      byte.b	6
   3120  478c		       00 00 00 00*	      ds	19,0
   3121  479f		       07		      byte.b	7
   3122  47a0		       00 00 00 00*	      ds	16,0
   3123  47b0
   3124  4800					      ORG	$4800
   3125  4800					      RORG	$F800
   3126  4800				   Stage4TerrainColor
   3127  4800							; Mauve/blue variation four: brighter walls around a dark middle.
   3128  4800		       6e 6c 6a 68*	      byte.b	$6E,$6C,$6A,$68,$66,$68,$6A,$6C
   3129  4808		       82 82 82 82*	      ds	8,$82
   3130  4810		       84 84 84 84*	      ds	8,$84
   3131  4818		       86 86 86 86*	      ds	8,$86
   3132  4820		       88 88 88 88*	      ds	8,$88
   3133  4828		       8a 8a 8a 8a*	      ds	8,$8A
   3134  4830		       8c 8c 8c 8c*	      ds	8,$8C
   3135  4838		       8e 8e 8e 8e*	      ds	8,$8E
   3136  4840		       8c 8c 8c 8c*	      ds	8,$8C
   3137  4848		       8a 8a 8a 8a*	      ds	8,$8A
   3138  4850		       88 88 88 88*	      ds	8,$88
   3139  4858		       86 86 86 86*	      ds	8,$86
   3140  4860		       84 84 84 84*	      ds	8,$84
   3141  4868		       82 82 82 82*	      ds	8,$82
   3142  4870		       92 92 92 92*	      ds	8,$92
   3143  4878		       94 94 94 94*	      ds	8,$94
   3144  4880		       96 96 96 96*	      ds	8,$96
   3145  4888		       98 98 98 98*	      ds	8,$98
   3146  4890		       9a 9a 9a 9a*	      ds	8,$9A
   3147  4898		       98 98 98 98*	      ds	8,$98
   3148  48a0		       96 96 96 96*	      ds	8,$96
   3149  48a8		       94 94 94 94*	      ds	8,$94
   3150  48b0		       92 92 92 92*	      ds	8,$92
   3151  48b8
   3152  4900					      ORG	$4900
   3153  4900					      RORG	$F900
   3154  4900				   Stage4TerrainLeftPF1
   3155  4900		       ff ff ff ff*	      ds	8,$FF
   3156  4908		       c0 c0 c0 c0*	      ds	8,$C0
   3157  4910		       e0 e0 e0 e0*	      ds	8,$E0
   3158  4918		       c0 c0 c0 c0*	      ds	8,$C0
   3159  4920		       80 80 80 80*	      ds	8,$80
   3160  4928		       00 00 00 00*	      ds	8,$00
   3161  4930		       80 80 80 80*	      ds	8,$80
   3162  4938		       e0 e0 e0 e0*	      ds	8,$E0
   3163  4940		       fc fc fc fc*	      ds	8,$FC
   3164  4948		       f8 f8 f8 f8*	      ds	8,$F8
   3165  4950		       c0 c0 c0 c0*	      ds	8,$C0
   3166  4958		       00 00 00 00*	      ds	8,$00
   3167  4960		       80 80 80 80*	      ds	8,$80
   3168  4968		       e0 e0 e0 e0*	      ds	8,$E0
   3169  4970		       fc fc fc fc*	      ds	8,$FC
   3170  4978		       ff ff ff ff*	      ds	8,$FF
   3171  4980		       f8 f8 f8 f8*	      ds	8,$F8
   3172  4988		       e0 e0 e0 e0*	      ds	8,$E0
   3173  4990		       80 80 80 80*	      ds	8,$80
   3174  4998		       00 00 00 00*	      ds	8,$00
   3175  49a0		       ff ff ff ff*	      ds	8,$FF
   3176  49a8
   3177  4a00					      ORG	$4A00
   3178  4a00					      RORG	$FA00
   3179  4a00				   Stage4TerrainRightPF1
   3180  4a00		       ff ff ff ff*	      ds	8,$FF
   3181  4a08		       00 00 00 00*	      ds	8,$00
   3182  4a10		       80 80 80 80*	      ds	8,$80
   3183  4a18		       c0 c0 c0 c0*	      ds	8,$C0
   3184  4a20		       f0 f0 f0 f0*	      ds	8,$F0
   3185  4a28		       fc fc fc fc*	      ds	8,$FC
   3186  4a30		       f8 f8 f8 f8*	      ds	8,$F8
   3187  4a38		       f8 f8 f8 f8*	      ds	8,$F8
   3188  4a40		       c0 c0 c0 c0*	      ds	8,$C0
   3189  4a48		       00 00 00 00*	      ds	8,$00
   3190  4a50		       80 80 80 80*	      ds	8,$80
   3191  4a58		       e0 e0 e0 e0*	      ds	8,$E0
   3192  4a60		       fc fc fc fc*	      ds	8,$FC
   3193  4a68		       ff ff ff ff*	      ds	8,$FF
   3194  4a70		       f8 f8 f8 f8*	      ds	8,$F8
   3195  4a78		       c0 c0 c0 c0*	      ds	8,$C0
   3196  4a80		       00 00 00 00*	      ds	8,$00
   3197  4a88		       80 80 80 80*	      ds	8,$80
   3198  4a90		       e0 e0 e0 e0*	      ds	8,$E0
   3199  4a98		       fc fc fc fc*	      ds	8,$FC
   3200  4aa0		       f0 f0 f0 f0*	      ds	8,$F0
   3201  4aa8		       ff ff ff ff*	      ds	8,$FF
   3202  4ab0
   3203  4b00					      ORG	$4B00
   3204  4b00					      RORG	$FB00
   3205  4b00				   Stage4TerrainPF2
   3206  4b00		       ff ff ff ff*	      ds	8,$FF
   3207  4b08		       00 00 00 00*	      ds	160,$00
   3208  4ba8		       ff ff ff ff*	      ds	8,$FF
   3209  4bb0
   3210  4bb3					      ORG	$4BB3
   3211  4bb3					      RORG	$FBB3
   3212  4bb3				   Stage4EntryLanding
   3213  4bb3		       4c 00 f1 	      jmp	Stage4RoomStart
   3214  4bb6
   3215  4bb8					      ORG	$4BB8
   3216  4bb8					      RORG	$FBB8
   3217  4bb8				   Stage4ReturnGate
   3218  4bb8		       ad fb ff 	      lda	$FFFB
   3219  4bbb
   3220  4c00					      ORG	$4C00
   3221  4c00					      RORG	$FC00
   3222  4c00				   Stage4StarEnable
   3223  4c00				  -	      IFCONST	STARFIELD_LAB
   3224  4c00				  -	      ds	16,0
   3225  4c00				  -	      byte	$02
   3226  4c00				  -	      ds	15,0
   3227  4c00				  -	      byte	$02
   3228  4c00				  -	      ds	19,0
   3229  4c00				  -	      byte	$02
   3230  4c00				  -	      ds	21,0
   3231  4c00				  -	      byte	$02
   3232  4c00				  -	      ds	13,0
   3233  4c00				  -	      byte	$02
   3234  4c00				  -	      ds	15,0
   3235  4c00				  -	      byte	$02
   3236  4c00				  -	      ds	19,0
   3237  4c00				  -	      byte	$02
   3238  4c00				  -	      ds	9,0
   3239  4c00				  -	      byte	$02
   3240  4c00				  -	      ds	15,0
   3241  4c00				  -	      byte	$02
   3242  4c00				  -	      ds	17,0
   3243  4c00				  -	      byte	$02
   3244  4c00				  -	      ds	7,0
   3245  4c00					      ELSE
   3246  4c00		       00 00 00 00*	      ds	176,0
   3247  4cb0					      ENDIF
   3248  4cb0
   3249  4d00					      ORG	$4D00
   3250  4d00					      RORG	$FD00
   3251  4d00				   Stage4StarControl
   3252  4d00				  -	      IFCONST	STARFIELD_LAB
   3253  4d00				  -	      ds	15,0
   3254  4d00				  -	      byte	$10,0,$80
   3255  4d00				  -	      ds	13,0
   3256  4d00				  -	      byte	$11,0,$80
   3257  4d00				  -	      ds	17,0
   3258  4d00				  -	      byte	$12,0,$80
   3259  4d00				  -	      ds	19,0
   3260  4d00				  -	      byte	$13,0,$80
   3261  4d00				  -	      ds	11,0
   3262  4d00				  -	      byte	$11,0,$80
   3263  4d00				  -	      ds	13,0
   3264  4d00				  -	      byte	$10,0,$80
   3265  4d00				  -	      ds	17,0
   3266  4d00				  -	      byte	$13,0,$80
   3267  4d00				  -	      ds	7,0
   3268  4d00				  -	      byte	$12,0,$80
   3269  4d00				  -	      ds	13,0
   3270  4d00				  -	      byte	$10,0,$80
   3271  4d00				  -	      ds	15,0
   3272  4d00				  -	      byte	$12,0,$80
   3273  4d00				  -	      ds	6,0
   3274  4d00					      ELSE
   3275  4d00		       00 00 00 00*	      ds	176,0
   3276  4db0					      ENDIF
   3277  4db0				   Stage4StarFadeColors
   3278  4db0		       02 02 02 00	      byte.b	$02,$02,$02,$00
   3279  4db4				   Stage4StarOddControl
   3280  4db4		       bd 00 fa 	      lda	TerrainRightPF1,x
   3281  4db7		       85 0e		      sta	PF1
   3282  4db9		       bd 00 fd 	      lda	Stage4StarControl,x
   3283  4dbc		       f0 17		      beq	.sync
   3284  4dbe		       30 0f		      bmi	.restore
   3285  4dc0		       45 b3		      eor	bestBeacon
   3286  4dc2		       29 03		      and	#3
   3287  4dc4		       a8		      tay
   3288  4dc5		       b9 b0 fd 	      lda	Stage4StarFadeColors,y
   3289  4dc8		       85 ae		      sta	visorEnable
   3290  4dca		       85 1d		      sta	ENAM0
   3291  4dcc		       4c d5 fd 	      jmp	.sync
   3292  4dcf				   .restore
   3293  4dcf		       a9 00		      lda	#0
   3294  4dd1		       85 ae		      sta	visorEnable
   3295  4dd3		       85 1d		      sta	ENAM0
   3296  4dd5				   .sync
   3297  4dd5		       85 02		      sta	WSYNC
   3298  4dd7		       4c 21 f2 	      jmp	Stage4OddNext
   3299  4dda
   3300  4ffa					      ORG	$4FFA
   3301  4ffa					      RORG	$FFFA
   3302  4ffa		       00 f0 00 f0*	      word.w	$F000,$F000,$F000
   3303  5000
   3304  5000							; ---------------------------------------------------------------------------
   3305  5000							; BANK 7 — fixed reset, frame, renderer, room and astronaut art.
   3306  5000							; Its virtual addresses are unchanged from the approved F8 display bank.
   3307  5000							; ---------------------------------------------------------------------------
   3308  5000
   3309  6000 ????				      SEG	BANK5
   3310  5000					      ORG	$5000
   3311  5000					      RORG	$F000
   3312  5000				   Bank5Boot
   3313  5000		       ad fb ff 	      lda	$FFFB
   3314  5003		       4c 06 f0 	      jmp	$F006
   3315  5006
   3316  5006							; ---------------------------------------------------------------------------
   3317  5006							; STAGE 3 ROOM BANK
   3318  5006							;
   3319  5006							; Bank 6 owns a complete, scanline-stable room kernel and its own terrain
   3320  5006							; pages.  No bank switch occurs while the beam is drawing the room.  The
   3321  5006							; astronaut art is repeated at the same virtual addresses used by Bank 7, so
   3322  5006							; SelectPose can prepare one pointer format for both stages.
   3323  5006							; ---------------------------------------------------------------------------
   3324  5100					      ORG	$5100
   3325  5100					      RORG	$F100
   3326  5100				   Stage3RoomStart
   3327  5100		       ad 00 f8 	      lda	TerrainColor
   3328  5103		       85 08		      sta	COLUPF
   3329  5105		       a9 00		      lda	#0
   3330  5107		       85 1b		      sta	GRP0
   3331  5109		       85 1c		      sta	GRP1
   3332  510b		       85 1d		      sta	ENAM0
   3333  510d		       85 1e		      sta	ENAM1
   3334  510f		       a2 00		      ldx	#0
   3335  5111		       85 02		      sta	WSYNC
   3336  5113		       a9 f0		      lda	#$F0
   3337  5115		       85 0d		      sta	PF0
   3338  5117
   3339  5117				   Stage3RoomKernel
   3340  5117		       bd 00 f8 	      lda	TerrainColor,x
   3341  511a		       85 08		      sta	COLUPF
   3342  511c		       bd 00 f9 	      lda	TerrainLeftPF1,x
   3343  511f		       85 0e		      sta	PF1
   3344  5121		       bd 00 fb 	      lda	TerrainPF2,x
   3345  5124		       85 0f		      sta	PF2
   3346  5126		       bd 00 fa 	      lda	TerrainRightPF1,x
   3347  5129		       85 0e		      sta	PF1
   3348  512b
   3349  512b		       8a		      txa
   3350  512c		       38		      sec
   3351  512d		       e5 ad		      sbc	renderTomY
   3352  512f		       c9 0e		      cmp	#ASTRONAUT_H
   3353  5131		       90 0d		      bcc	Stage3DrawTom
   3354  5133		       bd 00 fc 	      lda	StarEnable,x
   3355  5136		       25 ae		      and	visorEnable
   3356  5138		       85 1d		      sta	ENAM0
   3357  513a		       a9 00		      lda	#0
   3358  513c		       85 1b		      sta	GRP0
   3359  513e		       f0 0c		      beq	Stage3StarEvenReady
   3360  5140				   Stage3DrawTom
   3361  5140		       4a		      lsr
   3362  5141		       a8		      tay
   3363  5142		       b1 ab		      lda	(suitPtr),y
   3364  5144		       85 1b		      sta	GRP0
   3365  5146		       a9 00		      lda	#0
   3366  5148		       85 1d		      sta	ENAM0
   3367  514a		       f0 02		      beq	Stage3EvenReady
   3368  514c				   Stage3StarEvenReady
   3369  514c		       85 1d		      sta	ENAM0
   3370  514e				   Stage3EvenReady
   3371  514e		       85 02		      sta	WSYNC
   3372  5150		       e8		      inx
   3373  5151
   3374  5151		       bd 00 f6 	      lda	WorldGraphics,x
   3375  5154		       25 a0		      and	currentP1Mask
   3376  5156		       85 1c		      sta	GRP1
   3377  5158		       a5 a1		      lda	currentP1Color
   3378  515a		       85 07		      sta	COLUP1
   3379  515c		       bd 00 f9 	      lda	TerrainLeftPF1,x
   3380  515f		       85 0e		      sta	PF1
   3381  5161		       bd 00 f7 	      lda	ServiceCode,x
   3382  5164		       f0 5f		      beq	Stage3OrdinaryOdd
   3383  5166		       c9 04		      cmp	#4
   3384  5168		       b0 0f		      bcs	Stage3ServiceHigh
   3385  516a		       c9 02		      cmp	#2
   3386  516c		       90 05		      bcc	Stage3JumpDishA
   3387  516e		       f0 06		      beq	Stage3JumpCollect0
   3388  5170		       4c f3 f1 	      jmp	Stage3ServiceDishB
   3389  5173				   Stage3JumpDishA
   3390  5173		       4c c8 f1 	      jmp	Stage3ServiceDishA
   3391  5176				   Stage3JumpCollect0
   3392  5176		       4c de f1 	      jmp	Stage3ServiceCollect0
   3393  5179
   3394  5179				   Stage3ServiceHigh
   3395  5179		       f0 47		      beq	Stage3JumpCollect1
   3396  517b		       c9 06		      cmp	#6
   3397  517d		       90 18		      bcc	Stage3ServiceDishC
   3398  517f		       f0 2c		      beq	Stage3ServiceCollect2
   3399  5181
   3400  5181				   Stage3ServiceExit
   3401  5181		       ea		      nop
   3402  5182		       ea		      nop
   3403  5183		       ea		      nop
   3404  5184		       85 11		      sta	RESP1
   3405  5186		       a9 c0		      lda	#$C0
   3406  5188		       85 0e		      sta	PF1
   3407  518a		       a5 a7		      lda	exitDraw
   3408  518c		       85 a0		      sta	currentP1Mask
   3409  518e		       a5 a8		      lda	exitP1Color
   3410  5190		       85 a1		      sta	currentP1Color
   3411  5192		       85 02		      sta	WSYNC
   3412  5194		       4c 22 f2 	      jmp	Stage3OddNext
   3413  5197
   3414  5197				   Stage3ServiceDishC
   3415  5197		       ea		      nop
   3416  5198		       85 11		      sta	RESP1
   3417  519a		       85 12		      sta	RESM0
   3418  519c		       a9 80		      lda	#$80
   3419  519e		       85 0e		      sta	PF1
   3420  51a0		       a9 ff		      lda	#$FF
   3421  51a2		       85 a0		      sta	currentP1Mask
   3422  51a4		       a5 a4		      lda	dishColorC
   3423  51a6		       85 a1		      sta	currentP1Color
   3424  51a8		       85 02		      sta	WSYNC
   3425  51aa		       4c 22 f2 	      jmp	Stage3OddNext
   3426  51ad
   3427  51ad				   Stage3ServiceCollect2
   3428  51ad		       a9 ff		      lda	#$FF
   3429  51af		       85 0e		      sta	PF1
   3430  51b1		       85 11		      sta	RESP1
   3431  51b3		       85 12		      sta	RESM0
   3432  51b5		       a5 9e		      lda	collectDraw2
   3433  51b7		       85 a0		      sta	currentP1Mask
   3434  51b9		       a5 a5		      lda	requiredP1Color
   3435  51bb		       85 a1		      sta	currentP1Color
   3436  51bd		       85 02		      sta	WSYNC
   3437  51bf		       4c 22 f2 	      jmp	Stage3OddNext
   3438  51c2
   3439  51c2				   Stage3JumpCollect1
   3440  51c2		       4c 0b f2 	      jmp	Stage3ServiceCollect1
   3441  51c5
   3442  51c5				   Stage3OrdinaryOdd
   3443  51c5		       4c b4 fd 	      jmp	Stage3StarOddControl
   3444  51c8
   3445  51c8							; Stage 3's authored X positions differ from Stage 1.	These handlers retain
   3446  51c8							; the identical state and WSYNC structure while moving only the RESP1 strobe.
   3447  51c8				   Stage3ServiceDishA
   3448  51c8		       ea		      nop
   3449  51c9		       85 11		      sta	RESP1
   3450  51cb		       85 12		      sta	RESM0
   3451  51cd		       a9 e0		      lda	#$E0
   3452  51cf		       85 0e		      sta	PF1
   3453  51d1		       a9 ff		      lda	#$FF
   3454  51d3		       85 a0		      sta	currentP1Mask
   3455  51d5		       a5 a2		      lda	dishColorA
   3456  51d7		       85 a1		      sta	currentP1Color
   3457  51d9		       85 02		      sta	WSYNC
   3458  51db		       4c 22 f2 	      jmp	Stage3OddNext
   3459  51de
   3460  51de				   Stage3ServiceCollect0
   3461  51de		       a9 ff		      lda	#$FF
   3462  51e0		       85 0e		      sta	PF1
   3463  51e2		       ea		      nop
   3464  51e3		       ea		      nop
   3465  51e4		       85 11		      sta	RESP1
   3466  51e6		       a5 9c		      lda	collectDraw0
   3467  51e8		       85 a0		      sta	currentP1Mask
   3468  51ea		       a5 a5		      lda	requiredP1Color
   3469  51ec		       85 a1		      sta	currentP1Color
   3470  51ee		       85 02		      sta	WSYNC
   3471  51f0		       4c 22 f2 	      jmp	Stage3OddNext
   3472  51f3
   3473  51f3				   Stage3ServiceDishB
   3474  51f3		       a9 80		      lda	#$80
   3475  51f5		       85 0e		      sta	PF1
   3476  51f7		       ea		      nop
   3477  51f8		       ea		      nop
   3478  51f9		       ea		      nop
   3479  51fa		       85 11		      sta	RESP1
   3480  51fc		       85 12		      sta	RESM0
   3481  51fe		       a9 ff		      lda	#$FF
   3482  5200		       85 a0		      sta	currentP1Mask
   3483  5202		       a5 a3		      lda	dishColorB
   3484  5204		       85 a1		      sta	currentP1Color
   3485  5206		       85 02		      sta	WSYNC
   3486  5208		       4c 22 f2 	      jmp	Stage3OddNext
   3487  520b
   3488  520b				   Stage3ServiceCollect1
   3489  520b		       ea		      nop
   3490  520c		       ea		      nop
   3491  520d		       85 11		      sta	RESP1
   3492  520f		       85 12		      sta	RESM0
   3493  5211		       a9 e0		      lda	#$E0
   3494  5213		       85 0e		      sta	PF1
   3495  5215		       a5 9d		      lda	collectDraw1
   3496  5217		       85 a0		      sta	currentP1Mask
   3497  5219		       a5 a5		      lda	requiredP1Color
   3498  521b		       85 a1		      sta	currentP1Color
   3499  521d		       85 02		      sta	WSYNC
   3500  521f		       4c 22 f2 	      jmp	Stage3OddNext
   3501  5222
   3502  5222				   Stage3OddNext
   3503  5222		       e8		      inx
   3504  5223		       e0 b0		      cpx	#ROOM_LINES
   3505  5225		       f0 03		      beq	Stage3OddDone
   3506  5227		       4c 17 f1 	      jmp	Stage3RoomKernel
   3507  522a				   Stage3OddDone
   3508  522a		       4c 2d f2 	      jmp	Stage3RoomDone
   3509  522d
   3510  522d				   Stage3RoomDone
   3511  522d		       a9 02		      lda	#2
   3512  522f		       85 01		      sta	VBLANK
   3513  5231		       a9 00		      lda	#0
   3514  5233		       85 0d		      sta	PF0
   3515  5235		       85 0e		      sta	PF1
   3516  5237		       85 0f		      sta	PF2
   3517  5239		       85 1b		      sta	GRP0
   3518  523b		       85 1c		      sta	GRP1
   3519  523d		       85 1e		      sta	ENAM1
   3520  523f		       85 1f		      sta	ENABL
   3521  5241		       a2 1e		      ldx	#30
   3522  5243				   Stage3OverscanLoop
   3523  5243		       85 02		      sta	WSYNC
   3524  5245		       ca		      dex
   3525  5246		       d0 fb		      bne	Stage3OverscanLoop
   3526  5248		       4c c8 fb 	      jmp	Stage3ReturnGate
   3527  524b
   3528  5587					      ORG	$5587
   3529  5587					      RORG	$F587
   3530  5587				   Stage3SuitUp
   3531  5587		       3c 7e 81 7e	      byte.b	%00111100,%01111110,%10000001,%01111110
   3532  558b		       ff 7e 66 	      byte.b	%11111111,%01111110,%01100110
   3533  558e				   Stage3SuitUpRight
   3534  558e		       3c 7e 81 7e	      byte.b	%00111100,%01111110,%10000001,%01111110
   3535  5592		       ff 7e 66 	      byte.b	%11111111,%01111110,%01100110
   3536  5595				   Stage3SuitRight
   3537  5595		       3c 7e 81 7e	      byte.b	%00111100,%01111110,%10000001,%01111110
   3538  5599		       ff 7e 66 	      byte.b	%11111111,%01111110,%01100110
   3539  559c				   Stage3SuitDownRight
   3540  559c		       3c 7e 81 7e	      byte.b	%00111100,%01111110,%10000001,%01111110
   3541  55a0		       ff 7e 66 	      byte.b	%11111111,%01111110,%01100110
   3542  55a3				   Stage3SuitDown
   3543  55a3		       3c 7e 81 7e	      byte.b	%00111100,%01111110,%10000001,%01111110
   3544  55a7		       ff 7e 66 	      byte.b	%11111111,%01111110,%01100110
   3545  55aa
   3546  55aa				   Stage3VisorEnable
   3547  55aa		       00 00 00 00*	      byte.b	0,0,0,0,0,0,0
   3548  55b1
   3549  5600					      ORG	$5600
   3550  5600					      RORG	$F600
   3551  5600				   Stage3WorldGraphics
   3552  5600		       00 00 00 00*	      ds	9,0
   3553  5609		       10		      byte.b	%00010000
   3554  560a		       00		      ds	1,0
   3555  560b		       18		      byte.b	%00011000
   3556  560c		       00		      ds	1,0
   3557  560d		       7c		      byte.b	%01111100
   3558  560e		       00		      ds	1,0
   3559  560f		       fe		      byte.b	%11111110
   3560  5610		       00		      ds	1,0
   3561  5611		       7c		      byte.b	%01111100
   3562  5612		       00		      ds	1,0
   3563  5613		       18		      byte.b	%00011000
   3564  5614		       00		      ds	1,0
   3565  5615		       10		      byte.b	%00010000
   3566  5616		       00 00 00 00*	      ds	7,0
   3567  561d		       3c		      byte.b	%00111100
   3568  561e		       00		      ds	1,0
   3569  561f		       60		      byte.b	%01100000
   3570  5620		       00		      ds	1,0
   3571  5621		       c0		      byte.b	%11000000
   3572  5622		       00		      ds	1,0
   3573  5623		       c0		      byte.b	%11000000
   3574  5624		       00		      ds	1,0
   3575  5625		       60		      byte.b	%01100000
   3576  5626		       00		      ds	1,0
   3577  5627		       3c		      byte.b	%00111100
   3578  5628		       00		      ds	1,0
   3579  5629		       18		      byte.b	%00011000
   3580  562a		       00		      ds	1,0
   3581  562b		       3c		      byte.b	%00111100
   3582  562c		       00 00 00 00*	      ds	5,0
   3583  5631		       38		      byte.b	%00111000
   3584  5632		       00		      ds	1,0
   3585  5633		       78		      byte.b	%01111000
   3586  5634		       00		      ds	1,0
   3587  5635		       f0		      byte.b	%11110000
   3588  5636		       00		      ds	1,0
   3589  5637		       f8		      byte.b	%11111000
   3590  5638		       00		      ds	1,0
   3591  5639		       f0		      byte.b	%11110000
   3592  563a		       00		      ds	1,0
   3593  563b		       78		      byte.b	%01111000
   3594  563c		       00		      ds	1,0
   3595  563d		       38		      byte.b	%00111000
   3596  563e		       00 00 00 00*	      ds	15,0
   3597  564d		       3c		      byte.b	%00111100
   3598  564e		       00		      ds	1,0
   3599  564f		       60		      byte.b	%01100000
   3600  5650		       00		      ds	1,0
   3601  5651		       c0		      byte.b	%11000000
   3602  5652		       00		      ds	1,0
   3603  5653		       c0		      byte.b	%11000000
   3604  5654		       00		      ds	1,0
   3605  5655		       60		      byte.b	%01100000
   3606  5656		       00		      ds	1,0
   3607  5657		       3c		      byte.b	%00111100
   3608  5658		       00		      ds	1,0
   3609  5659		       18		      byte.b	%00011000
   3610  565a		       00		      ds	1,0
   3611  565b		       3c		      byte.b	%00111100
   3612  565c		       00 00 00 00*	      ds	5,0
   3613  5661		       38		      byte.b	%00111000
   3614  5662		       00		      ds	1,0
   3615  5663		       78		      byte.b	%01111000
   3616  5664		       00		      ds	1,0
   3617  5665		       f0		      byte.b	%11110000
   3618  5666		       00		      ds	1,0
   3619  5667		       f8		      byte.b	%11111000
   3620  5668		       00		      ds	1,0
   3621  5669		       f0		      byte.b	%11110000
   3622  566a		       00		      ds	1,0
   3623  566b		       78		      byte.b	%01111000
   3624  566c		       00		      ds	1,0
   3625  566d		       38		      byte.b	%00111000
   3626  566e		       00 00 00 00*	      ds	13,0
   3627  567b		       3c		      byte.b	%00111100
   3628  567c		       00		      ds	1,0
   3629  567d		       60		      byte.b	%01100000
   3630  567e		       00		      ds	1,0
   3631  567f		       c0		      byte.b	%11000000
   3632  5680		       00		      ds	1,0
   3633  5681		       c0		      byte.b	%11000000
   3634  5682		       00		      ds	1,0
   3635  5683		       60		      byte.b	%01100000
   3636  5684		       00		      ds	1,0
   3637  5685		       3c		      byte.b	%00111100
   3638  5686		       00		      ds	1,0
   3639  5687		       18		      byte.b	%00011000
   3640  5688		       00		      ds	1,0
   3641  5689		       3c		      byte.b	%00111100
   3642  568a		       00 00 00 00*	      ds	7,0
   3643  5691		       38		      byte.b	%00111000
   3644  5692		       00		      ds	1,0
   3645  5693		       78		      byte.b	%01111000
   3646  5694		       00		      ds	1,0
   3647  5695		       f0		      byte.b	%11110000
   3648  5696		       00		      ds	1,0
   3649  5697		       f8		      byte.b	%11111000
   3650  5698		       00		      ds	1,0
   3651  5699		       f0		      byte.b	%11110000
   3652  569a		       00		      ds	1,0
   3653  569b		       78		      byte.b	%01111000
   3654  569c		       00		      ds	1,0
   3655  569d		       38		      byte.b	%00111000
   3656  569e		       00 00 00 	      ds	3,0
   3657  56a1		       3c		      byte.b	%00111100
   3658  56a2		       00		      ds	1,0
   3659  56a3		       7e		      byte.b	%01111110
   3660  56a4		       00		      ds	1,0
   3661  56a5		       c3		      byte.b	%11000011
   3662  56a6		       00		      ds	1,0
   3663  56a7		       db		      byte.b	%11011011
   3664  56a8		       00		      ds	1,0
   3665  56a9		       db		      byte.b	%11011011
   3666  56aa		       00		      ds	1,0
   3667  56ab		       c3		      byte.b	%11000011
   3668  56ac		       00		      ds	1,0
   3669  56ad		       3c		      byte.b	%00111100
   3670  56ae		       00		      ds	1,0
   3671  56af		       00		      byte.b	%00000000
   3672  56b0
   3673  5700					      ORG	$5700
   3674  5700					      RORG	$F700
   3675  5700				   Stage3ServiceCode
   3676  5700		       00 00 00 00*	      ds	23,0
   3677  5717		       01		      byte.b	1
   3678  5718		       00 00 00 00*	      ds	21,0
   3679  572d		       02		      byte.b	2
   3680  572e		       00 00 00 00*	      ds	19,0
   3681  5741		       03		      byte.b	3
   3682  5742		       00 00 00 00*	      ds	27,0
   3683  575d		       04		      byte.b	4
   3684  575e		       00 00 00 00*	      ds	21,0
   3685  5773		       05		      byte.b	5
   3686  5774		       00 00 00 00*	      ds	23,0
   3687  578b		       06		      byte.b	6
   3688  578c		       00 00 00 00*	      ds	19,0
   3689  579f		       07		      byte.b	7
   3690  57a0		       00 00 00 00*	      ds	16,0
   3691  57b0
   3692  5800					      ORG	$5800
   3693  5800					      RORG	$F800
   3694  5800				   Stage3TerrainColor
   3695  5800							; Lavender/indigo variation three, with a darker hourglass center.
   3696  5800		       8e 8c 8a 88*	      byte.b	$8E,$8C,$8A,$88,$86,$88,$8A,$8C
   3697  5808		       72 72 72 72*	      ds	8,$72
   3698  5810		       74 74 74 74*	      ds	8,$74
   3699  5818		       76 76 76 76*	      ds	8,$76
   3700  5820		       78 78 78 78*	      ds	8,$78
   3701  5828		       7a 7a 7a 7a*	      ds	8,$7A
   3702  5830		       7c 7c 7c 7c*	      ds	8,$7C
   3703  5838		       7e 7e 7e 7e*	      ds	8,$7E
   3704  5840		       7c 7c 7c 7c*	      ds	8,$7C
   3705  5848		       7a 7a 7a 7a*	      ds	8,$7A
   3706  5850		       78 78 78 78*	      ds	8,$78
   3707  5858		       76 76 76 76*	      ds	8,$76
   3708  5860		       74 74 74 74*	      ds	8,$74
   3709  5868		       72 72 72 72*	      ds	8,$72
   3710  5870		       82 82 82 82*	      ds	8,$82
   3711  5878		       84 84 84 84*	      ds	8,$84
   3712  5880		       86 86 86 86*	      ds	8,$86
   3713  5888		       88 88 88 88*	      ds	8,$88
   3714  5890		       8a 8a 8a 8a*	      ds	8,$8A
   3715  5898		       88 88 88 88*	      ds	8,$88
   3716  58a0		       86 86 86 86*	      ds	8,$86
   3717  58a8		       84 84 84 84*	      ds	8,$84
   3718  58b0		       82 82 82 82*	      ds	8,$82
   3719  58b8
   3720  5900					      ORG	$5900
   3721  5900					      RORG	$F900
   3722  5900				   Stage3TerrainLeftPF1
   3723  5900		       ff ff ff ff*	      ds	8,$FF
   3724  5908		       80 80 80 80*	      ds	8,$80
   3725  5910		       c0 c0 c0 c0*	      ds	8,$C0
   3726  5918		       00 00 00 00*	      ds	8,$00
   3727  5920		       80 80 80 80*	      ds	8,$80
   3728  5928		       e0 e0 e0 e0*	      ds	8,$E0
   3729  5930		       f8 f8 f8 f8*	      ds	8,$F8
   3730  5938		       e0 e0 e0 e0*	      ds	8,$E0
   3731  5940		       c0 c0 c0 c0*	      ds	8,$C0
   3732  5948		       00 00 00 00*	      ds	8,$00
   3733  5950		       c0 c0 c0 c0*	      ds	8,$C0
   3734  5958		       f8 f8 f8 f8*	      ds	8,$F8
   3735  5960		       fe fe fe fe*	      ds	8,$FE
   3736  5968		       f0 f0 f0 f0*	      ds	8,$F0
   3737  5970		       c0 c0 c0 c0*	      ds	8,$C0
   3738  5978		       00 00 00 00*	      ds	8,$00
   3739  5980		       80 80 80 80*	      ds	8,$80
   3740  5988		       e0 e0 e0 e0*	      ds	8,$E0
   3741  5990		       f8 f8 f8 f8*	      ds	8,$F8
   3742  5998		       e0 e0 e0 e0*	      ds	8,$E0
   3743  59a0		       c0 c0 c0 c0*	      ds	8,$C0
   3744  59a8		       ff ff ff ff*	      ds	8,$FF
   3745  59b0
   3746  5a00					      ORG	$5A00
   3747  5a00					      RORG	$FA00
   3748  5a00				   Stage3TerrainRightPF1
   3749  5a00		       ff ff ff ff*	      ds	8,$FF
   3750  5a08		       80 80 80 80*	      ds	8,$80
   3751  5a10		       e0 e0 e0 e0*	      ds	8,$E0
   3752  5a18		       f8 f8 f8 f8*	      ds	8,$F8
   3753  5a20		       fe fe fe fe*	      ds	8,$FE
   3754  5a28		       ff ff ff ff*	      ds	8,$FF
   3755  5a30		       f8 f8 f8 f8*	      ds	8,$F8
   3756  5a38		       c0 c0 c0 c0*	      ds	8,$C0
   3757  5a40		       80 80 80 80*	      ds	8,$80
   3758  5a48		       c0 c0 c0 c0*	      ds	8,$C0
   3759  5a50		       f0 f0 f0 f0*	      ds	8,$F0
   3760  5a58		       e0 e0 e0 e0*	      ds	8,$E0
   3761  5a60		       80 80 80 80*	      ds	8,$80
   3762  5a68		       00 00 00 00*	      ds	8,$00
   3763  5a70		       80 80 80 80*	      ds	8,$80
   3764  5a78		       e0 e0 e0 e0*	      ds	8,$E0
   3765  5a80		       fc fc fc fc*	      ds	8,$FC
   3766  5a88		       ff ff ff ff*	      ds	8,$FF
   3767  5a90		       f8 f8 f8 f8*	      ds	8,$F8
   3768  5a98		       c0 c0 c0 c0*	      ds	8,$C0
   3769  5aa0		       80 80 80 80*	      ds	8,$80
   3770  5aa8		       ff ff ff ff*	      ds	8,$FF
   3771  5ab0
   3772  5b00					      ORG	$5B00
   3773  5b00					      RORG	$FB00
   3774  5b00				   Stage3TerrainPF2
   3775  5b00		       ff ff ff ff*	      ds	8,$FF
   3776  5b08		       00 00 00 00*	      ds	160,$00
   3777  5ba8		       ff ff ff ff*	      ds	8,$FF
   3778  5bb0
   3779  5bc3					      ORG	$5BC3
   3780  5bc3					      RORG	$FBC3
   3781  5bc3				   Stage3EntryLanding
   3782  5bc3		       4c 00 f1 	      jmp	Stage3RoomStart
   3783  5bc6
   3784  5bc8					      ORG	$5BC8
   3785  5bc8					      RORG	$FBC8
   3786  5bc8				   Stage3ReturnGate
   3787  5bc8		       ad fb ff 	      lda	$FFFB
   3788  5bcb
   3789  5c00					      ORG	$5C00
   3790  5c00					      RORG	$FC00
   3791  5c00				   Stage3StarEnable
   3792  5c00				  -	      IFCONST	STARFIELD_LAB
   3793  5c00				  -	      ds	16,0
   3794  5c00				  -	      byte	$02
   3795  5c00				  -	      ds	15,0
   3796  5c00				  -	      byte	$02
   3797  5c00				  -	      ds	19,0
   3798  5c00				  -	      byte	$02
   3799  5c00				  -	      ds	21,0
   3800  5c00				  -	      byte	$02
   3801  5c00				  -	      ds	13,0
   3802  5c00				  -	      byte	$02
   3803  5c00				  -	      ds	15,0
   3804  5c00				  -	      byte	$02
   3805  5c00				  -	      ds	19,0
   3806  5c00				  -	      byte	$02
   3807  5c00				  -	      ds	9,0
   3808  5c00				  -	      byte	$02
   3809  5c00				  -	      ds	15,0
   3810  5c00				  -	      byte	$02
   3811  5c00				  -	      ds	17,0
   3812  5c00				  -	      byte	$02
   3813  5c00				  -	      ds	7,0
   3814  5c00					      ELSE
   3815  5c00		       00 00 00 00*	      ds	176,0
   3816  5cb0					      ENDIF
   3817  5cb0
   3818  5d00					      ORG	$5D00
   3819  5d00					      RORG	$FD00
   3820  5d00				   Stage3StarControl
   3821  5d00				  -	      IFCONST	STARFIELD_LAB
   3822  5d00				  -	      ds	15,0
   3823  5d00				  -	      byte	$10,0,$80
   3824  5d00				  -	      ds	13,0
   3825  5d00				  -	      byte	$11,0,$80
   3826  5d00				  -	      ds	17,0
   3827  5d00				  -	      byte	$12,0,$80
   3828  5d00				  -	      ds	19,0
   3829  5d00				  -	      byte	$13,0,$80
   3830  5d00				  -	      ds	11,0
   3831  5d00				  -	      byte	$11,0,$80
   3832  5d00				  -	      ds	13,0
   3833  5d00				  -	      byte	$10,0,$80
   3834  5d00				  -	      ds	17,0
   3835  5d00				  -	      byte	$13,0,$80
   3836  5d00				  -	      ds	7,0
   3837  5d00				  -	      byte	$12,0,$80
   3838  5d00				  -	      ds	13,0
   3839  5d00				  -	      byte	$10,0,$80
   3840  5d00				  -	      ds	15,0
   3841  5d00				  -	      byte	$12,0,$80
   3842  5d00				  -	      ds	6,0
   3843  5d00					      ELSE
   3844  5d00		       00 00 00 00*	      ds	176,0
   3845  5db0					      ENDIF
   3846  5db0				   Stage3StarFadeColors
   3847  5db0		       02 02 02 00	      byte.b	$02,$02,$02,$00
   3848  5db4				   Stage3StarOddControl
   3849  5db4		       bd 00 fa 	      lda	TerrainRightPF1,x
   3850  5db7		       85 0e		      sta	PF1
   3851  5db9		       bd 00 fd 	      lda	Stage3StarControl,x
   3852  5dbc		       f0 17		      beq	.sync
   3853  5dbe		       30 0f		      bmi	.restore
   3854  5dc0		       45 b3		      eor	bestBeacon
   3855  5dc2		       29 03		      and	#3
   3856  5dc4		       a8		      tay
   3857  5dc5		       b9 b0 fd 	      lda	Stage3StarFadeColors,y
   3858  5dc8		       85 ae		      sta	visorEnable
   3859  5dca		       85 1d		      sta	ENAM0
   3860  5dcc		       4c d5 fd 	      jmp	.sync
   3861  5dcf				   .restore
   3862  5dcf		       a9 00		      lda	#0
   3863  5dd1		       85 ae		      sta	visorEnable
   3864  5dd3		       85 1d		      sta	ENAM0
   3865  5dd5				   .sync
   3866  5dd5		       85 02		      sta	WSYNC
   3867  5dd7		       4c 22 f2 	      jmp	Stage3OddNext
   3868  5dda
   3869  5ffa					      ORG	$5FFA
   3870  5ffa					      RORG	$FFFA
   3871  5ffa		       00 f0 00 f0*	      word.w	$F000,$F000,$F000
   3872  6000
   3873  6000							; ---------------------------------------------------------------------------
   3874  6000							; BANK 7 — fixed reset, frame, renderer, room and astronaut art.
   3875  6000							; Its virtual addresses are unchanged from the approved F8 display bank.
   3876  6000							; ---------------------------------------------------------------------------
   3877  6000
   3878  7000 ????				      SEG	BANK6
   3879  6000					      ORG	$6000
   3880  6000					      RORG	$F000
   3881  6000				   Bank6Boot
   3882  6000		       ad fb ff 	      lda	$FFFB
   3883  6003		       4c 06 f0 	      jmp	$F006
   3884  6006
   3885  6006							; ---------------------------------------------------------------------------
   3886  6006							; STAGE 2 ROOM BANK
   3887  6006							;
   3888  6006							; Bank 6 owns a complete, scanline-stable room kernel and its own terrain
   3889  6006							; pages.  No bank switch occurs while the beam is drawing the room.  The
   3890  6006							; astronaut art is repeated at the same virtual addresses used by Bank 7, so
   3891  6006							; SelectPose can prepare one pointer format for both stages.
   3892  6006							; ---------------------------------------------------------------------------
   3893  6100					      ORG	$6100
   3894  6100					      RORG	$F100
   3895  6100				   Stage2RoomStart
   3896  6100		       ad 00 f8 	      lda	TerrainColor
   3897  6103		       85 08		      sta	COLUPF
   3898  6105		       a9 00		      lda	#0
   3899  6107		       85 1b		      sta	GRP0
   3900  6109		       85 1c		      sta	GRP1
   3901  610b		       85 1d		      sta	ENAM0
   3902  610d		       85 1e		      sta	ENAM1
   3903  610f		       a2 00		      ldx	#0
   3904  6111		       85 02		      sta	WSYNC
   3905  6113		       a9 f0		      lda	#$F0
   3906  6115		       85 0d		      sta	PF0
   3907  6117
   3908  6117				   Stage2RoomKernel
   3909  6117		       bd 00 f8 	      lda	TerrainColor,x
   3910  611a		       85 08		      sta	COLUPF
   3911  611c		       bd 00 f9 	      lda	TerrainLeftPF1,x
   3912  611f		       85 0e		      sta	PF1
   3913  6121		       bd 00 fb 	      lda	TerrainPF2,x
   3914  6124		       85 0f		      sta	PF2
   3915  6126		       bd 00 fa 	      lda	TerrainRightPF1,x
   3916  6129		       85 0e		      sta	PF1
   3917  612b
   3918  612b		       8a		      txa
   3919  612c		       38		      sec
   3920  612d		       e5 ad		      sbc	renderTomY
   3921  612f		       c9 0e		      cmp	#ASTRONAUT_H
   3922  6131		       90 0d		      bcc	Stage2DrawTom
   3923  6133		       bd 00 fc 	      lda	StarEnable,x
   3924  6136		       25 ae		      and	visorEnable
   3925  6138		       85 1d		      sta	ENAM0
   3926  613a		       a9 00		      lda	#0
   3927  613c		       85 1b		      sta	GRP0
   3928  613e		       f0 0c		      beq	Stage2StarEvenReady
   3929  6140				   Stage2DrawTom
   3930  6140		       4a		      lsr
   3931  6141		       a8		      tay
   3932  6142		       b1 ab		      lda	(suitPtr),y
   3933  6144		       85 1b		      sta	GRP0
   3934  6146		       a9 00		      lda	#0
   3935  6148		       85 1d		      sta	ENAM0
   3936  614a		       f0 02		      beq	Stage2EvenReady
   3937  614c				   Stage2StarEvenReady
   3938  614c		       85 1d		      sta	ENAM0
   3939  614e				   Stage2EvenReady
   3940  614e		       85 02		      sta	WSYNC
   3941  6150		       e8		      inx
   3942  6151
   3943  6151		       bd 00 f6 	      lda	WorldGraphics,x
   3944  6154		       25 a0		      and	currentP1Mask
   3945  6156		       85 1c		      sta	GRP1
   3946  6158		       a5 a1		      lda	currentP1Color
   3947  615a		       85 07		      sta	COLUP1
   3948  615c		       bd 00 f9 	      lda	TerrainLeftPF1,x
   3949  615f		       85 0e		      sta	PF1
   3950  6161		       bd 00 f7 	      lda	ServiceCode,x
   3951  6164		       f0 5e		      beq	Stage2OrdinaryOdd
   3952  6166		       c9 04		      cmp	#4
   3953  6168		       b0 0f		      bcs	Stage2ServiceHigh
   3954  616a		       c9 02		      cmp	#2
   3955  616c		       90 05		      bcc	Stage2JumpDishA
   3956  616e		       f0 06		      beq	Stage2JumpCollect0
   3957  6170		       4c f2 f1 	      jmp	Stage2ServiceDishB
   3958  6173				   Stage2JumpDishA
   3959  6173		       4c c7 f1 	      jmp	Stage2ServiceDishA
   3960  6176				   Stage2JumpCollect0
   3961  6176		       4c dc f1 	      jmp	Stage2ServiceCollect0
   3962  6179
   3963  6179				   Stage2ServiceHigh
   3964  6179		       f0 46		      beq	Stage2JumpCollect1
   3965  617b		       c9 06		      cmp	#6
   3966  617d		       90 17		      bcc	Stage2ServiceDishC
   3967  617f		       f0 2a		      beq	Stage2ServiceCollect2
   3968  6181
   3969  6181				   Stage2ServiceExit
   3970  6181		       ea		      nop
   3971  6182		       ea		      nop
   3972  6183		       85 11		      sta	RESP1
   3973  6185		       a9 f0		      lda	#$F0
   3974  6187		       85 0e		      sta	PF1
   3975  6189		       a5 a7		      lda	exitDraw
   3976  618b		       85 a0		      sta	currentP1Mask
   3977  618d		       a5 a8		      lda	exitP1Color
   3978  618f		       85 a1		      sta	currentP1Color
   3979  6191		       85 02		      sta	WSYNC
   3980  6193		       4c 1f f2 	      jmp	Stage2OddNext
   3981  6196
   3982  6196				   Stage2ServiceDishC
   3983  6196		       85 11		      sta	RESP1
   3984  6198		       85 12		      sta	RESM0
   3985  619a		       a9 80		      lda	#$80
   3986  619c		       85 0e		      sta	PF1
   3987  619e		       a9 ff		      lda	#$FF
   3988  61a0		       85 a0		      sta	currentP1Mask
   3989  61a2		       a5 a4		      lda	dishColorC
   3990  61a4		       85 a1		      sta	currentP1Color
   3991  61a6		       85 02		      sta	WSYNC
   3992  61a8		       4c 1f f2 	      jmp	Stage2OddNext
   3993  61ab
   3994  61ab				   Stage2ServiceCollect2
   3995  61ab		       a9 ff		      lda	#$FF
   3996  61ad		       85 0e		      sta	PF1
   3997  61af		       ea		      nop
   3998  61b0		       85 11		      sta	RESP1
   3999  61b2		       85 12		      sta	RESM0
   4000  61b4		       a5 9e		      lda	collectDraw2
   4001  61b6		       85 a0		      sta	currentP1Mask
   4002  61b8		       a5 a5		      lda	requiredP1Color
   4003  61ba		       85 a1		      sta	currentP1Color
   4004  61bc		       85 02		      sta	WSYNC
   4005  61be		       4c 1f f2 	      jmp	Stage2OddNext
   4006  61c1
   4007  61c1				   Stage2JumpCollect1
   4008  61c1		       4c 09 f2 	      jmp	Stage2ServiceCollect1
   4009  61c4
   4010  61c4				   Stage2OrdinaryOdd
   4011  61c4		       4c b4 fd 	      jmp	Stage2StarOddControl
   4012  61c7
   4013  61c7							; Stage 2's authored X positions differ from Stage 1.	These handlers retain
   4014  61c7							; the identical state and WSYNC structure while moving only the RESP1 strobe.
   4015  61c7				   Stage2ServiceDishA
   4016  61c7		       85 11		      sta	RESP1
   4017  61c9		       85 12		      sta	RESM0
   4018  61cb		       a9 fc		      lda	#$FC
   4019  61cd		       85 0e		      sta	PF1
   4020  61cf		       a9 ff		      lda	#$FF
   4021  61d1		       85 a0		      sta	currentP1Mask
   4022  61d3		       a5 a2		      lda	dishColorA
   4023  61d5		       85 a1		      sta	currentP1Color
   4024  61d7		       85 02		      sta	WSYNC
   4025  61d9		       4c 1f f2 	      jmp	Stage2OddNext
   4026  61dc
   4027  61dc				   Stage2ServiceCollect0
   4028  61dc		       a9 80		      lda	#$80
   4029  61de		       85 0e		      sta	PF1
   4030  61e0		       ea		      nop
   4031  61e1		       ea		      nop
   4032  61e2		       ea		      nop
   4033  61e3		       85 11		      sta	RESP1
   4034  61e5		       a5 9c		      lda	collectDraw0
   4035  61e7		       85 a0		      sta	currentP1Mask
   4036  61e9		       a5 a5		      lda	requiredP1Color
   4037  61eb		       85 a1		      sta	currentP1Color
   4038  61ed		       85 02		      sta	WSYNC
   4039  61ef		       4c 1f f2 	      jmp	Stage2OddNext
   4040  61f2
   4041  61f2				   Stage2ServiceDishB
   4042  61f2		       a9 f8		      lda	#$F8
   4043  61f4		       85 0e		      sta	PF1
   4044  61f6		       ea		      nop
   4045  61f7		       ea		      nop
   4046  61f8		       85 11		      sta	RESP1
   4047  61fa		       85 12		      sta	RESM0
   4048  61fc		       a9 ff		      lda	#$FF
   4049  61fe		       85 a0		      sta	currentP1Mask
   4050  6200		       a5 a3		      lda	dishColorB
   4051  6202		       85 a1		      sta	currentP1Color
   4052  6204		       85 02		      sta	WSYNC
   4053  6206		       4c 1f f2 	      jmp	Stage2OddNext
   4054  6209
   4055  6209				   Stage2ServiceCollect1
   4056  6209		       ea		      nop
   4057  620a		       85 11		      sta	RESP1
   4058  620c		       85 12		      sta	RESM0
   4059  620e		       a9 e0		      lda	#$E0
   4060  6210		       85 0e		      sta	PF1
   4061  6212		       a5 9d		      lda	collectDraw1
   4062  6214		       85 a0		      sta	currentP1Mask
   4063  6216		       a5 a5		      lda	requiredP1Color
   4064  6218		       85 a1		      sta	currentP1Color
   4065  621a		       85 02		      sta	WSYNC
   4066  621c		       4c 1f f2 	      jmp	Stage2OddNext
   4067  621f
   4068  621f				   Stage2OddNext
   4069  621f		       e8		      inx
   4070  6220		       e0 b0		      cpx	#ROOM_LINES
   4071  6222		       f0 03		      beq	Stage2OddDone
   4072  6224		       4c 17 f1 	      jmp	Stage2RoomKernel
   4073  6227				   Stage2OddDone
   4074  6227		       4c 2a f2 	      jmp	Stage2RoomDone
   4075  622a
   4076  622a				   Stage2RoomDone
   4077  622a		       a9 02		      lda	#2
   4078  622c		       85 01		      sta	VBLANK
   4079  622e		       a9 00		      lda	#0
   4080  6230		       85 0d		      sta	PF0
   4081  6232		       85 0e		      sta	PF1
   4082  6234		       85 0f		      sta	PF2
   4083  6236		       85 1b		      sta	GRP0
   4084  6238		       85 1c		      sta	GRP1
   4085  623a		       85 1e		      sta	ENAM1
   4086  623c		       85 1f		      sta	ENABL
   4087  623e		       a2 1e		      ldx	#30
   4088  6240				   Stage2OverscanLoop
   4089  6240		       85 02		      sta	WSYNC
   4090  6242		       ca		      dex
   4091  6243		       d0 fb		      bne	Stage2OverscanLoop
   4092  6245		       4c f0 fb 	      jmp	Stage2ReturnGate
   4093  6248
   4094  6587					      ORG	$6587
   4095  6587					      RORG	$F587
   4096  6587				   Stage2SuitUp
   4097  6587		       3c 7e 81 7e	      byte.b	%00111100,%01111110,%10000001,%01111110
   4098  658b		       ff 7e 66 	      byte.b	%11111111,%01111110,%01100110
   4099  658e				   Stage2SuitUpRight
   4100  658e		       3c 7e 81 7e	      byte.b	%00111100,%01111110,%10000001,%01111110
   4101  6592		       ff 7e 66 	      byte.b	%11111111,%01111110,%01100110
   4102  6595				   Stage2SuitRight
   4103  6595		       3c 7e 81 7e	      byte.b	%00111100,%01111110,%10000001,%01111110
   4104  6599		       ff 7e 66 	      byte.b	%11111111,%01111110,%01100110
   4105  659c				   Stage2SuitDownRight
   4106  659c		       3c 7e 81 7e	      byte.b	%00111100,%01111110,%10000001,%01111110
   4107  65a0		       ff 7e 66 	      byte.b	%11111111,%01111110,%01100110
   4108  65a3				   Stage2SuitDown
   4109  65a3		       3c 7e 81 7e	      byte.b	%00111100,%01111110,%10000001,%01111110
   4110  65a7		       ff 7e 66 	      byte.b	%11111111,%01111110,%01100110
   4111  65aa
   4112  65aa				   Stage2VisorEnable
   4113  65aa		       00 00 00 00*	      byte.b	0,0,0,0,0,0,0
   4114  65b1
   4115  6600					      ORG	$6600
   4116  6600					      RORG	$F600
   4117  6600				   Stage2WorldGraphics
   4118  6600		       00 00 00 00*	      ds	9,0
   4119  6609		       10		      byte.b	%00010000
   4120  660a		       00		      ds	1,0
   4121  660b		       18		      byte.b	%00011000
   4122  660c		       00		      ds	1,0
   4123  660d		       7c		      byte.b	%01111100
   4124  660e		       00		      ds	1,0
   4125  660f		       fe		      byte.b	%11111110
   4126  6610		       00		      ds	1,0
   4127  6611		       7c		      byte.b	%01111100
   4128  6612		       00		      ds	1,0
   4129  6613		       18		      byte.b	%00011000
   4130  6614		       00		      ds	1,0
   4131  6615		       10		      byte.b	%00010000
   4132  6616		       00 00 00 00*	      ds	7,0
   4133  661d		       3c		      byte.b	%00111100
   4134  661e		       00		      ds	1,0
   4135  661f		       60		      byte.b	%01100000
   4136  6620		       00		      ds	1,0
   4137  6621		       c0		      byte.b	%11000000
   4138  6622		       00		      ds	1,0
   4139  6623		       c0		      byte.b	%11000000
   4140  6624		       00		      ds	1,0
   4141  6625		       60		      byte.b	%01100000
   4142  6626		       00		      ds	1,0
   4143  6627		       3c		      byte.b	%00111100
   4144  6628		       00		      ds	1,0
   4145  6629		       18		      byte.b	%00011000
   4146  662a		       00		      ds	1,0
   4147  662b		       3c		      byte.b	%00111100
   4148  662c		       00 00 00 00*	      ds	5,0
   4149  6631		       38		      byte.b	%00111000
   4150  6632		       00		      ds	1,0
   4151  6633		       78		      byte.b	%01111000
   4152  6634		       00		      ds	1,0
   4153  6635		       f0		      byte.b	%11110000
   4154  6636		       00		      ds	1,0
   4155  6637		       f8		      byte.b	%11111000
   4156  6638		       00		      ds	1,0
   4157  6639		       f0		      byte.b	%11110000
   4158  663a		       00		      ds	1,0
   4159  663b		       78		      byte.b	%01111000
   4160  663c		       00		      ds	1,0
   4161  663d		       38		      byte.b	%00111000
   4162  663e		       00 00 00 00*	      ds	15,0
   4163  664d		       3c		      byte.b	%00111100
   4164  664e		       00		      ds	1,0
   4165  664f		       60		      byte.b	%01100000
   4166  6650		       00		      ds	1,0
   4167  6651		       c0		      byte.b	%11000000
   4168  6652		       00		      ds	1,0
   4169  6653		       c0		      byte.b	%11000000
   4170  6654		       00		      ds	1,0
   4171  6655		       60		      byte.b	%01100000
   4172  6656		       00		      ds	1,0
   4173  6657		       3c		      byte.b	%00111100
   4174  6658		       00		      ds	1,0
   4175  6659		       18		      byte.b	%00011000
   4176  665a		       00		      ds	1,0
   4177  665b		       3c		      byte.b	%00111100
   4178  665c		       00 00 00 00*	      ds	5,0
   4179  6661		       38		      byte.b	%00111000
   4180  6662		       00		      ds	1,0
   4181  6663		       78		      byte.b	%01111000
   4182  6664		       00		      ds	1,0
   4183  6665		       f0		      byte.b	%11110000
   4184  6666		       00		      ds	1,0
   4185  6667		       f8		      byte.b	%11111000
   4186  6668		       00		      ds	1,0
   4187  6669		       f0		      byte.b	%11110000
   4188  666a		       00		      ds	1,0
   4189  666b		       78		      byte.b	%01111000
   4190  666c		       00		      ds	1,0
   4191  666d		       38		      byte.b	%00111000
   4192  666e		       00 00 00 00*	      ds	13,0
   4193  667b		       3c		      byte.b	%00111100
   4194  667c		       00		      ds	1,0
   4195  667d		       60		      byte.b	%01100000
   4196  667e		       00		      ds	1,0
   4197  667f		       c0		      byte.b	%11000000
   4198  6680		       00		      ds	1,0
   4199  6681		       c0		      byte.b	%11000000
   4200  6682		       00		      ds	1,0
   4201  6683		       60		      byte.b	%01100000
   4202  6684		       00		      ds	1,0
   4203  6685		       3c		      byte.b	%00111100
   4204  6686		       00		      ds	1,0
   4205  6687		       18		      byte.b	%00011000
   4206  6688		       00		      ds	1,0
   4207  6689		       3c		      byte.b	%00111100
   4208  668a		       00 00 00 00*	      ds	7,0
   4209  6691		       38		      byte.b	%00111000
   4210  6692		       00		      ds	1,0
   4211  6693		       78		      byte.b	%01111000
   4212  6694		       00		      ds	1,0
   4213  6695		       f0		      byte.b	%11110000
   4214  6696		       00		      ds	1,0
   4215  6697		       f8		      byte.b	%11111000
   4216  6698		       00		      ds	1,0
   4217  6699		       f0		      byte.b	%11110000
   4218  669a		       00		      ds	1,0
   4219  669b		       78		      byte.b	%01111000
   4220  669c		       00		      ds	1,0
   4221  669d		       38		      byte.b	%00111000
   4222  669e		       00 00 00 	      ds	3,0
   4223  66a1		       3c		      byte.b	%00111100
   4224  66a2		       00		      ds	1,0
   4225  66a3		       7e		      byte.b	%01111110
   4226  66a4		       00		      ds	1,0
   4227  66a5		       c3		      byte.b	%11000011
   4228  66a6		       00		      ds	1,0
   4229  66a7		       db		      byte.b	%11011011
   4230  66a8		       00		      ds	1,0
   4231  66a9		       db		      byte.b	%11011011
   4232  66aa		       00		      ds	1,0
   4233  66ab		       c3		      byte.b	%11000011
   4234  66ac		       00		      ds	1,0
   4235  66ad		       3c		      byte.b	%00111100
   4236  66ae		       00		      ds	1,0
   4237  66af		       00		      byte.b	%00000000
   4238  66b0
   4239  6700					      ORG	$6700
   4240  6700					      RORG	$F700
   4241  6700				   Stage2ServiceCode
   4242  6700		       00 00 00 00*	      ds	23,0
   4243  6717		       01		      byte.b	1
   4244  6718		       00 00 00 00*	      ds	21,0
   4245  672d		       02		      byte.b	2
   4246  672e		       00 00 00 00*	      ds	19,0
   4247  6741		       03		      byte.b	3
   4248  6742		       00 00 00 00*	      ds	27,0
   4249  675d		       04		      byte.b	4
   4250  675e		       00 00 00 00*	      ds	21,0
   4251  6773		       05		      byte.b	5
   4252  6774		       00 00 00 00*	      ds	23,0
   4253  678b		       06		      byte.b	6
   4254  678c		       00 00 00 00*	      ds	19,0
   4255  679f		       07		      byte.b	7
   4256  67a0		       00 00 00 00*	      ds	16,0
   4257  67b0
   4258  6800					      ORG	$6800
   4259  6800					      RORG	$F800
   4260  6800				   Stage2TerrainColor
   4261  6800							; Blue-violet variation two: related to Stage 1, never identical.
   4262  6800		       7e 7c 7a 78*	      byte.b	$7E,$7C,$7A,$78,$76,$78,$7A,$7C
   4263  6808		       62 62 62 62*	      ds	8,$62
   4264  6810		       64 64 64 64*	      ds	8,$64
   4265  6818		       66 66 66 66*	      ds	8,$66
   4266  6820		       68 68 68 68*	      ds	8,$68
   4267  6828		       6a 6a 6a 6a*	      ds	8,$6A
   4268  6830		       6c 6c 6c 6c*	      ds	8,$6C
   4269  6838		       6e 6e 6e 6e*	      ds	8,$6E
   4270  6840		       6c 6c 6c 6c*	      ds	8,$6C
   4271  6848		       6a 6a 6a 6a*	      ds	8,$6A
   4272  6850		       68 68 68 68*	      ds	8,$68
   4273  6858		       66 66 66 66*	      ds	8,$66
   4274  6860		       64 64 64 64*	      ds	8,$64
   4275  6868		       62 62 62 62*	      ds	8,$62
   4276  6870		       72 72 72 72*	      ds	8,$72
   4277  6878		       74 74 74 74*	      ds	8,$74
   4278  6880		       76 76 76 76*	      ds	8,$76
   4279  6888		       78 78 78 78*	      ds	8,$78
   4280  6890		       7a 7a 7a 7a*	      ds	8,$7A
   4281  6898		       78 78 78 78*	      ds	8,$78
   4282  68a0		       76 76 76 76*	      ds	8,$76
   4283  68a8		       74 74 74 74*	      ds	8,$74
   4284  68b0		       72 72 72 72*	      ds	8,$72
   4285  68b8
   4286  6900					      ORG	$6900
   4287  6900					      RORG	$F900
   4288  6900				   Stage2TerrainLeftPF1
   4289  6900		       ff ff ff ff*	      ds	8,$FF
   4290  6908		       00 00 00 00*	      ds	8,$00
   4291  6910		       80 80 80 80*	      ds	8,$80
   4292  6918		       f0 f0 f0 f0*	      ds	8,$F0
   4293  6920		       fe fe fe fe*	      ds	8,$FE
   4294  6928		       ff ff ff ff*	      ds	8,$FF
   4295  6930		       f8 f8 f8 f8*	      ds	8,$F8
   4296  6938		       c0 c0 c0 c0*	      ds	8,$C0
   4297  6940		       00 00 00 00*	      ds	8,$00
   4298  6948		       80 80 80 80*	      ds	8,$80
   4299  6950		       f8 f8 f8 f8*	      ds	8,$F8
   4300  6958		       ff ff ff ff*	      ds	8,$FF
   4301  6960		       fc fc fc fc*	      ds	8,$FC
   4302  6968		       e0 e0 e0 e0*	      ds	8,$E0
   4303  6970		       00 00 00 00*	      ds	8,$00
   4304  6978		       80 80 80 80*	      ds	8,$80
   4305  6980		       e0 e0 e0 e0*	      ds	8,$E0
   4306  6988		       f8 f8 f8 f8*	      ds	8,$F8
   4307  6990		       fe fe fe fe*	      ds	8,$FE
   4308  6998		       ff ff ff ff*	      ds	8,$FF
   4309  69a0		       fc fc fc fc*	      ds	8,$FC
   4310  69a8		       ff ff ff ff*	      ds	8,$FF
   4311  69b0
   4312  6a00					      ORG	$6A00
   4313  6a00					      RORG	$FA00
   4314  6a00				   Stage2TerrainRightPF1
   4315  6a00		       ff ff ff ff*	      ds	8,$FF
   4316  6a08		       ff ff ff ff*	      ds	8,$FF
   4317  6a10		       fc fc fc fc*	      ds	8,$FC
   4318  6a18		       f0 f0 f0 f0*	      ds	8,$F0
   4319  6a20		       c0 c0 c0 c0*	      ds	8,$C0
   4320  6a28		       80 80 80 80*	      ds	8,$80
   4321  6a30		       00 00 00 00*	      ds	8,$00
   4322  6a38		       c0 c0 c0 c0*	      ds	8,$C0
   4323  6a40		       f8 f8 f8 f8*	      ds	8,$F8
   4324  6a48		       fc fc fc fc*	      ds	8,$FC
   4325  6a50		       f8 f8 f8 f8*	      ds	8,$F8
   4326  6a58		       e0 e0 e0 e0*	      ds	8,$E0
   4327  6a60		       80 80 80 80*	      ds	8,$80
   4328  6a68		       00 00 00 00*	      ds	8,$00
   4329  6a70		       80 80 80 80*	      ds	8,$80
   4330  6a78		       e0 e0 e0 e0*	      ds	8,$E0
   4331  6a80		       fc fc fc fc*	      ds	8,$FC
   4332  6a88		       ff ff ff ff*	      ds	8,$FF
   4333  6a90		       fc fc fc fc*	      ds	8,$FC
   4334  6a98		       f0 f0 f0 f0*	      ds	8,$F0
   4335  6aa0		       c0 c0 c0 c0*	      ds	8,$C0
   4336  6aa8		       ff ff ff ff*	      ds	8,$FF
   4337  6ab0
   4338  6b00					      ORG	$6B00
   4339  6b00					      RORG	$FB00
   4340  6b00				   Stage2TerrainPF2
   4341  6b00		       ff ff ff ff*	      ds	8,$FF
   4342  6b08		       00 00 00 00*	      ds	160,$00
   4343  6ba8		       ff ff ff ff*	      ds	8,$FF
   4344  6bb0
   4345  6be3					      ORG	$6BE3
   4346  6be3					      RORG	$FBE3
   4347  6be3				   Stage2EntryLanding
   4348  6be3		       4c 00 f1 	      jmp	Stage2RoomStart
   4349  6be6
   4350  6bf0					      ORG	$6BF0
   4351  6bf0					      RORG	$FBF0
   4352  6bf0				   Stage2ReturnGate
   4353  6bf0		       ad fb ff 	      lda	$FFFB
   4354  6bf3
   4355  6c00					      ORG	$6C00
   4356  6c00					      RORG	$FC00
   4357  6c00				   Stage2StarEnable
   4358  6c00				  -	      IFCONST	STARFIELD_LAB
   4359  6c00				  -	      ds	16,0
   4360  6c00				  -	      byte	$02
   4361  6c00				  -	      ds	15,0
   4362  6c00				  -	      byte	$02
   4363  6c00				  -	      ds	19,0
   4364  6c00				  -	      byte	$02
   4365  6c00				  -	      ds	21,0
   4366  6c00				  -	      byte	$02
   4367  6c00				  -	      ds	13,0
   4368  6c00				  -	      byte	$02
   4369  6c00				  -	      ds	15,0
   4370  6c00				  -	      byte	$02
   4371  6c00				  -	      ds	19,0
   4372  6c00				  -	      byte	$02
   4373  6c00				  -	      ds	9,0
   4374  6c00				  -	      byte	$02
   4375  6c00				  -	      ds	15,0
   4376  6c00				  -	      byte	$02
   4377  6c00				  -	      ds	17,0
   4378  6c00				  -	      byte	$02
   4379  6c00				  -	      ds	7,0
   4380  6c00					      ELSE
   4381  6c00		       00 00 00 00*	      ds	176,0
   4382  6cb0					      ENDIF
   4383  6cb0
   4384  6d00					      ORG	$6D00
   4385  6d00					      RORG	$FD00
   4386  6d00				   Stage2StarControl
   4387  6d00				  -	      IFCONST	STARFIELD_LAB
   4388  6d00				  -	      ds	15,0
   4389  6d00				  -	      byte	$10,0,$80
   4390  6d00				  -	      ds	13,0
   4391  6d00				  -	      byte	$11,0,$80
   4392  6d00				  -	      ds	17,0
   4393  6d00				  -	      byte	$12,0,$80
   4394  6d00				  -	      ds	19,0
   4395  6d00				  -	      byte	$13,0,$80
   4396  6d00				  -	      ds	11,0
   4397  6d00				  -	      byte	$11,0,$80
   4398  6d00				  -	      ds	13,0
   4399  6d00				  -	      byte	$10,0,$80
   4400  6d00				  -	      ds	17,0
   4401  6d00				  -	      byte	$13,0,$80
   4402  6d00				  -	      ds	7,0
   4403  6d00				  -	      byte	$12,0,$80
   4404  6d00				  -	      ds	13,0
   4405  6d00				  -	      byte	$10,0,$80
   4406  6d00				  -	      ds	15,0
   4407  6d00				  -	      byte	$12,0,$80
   4408  6d00				  -	      ds	6,0
   4409  6d00					      ELSE
   4410  6d00		       00 00 00 00*	      ds	176,0
   4411  6db0					      ENDIF
   4412  6db0				   Stage2StarFadeColors
   4413  6db0		       02 02 02 00	      byte.b	$02,$02,$02,$00
   4414  6db4				   Stage2StarOddControl
   4415  6db4		       bd 00 fa 	      lda	TerrainRightPF1,x
   4416  6db7		       85 0e		      sta	PF1
   4417  6db9		       bd 00 fd 	      lda	Stage2StarControl,x
   4418  6dbc		       f0 17		      beq	.sync
   4419  6dbe		       30 0f		      bmi	.restore
   4420  6dc0		       45 b3		      eor	bestBeacon
   4421  6dc2		       29 03		      and	#3
   4422  6dc4		       a8		      tay
   4423  6dc5		       b9 b0 fd 	      lda	Stage2StarFadeColors,y
   4424  6dc8		       85 ae		      sta	visorEnable
   4425  6dca		       85 1d		      sta	ENAM0
   4426  6dcc		       4c d5 fd 	      jmp	.sync
   4427  6dcf				   .restore
   4428  6dcf		       a9 00		      lda	#0
   4429  6dd1		       85 ae		      sta	visorEnable
   4430  6dd3		       85 1d		      sta	ENAM0
   4431  6dd5				   .sync
   4432  6dd5		       85 02		      sta	WSYNC
   4433  6dd7		       4c 1f f2 	      jmp	Stage2OddNext
   4434  6dda
   4435  6ffa					      ORG	$6FFA
   4436  6ffa					      RORG	$FFFA
   4437  6ffa		       00 f0 00 f0*	      word.w	$F000,$F000,$F000
   4438  7000
   4439  7000							; ---------------------------------------------------------------------------
   4440  7000							; BANK 7 — fixed reset, frame, renderer, room and astronaut art.
   4441  7000							; Its virtual addresses are unchanged from the approved F8 display bank.
   4442  7000							; ---------------------------------------------------------------------------
   4443  8000 ????				      SEG	BANK7
   4444  7000					      ORG	$7000
   4445  7000					      RORG	$F000
   4446  7000				   Bank7Boot
   4447  7000		       ad fb ff 	      lda	$FFFB
   4448  7003		       4c 06 f0 	      jmp	Reset
   4449  7006
   4450  7006					      ORG	$7006
   4451  7006					      RORG	$F006
   4452  7006				   Reset
   4453  7006		       78		      sei
   4454  7007		       d8		      cld
   4455  7008		       a2 ff		      ldx	#$FF
   4456  700a		       9a		      txs
   4457  700b		       a9 00		      lda	#0
   4458  700d				   .clearRAM
   4459  700d		       95 00		      sta	$00,x
   4460  700f		       ca		      dex
   4461  7010		       d0 fb		      bne	.clearRAM
   4462  7012
   4463  7012		       a9 32		      lda	#SPAWN_X
   4464  7014		       85 80		      sta	tomXHi
   4465  7016		       85 88		      sta	safeXHi
   4466  7018		       a9 10		      lda	#SPAWN_Y
   4467  701a		       85 82		      sta	tomYHi
   4468  701c		       85 8a		      sta	safeYHi
   4469  701e		       a9 60		      lda	#$60
   4470  7020		       85 85		      sta	velXLo
   4471  7022		       a9 ff		      lda	#$FF
   4472  7024		       85 86		      sta	velYHi
   4473  7026		       a9 a0		      lda	#$A0
   4474  7028		       85 87		      sta	velYLo
   4475  702a		       a9 ff		      lda	#NO_BEACON
   4476  702c		       85 8f		      sta	readyBeacon
   4477  702e		       a9 ff		      lda	#$FF
   4478  7030		       85 9c		      sta	collectDraw0
   4479  7032		       85 9d		      sta	collectDraw1
   4480  7034		       85 9e		      sta	collectDraw2
   4481  7036		       85 9f		      sta	collectDraw3
   4482  7038
   4483  7038							; P0 alone draws Major Tom. The enclosed center of the helmet remains
   4484  7038							; black, giving P1 exclusive color ownership for mission objects.
   4485  7038		       a9 00		      lda	#$00	; single P0 copy; one-color-clock Missile 0
   4486  703a		       85 04		      sta	NUSIZ0
   4487  703c		       a9 20		      lda	#$20
   4488  703e		       85 05		      sta	NUSIZ1
   4489  7040		       a9 01		      lda	#1
   4490  7042		       85 25		      sta	VDELP0
   4491  7044		       a9 00		      lda	#0
   4492  7046		       85 26		      sta	VDELP1
   4493  7048		       a9 0e		      lda	#SUIT_COLOR
   4494  704a		       85 06		      sta	COLUP0
   4495  704c		       a9 8c		      lda	#SIGNAL_COLOR
   4496  704e		       85 07		      sta	COLUP1
   4497  7050		       a9 01		      lda	#$01	; reflected order; halves are rewritten apart
   4498  7052		       85 0a		      sta	CTRLPF
   4499  7054		       a9 00		      lda	#0
   4500  7056		       85 09		      sta	COLUBK
   4501  7058		       85 0d		      sta	PF0
   4502  705a		       85 0e		      sta	PF1
   4503  705c		       85 0f		      sta	PF2
   4504  705e		       85 1b		      sta	GRP0
   4505  7060		       85 1c		      sta	GRP1
   4506  7062		       85 1d		      sta	ENAM0
   4507  7064		       85 1e		      sta	ENAM1
   4508  7066		       85 1f		      sta	ENABL
   4509  7068
   4510  7068							; Static HUD outlines are prepared once, outside all frame timing.
   4511  7068		       20 44 f3 	      jsr	InitHudBuffers
   4512  706b		       4c a0 ff 	      jmp	$FFA0	; power-on presentation begins in credits Bank 2
   4513  706e
   4514  706e				   Frame
   4515  706e		       a9 02		      lda	#2
   4516  7070		       85 01		      sta	VBLANK
   4517  7072		       85 00		      sta	VSYNC
   4518  7074		       85 02		      sta	WSYNC
   4519  7076		       85 02		      sta	WSYNC
   4520  7078		       85 02		      sta	WSYNC
   4521  707a		       a9 00		      lda	#0
   4522  707c		       85 00		      sta	VSYNC
   4523  707e
   4524  707e		       a9 2b		      lda	#43
   4525  7080		       8d 96 02 	      sta	TIM64T
   4526  7083
   4527  7083		       ad 82 02 	      lda	SWCHB
   4528  7086		       4a		      lsr
   4529  7087		       b0 03		      bcs	.noReset
   4530  7089		       4c 06 f0 	      jmp	Reset
   4531  708c				   .noReset
   4532  708c		       20 d0 ff 	      jsr	CallPhysics
   4533  708f		       a5 ef		      lda	stageSetupPending
   4534  7091		       10 07		      bpl	.presentationReady
   4535  7093		       a9 00		      lda	#0
   4536  7095		       85 ef		      sta	stageSetupPending
   4537  7097		       20 44 f3 	      jsr	InitHudBuffers
   4538  709a				   .presentationReady
   4539  709a		       20 f2 f3 	      jsr	SelectPose
   4540  709d
   4541  709d							; Objects now have distinct animation roles. Collectibles shimmer at
   4542  709d							; the familiar four-frame cadence by changing luminance. Satellite
   4543  709d							; silhouettes never flip; only the dish in capture range breathes at
   4544  709d							; a much slower sixteen-frame cadence.
   4545  709d		       a9 00		      lda	#0
   4546  709f		       85 0c		      sta	REFP1
   4547  70a1		       a9 28		      lda	#REQUIRED_DIM_COLOR
   4548  70a3		       85 a5		      sta	requiredP1Color
   4549  70a5		       a5 8c		      lda	frameCounter
   4550  70a7		       29 04		      and	#4
   4551  70a9		       f0 04		      beq	.requiredColorReady
   4552  70ab		       a9 2e		      lda	#REQUIRED_COLOR
   4553  70ad		       85 a5		      sta	requiredP1Color
   4554  70af				   .requiredColorReady
   4555  70af							; Optional salvage uses a separate, slower sixteen-frame cycle, offset
   4556  70af							; from the required-object shimmer so it reads as a special pickup.
   4557  70af		       a9 ce		      lda	#OPTIONAL_COLOR
   4558  70b1		       85 a6		      sta	optionalP1Color
   4559  70b3		       a5 8c		      lda	frameCounter
   4560  70b5		       29 08		      and	#8
   4561  70b7		       f0 04		      beq	.collectibleColorsReady
   4562  70b9		       a9 c8		      lda	#OPTIONAL_DIM_COLOR
   4563  70bb		       85 a6		      sta	optionalP1Color
   4564  70bd				   .collectibleColorsReady
   4565  70bd		       a9 86		      lda	#DISH_DIM_COLOR
   4566  70bf		       85 a2		      sta	dishColorA
   4567  70c1		       85 a3		      sta	dishColorB
   4568  70c3		       85 a4		      sta	dishColorC
   4569  70c5		       a5 8f		      lda	readyBeacon
   4570  70c7		       c9 ff		      cmp	#NO_BEACON
   4571  70c9		       f0 0b		      beq	.dishColorsReady
   4572  70cb		       aa		      tax
   4573  70cc		       a5 8c		      lda	frameCounter
   4574  70ce		       29 10		      and	#$10
   4575  70d0		       f0 04		      beq	.dishColorsReady
   4576  70d2		       a9 8c		      lda	#SIGNAL_COLOR
   4577  70d4		       95 a2		      sta	dishColorA,x
   4578  70d6				   .dishColorsReady
   4579  70d6							; The extraction gate is a separate final P1 object. It is completely
   4580  70d6							; absent until all three required objects are secured, then breathes
   4581  70d6							; through a four-step blue luminance ramp. Completion turns it white.
   4582  70d6		       a9 00		      lda	#0
   4583  70d8		       85 a7		      sta	exitDraw
   4584  70da		       a5 a9		      lda	objectiveDone
   4585  70dc		       f0 04		      beq	.exitMaskReady
   4586  70de		       a9 ff		      lda	#$FF
   4587  70e0		       85 a7		      sta	exitDraw
   4588  70e2				   .exitMaskReady
   4589  70e2		       a5 8c		      lda	frameCounter
   4590  70e4		       4a		      lsr
   4591  70e5		       4a		      lsr
   4592  70e6		       4a		      lsr
   4593  70e7		       29 03		      and	#3
   4594  70e9		       aa		      tax
   4595  70ea		       bd b0 f7 	      lda	ExitColorTable,x
   4596  70ed		       85 a8		      sta	exitP1Color
   4597  70ef		       a5 aa		      lda	stageComplete
   4598  70f1		       f0 04		      beq	.exitColorReady
   4599  70f3		       a9 0e		      lda	#EXIT_DONE_COLOR
   4600  70f5		       85 a8		      sta	exitP1Color
   4601  70f7				   .exitColorReady
   4602  70f7		       a5 9f		      lda	collectDraw3
   4603  70f9		       85 a0		      sta	currentP1Mask
   4604  70fb		       a5 a6		      lda	optionalP1Color
   4605  70fd		       85 a1		      sta	currentP1Color
   4606  70ff
   4607  70ff							; P0 uses one-line vertical delay. Odd room lines latch the row prepared
   4608  70ff							; on the preceding even line, eliminating center-screen tearing.
   4609  70ff		       a5 82		      lda	tomYHi
   4610  7101		       38		      sec
   4611  7102		       e9 01		      sbc	#1
   4612  7104		       85 ad		      sta	renderTomY
   4613  7106
   4614  7106							; A normal frame performs only a mask comparison. When collection
   4615  7106							; changes, at most five visible icon bytes and one pointer are updated.
   4616  7106		       20 9f f3 	      jsr	UpdateHudState
   4617  7109		       20 62 f4 	      jsr	PrepareTomFineMotion
   4618  710c
   4619  710c							; Position P0/P1 for the approved interleaved 48-pixel HUD. After the
   4620  710c							; two information bands, the final four HUD/setup lines restore their
   4621  710c							; unrelated gameplay positions before the 176-line room begins.
   4622  710c		       a9 00		      lda	#0
   4623  710e		       85 0b		      sta	REFP0
   4624  7110		       85 0c		      sta	REFP1
   4625  7112		       85 02		      sta	WSYNC
   4626  7114		       a9 03		      lda	#3
   4627  7116		       85 04		      sta	NUSIZ0
   4628  7118		       85 05		      sta	NUSIZ1
   4629  711a		       a9 0e		      lda	#HUD_TEXT_COLOR
   4630  711c		       24 af		      bit	temp
   4631  711e		       85 06		      sta	COLUP0
   4632  7120		       85 07		      sta	COLUP1
   4633  7122		       85 2b		      sta	HMCLR
   4634  7124		       a9 80		      lda	#$80
   4635  7126		       85 20		      sta	HMP0
   4636  7128		       a9 90		      lda	#$90
   4637  712a		       85 21		      sta	HMP1
   4638  712c		       ea		      nop
   4639  712d		       85 10		      sta	RESP0
   4640  712f		       85 11		      sta	RESP1
   4641  7131		       85 02		      sta	WSYNC
   4642  7133		       85 2a		      sta	HMOVE
   4643  7135
   4644  7135				   .waitVBlank
   4645  7135		       ad 84 02 	      lda	INTIM
   4646  7138		       d0 fb		      bne	.waitVBlank
   4647  713a		       85 02		      sta	WSYNC
   4648  713c		       85 2b		      sta	HMCLR
   4649  713e
   4650  713e		       a9 00		      lda	#0
   4651  7140		       85 01		      sta	VBLANK
   4652  7142		       85 09		      sta	COLUBK
   4653  7144		       85 1b		      sta	GRP0
   4654  7146		       85 1c		      sta	GRP1
   4655  7148		       85 1d		      sta	ENAM0
   4656  714a		       85 1e		      sta	ENAM1
   4657  714c		       85 1f		      sta	ENABL
   4658  714e
   4659  714e							; Keep RoomKernel in the exact ROM-page phase approved in 0.5A-R5.
   4660  714e							; The first HUD WSYNC absorbs this entry jump; the skipped bytes are
   4661  714e							; layout padding only and never execute.
   4662  714e		       4c 51 f1 	      jmp	HudEntry
   4663  7151				   HudEntry
   4664  7151
   4665  7151							; Keep the timing-critical room kernel in its approved ROM-page phase.
   4666  7151							; The complete 16-line status renderer lives after RoomDone.
   4667  7151		       20 95 f2 	      jsr	DrawHud
   4668  7154
   4669  7154							; Preserve the approved Stage 1 kernel's exact ROM-page phase. Later
   4670  7154							; room selection continues in a non-visible dispatch routine.
   4671  7154		       a5 ec		      lda	currentStage
   4672  7156		       f0 03		      beq	.drawStage1Room
   4673  7158		       4c b2 f4 	      jmp	DispatchOtherRooms
   4674  715b				   .drawStage1Room
   4675  715b
   4676  715b							; ---------------------------------------------------------------
   4677  715b							; One two-line kernel renders all 176 room lines. The room's first
   4678  715b							; full-width violet terrain band now doubles as the material divider
   4679  715b							; beneath the black status deck—depth without an extra scanline.
   4680  715b							; ---------------------------------------------------------------
   4681  715b		       ad 00 f8 	      lda	TerrainColor
   4682  715e		       85 08		      sta	COLUPF
   4683  7160		       a9 00		      lda	#0
   4684  7162		       85 1b		      sta	GRP0
   4685  7164		       85 1c		      sta	GRP1
   4686  7166		       85 1d		      sta	ENAM0
   4687  7168		       85 1e		      sta	ENAM1
   4688  716a		       a2 00		      ldx	#0
   4689  716c							; The sixteenth HUD/setup line remains completely black.
   4690  716c		       85 02		      sta	WSYNC
   4691  716e		       a9 f0		      lda	#$F0
   4692  7170		       85 0d		      sta	PF0
   4693  7172
   4694  7172				   RoomKernel
   4695  7172		       bd 00 f8 	      lda	TerrainColor,x
   4696  7175		       85 08		      sta	COLUPF
   4697  7177		       bd 00 f9 	      lda	TerrainLeftPF1,x
   4698  717a		       85 0e		      sta	PF1
   4699  717c		       bd 00 fb 	      lda	TerrainPF2,x
   4700  717f		       85 0f		      sta	PF2
   4701  7181		       bd 00 fa 	      lda	TerrainRightPF1,x
   4702  7184		       85 0e		      sta	PF1
   4703  7186
   4704  7186		       8a		      txa
   4705  7187		       38		      sec
   4706  7188		       e5 ad		      sbc	renderTomY
   4707  718a		       c9 0e		      cmp	#ASTRONAUT_H
   4708  718c		       90 0d		      bcc	RoomDrawTom
   4709  718e		       bd 00 fc 	      lda	StarEnable,x
   4710  7191		       25 ae		      and	visorEnable
   4711  7193		       85 1d		      sta	ENAM0
   4712  7195		       a9 00		      lda	#0
   4713  7197		       85 1b		      sta	GRP0
   4714  7199		       f0 0c		      beq	RoomStarEvenReady
   4715  719b				   RoomDrawTom
   4716  719b		       4a		      lsr
   4717  719c		       a8		      tay
   4718  719d		       b1 ab		      lda	(suitPtr),y
   4719  719f		       85 1b		      sta	GRP0
   4720  71a1		       a9 00		      lda	#0
   4721  71a3		       85 1d		      sta	ENAM0
   4722  71a5		       f0 02		      beq	RoomEvenReady
   4723  71a7				   RoomStarEvenReady
   4724  71a7		       85 1d		      sta	ENAM0
   4725  71a9				   RoomEvenReady
   4726  71a9		       85 02		      sta	WSYNC
   4727  71ab		       e8		      inx
   4728  71ac
   4729  71ac							; With Missile 1 retired, the real P1 row can be written during
   4730  71ac							; horizontal blank. This one early GRP1 write both transfers Major
   4731  71ac							; Tom's delayed P0 row before visibility and preserves every mission
   4732  71ac							; object's pixels. The path reaches PF1 at its approved cycle 25.
   4733  71ac		       bd 00 f6 	      lda	WorldGraphics,x
   4734  71af		       25 a0		      and	currentP1Mask
   4735  71b1		       85 1c		      sta	GRP1
   4736  71b3		       a5 a1		      lda	currentP1Color
   4737  71b5		       85 07		      sta	COLUP1
   4738  71b7		       bd 00 f9 	      lda	TerrainLeftPF1,x
   4739  71ba		       85 0e		      sta	PF1
   4740  71bc
   4741  71bc							; A zero is an ordinary odd line. Codes 1..6 identify the blank
   4742  71bc							; service lines between vertically adjacent P1 objects.
   4743  71bc		       bd 00 f7 	      lda	ServiceCode,x
   4744  71bf		       f0 52		      beq	RoomOrdinaryOdd
   4745  71c1		       c9 04		      cmp	#4
   4746  71c3		       b0 0f		      bcs	RoomServiceHigh
   4747  71c5				   RoomServiceLow
   4748  71c5		       c9 02		      cmp	#2
   4749  71c7		       90 05		      bcc	RoomJumpDishA
   4750  71c9		       f0 06		      beq	RoomJumpCollect0
   4751  71cb		       4c 40 f2 	      jmp	ServiceDishB
   4752  71ce				   RoomJumpDishA
   4753  71ce		       4c 16 f2 	      jmp	ServiceDishA
   4754  71d1				   RoomJumpCollect0
   4755  71d1		       4c 2c f2 	      jmp	ServiceCollect0
   4756  71d4
   4757  71d4				   RoomServiceHigh
   4758  71d4		       f0 3a		      beq	RoomJumpCollect1
   4759  71d6		       c9 06		      cmp	#6
   4760  71d8		       90 15		      bcc	ServiceDishC
   4761  71da		       f0 1f		      beq	ServiceCollect2
   4762  71dc
   4763  71dc				   ServiceExit
   4764  71dc							; Code 7 is deliberately handled inline. Avoiding another JMP keeps
   4765  71dc							; the final repositioning line inside one NTSC scanline.
   4766  71dc		       85 11		      sta	RESP1
   4767  71de		       a9 c0		      lda	#$C0	; fixed right PF1 on room line 159
   4768  71e0		       85 0e		      sta	PF1
   4769  71e2		       a5 a7		      lda	exitDraw
   4770  71e4		       85 a0		      sta	currentP1Mask
   4771  71e6		       a5 a8		      lda	exitP1Color
   4772  71e8		       85 a1		      sta	currentP1Color
   4773  71ea		       85 02		      sta	WSYNC
   4774  71ec		       4c 6c f2 	      jmp	RoomOddNext
   4775  71ef
   4776  71ef				   ServiceDishC
   4777  71ef		       a9 f0		      lda	#$F0	; fixed right PF1 on room line 115
   4778  71f1		       85 0e		      sta	PF1
   4779  71f3		       ea		      nop
   4780  71f4		       85 11		      sta	RESP1
   4781  71f6		       85 12		      sta	RESM0
   4782  71f8		       4c da fd 	      jmp	Stage1ServiceDishCFinish
   4783  71fb
   4784  71fb							; Keep the timing-sensitive entry on the branch's original ROM page. The
   4785  71fb							; remainder may live in the star laboratory's spare page without moving P1.
   4786  71fb				   ServiceCollect2
   4787  71fb		       85 11		      sta	RESP1
   4788  71fd		       85 12		      sta	RESM0
   4789  71ff							; Room line 139 is authored with a zero right PF1. Loading that known
   4790  71ff							; value immediately saves the two cycles needed by the eighth object.
   4791  71ff		       a9 00		      lda	#0
   4792  7201		       85 0e		      sta	PF1
   4793  7203		       a5 9e		      lda	collectDraw2
   4794  7205		       85 a0		      sta	currentP1Mask
   4795  7207		       a5 a5		      lda	requiredP1Color
   4796  7209		       85 a1		      sta	currentP1Color
   4797  720b		       85 02		      sta	WSYNC
   4798  720d		       4c 6c f2 	      jmp	RoomOddNext
   4799  7210
   4800  7210				   RoomJumpCollect1
   4801  7210		       4c 57 f2 	      jmp	ServiceCollect1
   4802  7213
   4803  7213				   RoomOrdinaryOdd
   4804  7213							; PF2 was written on the preceding even line. Stage data is authored
   4805  7213							; in two-line pairs, so retaining it here buys the exact cycles needed
   4806  7213							; for stable color ownership without altering any visible pixel.
   4807  7213		       4c b4 fd 	      jmp	StarOddControl
   4808  7216
   4809  7216							; RESP1 timing gives every service band a different authored horizontal
   4810  7216							; coordinate.	Crucially, every handler restores the right-hand PF1 value no
   4811  7216							; later than cycle 59.  The old 0.4 handlers performed this write after their
   4812  7216							; state work, producing the photographed black cuts through the terrain.
   4813  7216				   ServiceDishA
   4814  7216		       a9 00		      lda	#0	; fixed right PF1 on room line 23
   4815  7218		       85 0e		      sta	PF1
   4816  721a		       ea		      nop
   4817  721b		       85 11		      sta	RESP1
   4818  721d		       85 12		      sta	RESM0
   4819  721f		       a9 ff		      lda	#$FF
   4820  7221		       85 a0		      sta	currentP1Mask
   4821  7223		       a5 a2		      lda	dishColorA
   4822  7225		       85 a1		      sta	currentP1Color
   4823  7227		       85 02		      sta	WSYNC
   4824  7229		       4c 6c f2 	      jmp	RoomOddNext
   4825  722c
   4826  722c				   ServiceCollect0
   4827  722c		       a9 80		      lda	#$80	; fixed right PF1 on room line 45
   4828  722e		       85 0e		      sta	PF1
   4829  7230		       ea		      nop
   4830  7231		       85 11		      sta	RESP1
   4831  7233		       a5 9c		      lda	collectDraw0
   4832  7235		       85 a0		      sta	currentP1Mask
   4833  7237		       a5 a5		      lda	requiredP1Color
   4834  7239		       85 a1		      sta	currentP1Color
   4835  723b		       85 02		      sta	WSYNC
   4836  723d		       4c 6c f2 	      jmp	RoomOddNext
   4837  7240
   4838  7240				   ServiceDishB
   4839  7240		       a9 c0		      lda	#$C0	; fixed right PF1 on room line 65
   4840  7242		       85 0e		      sta	PF1
   4841  7244		       24 af		      bit	temp
   4842  7246		       85 11		      sta	RESP1
   4843  7248		       85 12		      sta	RESM0
   4844  724a		       a9 ff		      lda	#$FF
   4845  724c		       85 a0		      sta	currentP1Mask
   4846  724e		       a5 a3		      lda	dishColorB
   4847  7250		       85 a1		      sta	currentP1Color
   4848  7252		       85 02		      sta	WSYNC
   4849  7254		       4c 6c f2 	      jmp	RoomOddNext
   4850  7257
   4851  7257				   ServiceCollect1
   4852  7257		       85 11		      sta	RESP1
   4853  7259		       85 12		      sta	RESM0
   4854  725b		       a9 00		      lda	#0	; fixed right PF1 on room line 93
   4855  725d		       85 0e		      sta	PF1
   4856  725f		       a5 9d		      lda	collectDraw1
   4857  7261		       85 a0		      sta	currentP1Mask
   4858  7263		       a5 a5		      lda	requiredP1Color
   4859  7265		       85 a1		      sta	currentP1Color
   4860  7267		       85 02		      sta	WSYNC
   4861  7269		       4c 6c f2 	      jmp	RoomOddNext
   4862  726c
   4863  726c							; Every odd scanline—ordinary or service—takes this identical twelve-cycle
   4864  726c							; route into the next even scanline.  That removes the former two-cycle phase
   4865  726c							; change that distorted Major Tom whenever he crossed a service band.
   4866  726c				   RoomOddNext
   4867  726c		       e8		      inx
   4868  726d		       e0 b0		      cpx	#ROOM_LINES
   4869  726f		       f0 03		      beq	RoomOddDone
   4870  7271		       4c 72 f1 	      jmp	RoomKernel
   4871  7274				   RoomOddDone
   4872  7274		       4c 77 f2 	      jmp	RoomDone
   4873  7277
   4874  7277				   RoomDone
   4875  7277							; Overscan: exactly thirty lines.
   4876  7277		       a9 02		      lda	#2
   4877  7279		       85 01		      sta	VBLANK
   4878  727b		       a9 00		      lda	#0
   4879  727d		       85 0d		      sta	PF0
   4880  727f		       85 0e		      sta	PF1
   4881  7281		       85 0f		      sta	PF2
   4882  7283		       85 1b		      sta	GRP0
   4883  7285		       85 1c		      sta	GRP1
   4884  7287		       85 1e		      sta	ENAM1
   4885  7289		       85 1f		      sta	ENABL
   4886  728b		       a2 1e		      ldx	#30
   4887  728d				   Stage1OverscanLoop
   4888  728d		       85 02		      sta	WSYNC
   4889  728f		       ca		      dex
   4890  7290		       d0 fb		      bne	Stage1OverscanLoop
   4891  7292		       4c 6e f0 	      jmp	Frame
   4892  7295
   4893  7295							; Production HUD: five compact icon lines followed immediately by the
   4894  7295							; approved seven-line "1 0000" numeric face. Its final four lines restore
   4895  7295							; P0 and P1 to their gameplay positions and preserve the 16-line allocation.
   4896  7295				   DrawHud
   4897  7295		       a9 2c		      lda	#HUD_ICON_COLOR
   4898  7297		       85 06		      sta	COLUP0
   4899  7299		       85 07		      sta	COLUP1
   4900  729b		       a9 01		      lda	#1
   4901  729d		       85 25		      sta	VDELP0
   4902  729f		       85 26		      sta	VDELP1
   4903  72a1		       a9 05		      lda	#5
   4904  72a3		       85 af		      sta	temp
   4905  72a5				   .iconRow
   4906  72a5		       a4 af		      ldy	temp
   4907  72a7		       b9 b4 00 	      lda	hudIcon0,y
   4908  72aa		       85 02		      sta	WSYNC
   4909  72ac		       85 1b		      sta	GRP0
   4910  72ae		       b9 ba 00 	      lda	hudIcon1,y
   4911  72b1		       85 1c		      sta	GRP1
   4912  72b3		       b9 c0 00 	      lda	hudIcon2,y
   4913  72b6		       85 1b		      sta	GRP0
   4914  72b8		       b9 c6 00 	      lda	hudIcon3,y
   4915  72bb		       85 b0		      sta	temp2
   4916  72bd		       b9 cc 00 	      lda	hudIcon4,y
   4917  72c0		       aa		      tax
   4918  72c1		       b9 d2 00 	      lda	hudIcon5,y
   4919  72c4		       a4 b0		      ldy	temp2
   4920  72c6		       ea		      nop
   4921  72c7		       e4 80		      cpx	$80
   4922  72c9		       84 1c		      sty	GRP1
   4923  72cb		       86 1b		      stx	GRP0
   4924  72cd		       85 1c		      sta	GRP1
   4925  72cf		       85 1b		      sta	GRP0
   4926  72d1		       c6 af		      dec	temp
   4927  72d3		       d0 d0		      bne	.iconRow
   4928  72d5
   4929  72d5		       a9 0e		      lda	#HUD_TEXT_COLOR
   4930  72d7		       85 06		      sta	COLUP0
   4931  72d9		       85 07		      sta	COLUP1
   4932  72db		       a9 07		      lda	#7
   4933  72dd		       85 af		      sta	temp
   4934  72df				   .numericRow
   4935  72df		       a4 af		      ldy	temp
   4936  72e1		       b9 d8 00 	      lda	hudStageGlyph,y
   4937  72e4		       85 02		      sta	WSYNC
   4938  72e6		       85 1b		      sta	GRP0
   4939  72e8		       b9 00 f5 	      lda	HudSpacer,y
   4940  72eb		       85 1c		      sta	GRP1
   4941  72ed		       b9 10 f5 	      lda	HudZeroA,y
   4942  72f0		       85 1b		      sta	GRP0
   4943  72f2		       b9 e0 00 	      lda	hudHundredsGlyph,y
   4944  72f5		       85 b0		      sta	temp2
   4945  72f7		       b1 e9		      lda	(hudScorePtr),y
   4946  72f9		       aa		      tax
   4947  72fa		       b9 10 f5 	      lda	HudZeroD,y
   4948  72fd		       a4 b0		      ldy	temp2
   4949  72ff		       dd 00 f5 	      cmp	HudBlank,x
   4950  7302		       84 1c		      sty	GRP1
   4951  7304		       86 1b		      stx	GRP0
   4952  7306		       85 1c		      sta	GRP1
   4953  7308		       85 1b		      sta	GRP0
   4954  730a		       c6 af		      dec	temp
   4955  730c		       d0 d1		      bne	.numericRow
   4956  730e
   4957  730e		       a9 00		      lda	#0
   4958  7310		       85 1b		      sta	GRP0
   4959  7312		       85 1c		      sta	GRP1
   4960  7314		       85 25		      sta	VDELP0
   4961  7316		       85 26		      sta	VDELP1
   4962  7318		       85 0d		      sta	PF0
   4963  731a		       85 0e		      sta	PF1
   4964  731c		       85 0f		      sta	PF2
   4965  731e
   4966  731e							; The HUD is always unreflected. Restore Major Tom's gameplay-facing
   4967  731e							; direction before his P0 position is applied to the room.
   4968  731e							; All production horizontal speeds use $00/$01 when moving right and
   4969  731e							; $FE/$FF when moving left, so bit 3 is a branchless REFP0 value.
   4970  731e							; Both directions now consume exactly the same cycles before WSYNC.
   4971  731e		       a5 84		      lda	velXHi
   4972  7320		       29 08		      and	#8
   4973  7322		       85 0b		      sta	REFP0
   4974  7324		       a9 00		      lda	#0
   4975  7326		       85 0c		      sta	REFP1
   4976  7328
   4977  7328		       a9 10		      lda	#$10
   4978  732a		       85 04		      sta	NUSIZ0
   4979  732c		       a9 20		      lda	#$20
   4980  732e		       85 05		      sta	NUSIZ1
   4981  7330		       a9 01		      lda	#1
   4982  7332		       85 25		      sta	VDELP0
   4983  7334		       a9 00		      lda	#0
   4984  7336		       85 26		      sta	VDELP1
   4985  7338		       a9 0e		      lda	#SUIT_COLOR
   4986  733a		       85 06		      sta	COLUP0
   4987  733c		       a5 a1		      lda	currentP1Color
   4988  733e		       85 07		      sta	COLUP1
   4989  7340		       20 77 f4 	      jsr	PositionGameplayObjects
   4990  7343		       60		      rts
   4991  7344
   4992  7344							; Reset-time construction is deliberately outside the 262-line frame. The two
   4993  7344							; unused display cells remain zero for the life of the stage.
   4994  7344				   InitHudBuffers
   4995  7344		       a2 05		      ldx	#5
   4996  7346				   .initOutlines
   4997  7346		       bd 58 f5 	      lda	HudRequiredOutline,x
   4998  7349		       95 b4		      sta	hudIcon0,x
   4999  734b		       95 ba		      sta	hudIcon1,x
   5000  734d		       95 c0		      sta	hudIcon2,x
   5001  734f		       bd 68 f5 	      lda	HudOptionalOutline,x
   5002  7352		       95 c6		      sta	hudIcon3,x
   5003  7354		       bd 00 f5 	      lda	HudBlank,x
   5004  7357		       95 cc		      sta	hudIcon4,x
   5005  7359		       95 d2		      sta	hudIcon5,x
   5006  735b		       ca		      dex
   5007  735c		       10 e8		      bpl	.initOutlines
   5008  735e		       a9 00		      lda	#0
   5009  7360		       85 ef		      sta	stageSetupPending
   5010  7362		       20 66 f3 	      jsr	UpdateHudPointers
   5011  7365		       60		      rts
   5012  7366
   5013  7366				   UpdateHudPointers
   5014  7366		       a6 ec		      ldx	currentStage
   5015  7368		       bd 82 f5 	      lda	HudStageDigitLow,x
   5016  736b		       85 f1		      sta	hudStagePtr
   5017  736d		       a9 f5		      lda	#>HudDigit0
   5018  736f		       85 f2		      sta	hudStagePtr+1
   5019  7371
   5020  7371		       a9 10		      lda	#<HudDigit0
   5021  7373		       85 f3		      sta	hudHundredsPtr
   5022  7375		       a9 f5		      lda	#>HudDigit0
   5023  7377		       85 f4		      sta	hudHundredsPtr+1
   5024  7379
   5025  7379		       a5 f0		      lda	scoreTens
   5026  737b		       c9 0a		      cmp	#10
   5027  737d		       90 06		      bcc	.scoreBelowHundred
   5028  737f		       a9 08		      lda	#<HudDigit1
   5029  7381		       85 f3		      sta	hudHundredsPtr
   5030  7383		       a9 00		      lda	#0
   5031  7385				   .scoreBelowHundred
   5032  7385		       aa		      tax
   5033  7386		       bd 78 f5 	      lda	HudScoreDigitLow,x
   5034  7389		       85 e9		      sta	hudScorePtr
   5035  738b		       a9 f5		      lda	#>HudDigit0
   5036  738d		       85 ea		      sta	hudScorePtr+1
   5037  738f		       a0 07		      ldy	#7
   5038  7391				   .copyChangingGlyphs
   5039  7391		       b1 f1		      lda	(hudStagePtr),y
   5040  7393		       99 d8 00 	      sta	hudStageGlyph,y
   5041  7396		       b1 f3		      lda	(hudHundredsPtr),y
   5042  7398		       99 e0 00 	      sta	hudHundredsGlyph,y
   5043  739b		       88		      dey
   5044  739c		       10 f3		      bpl	.copyChangingGlyphs
   5045  739e		       60		      rts
   5046  739f
   5047  739f							; Ordinary frames take only the compare/return path. A newly collected object
   5048  739f							; copies five displayed rows once; score changes by selecting an existing ROM
   5049  739f							; digit rather than rebuilding another eight-byte graphic every frame.
   5050  739f				   UpdateHudState
   5051  739f		       a5 9a		      lda	collectMask
   5052  73a1		       c5 ef		      cmp	stageSetupPending
   5053  73a3		       d0 01		      bne	.stateChanged
   5054  73a5		       60		      rts
   5055  73a6				   .stateChanged
   5056  73a6		       45 ef		      eor	stageSetupPending
   5057  73a8		       85 b0		      sta	temp2
   5058  73aa		       a5 9a		      lda	collectMask
   5059  73ac		       85 ef		      sta	stageSetupPending
   5060  73ae
   5061  73ae		       a5 b0		      lda	temp2
   5062  73b0		       29 01		      and	#1
   5063  73b2		       f0 0a		      beq	.checkRequired2
   5064  73b4		       a2 05		      ldx	#5
   5065  73b6				   .fillRequired1
   5066  73b6		       bd 60 f5 	      lda	HudRequiredFilled,x
   5067  73b9		       95 b4		      sta	hudIcon0,x
   5068  73bb		       ca		      dex
   5069  73bc		       d0 f8		      bne	.fillRequired1
   5070  73be				   .checkRequired2
   5071  73be		       a5 b0		      lda	temp2
   5072  73c0		       29 02		      and	#2
   5073  73c2		       f0 0a		      beq	.checkRequired3
   5074  73c4		       a2 05		      ldx	#5
   5075  73c6				   .fillRequired2
   5076  73c6		       bd 60 f5 	      lda	HudRequiredFilled,x
   5077  73c9		       95 ba		      sta	hudIcon1,x
   5078  73cb		       ca		      dex
   5079  73cc		       d0 f8		      bne	.fillRequired2
   5080  73ce				   .checkRequired3
   5081  73ce		       a5 b0		      lda	temp2
   5082  73d0		       29 04		      and	#4
   5083  73d2		       f0 0a		      beq	HudUpdateCheckOptional
   5084  73d4		       a2 05		      ldx	#5
   5085  73d6				   .fillRequired3
   5086  73d6		       bd 60 f5 	      lda	HudRequiredFilled,x
   5087  73d9		       95 c0		      sta	hudIcon2,x
   5088  73db		       ca		      dex
   5089  73dc		       d0 f8		      bne	.fillRequired3
   5090  73de				   HudUpdateCheckOptional
   5091  73de		       a5 b0		      lda	temp2
   5092  73e0		       29 08		      and	#8
   5093  73e2		       f0 0a		      beq	.chooseScore
   5094  73e4		       a2 05		      ldx	#5
   5095  73e6				   .fillOptional
   5096  73e6		       bd 70 f5 	      lda	HudOptionalFilled,x
   5097  73e9		       95 c6		      sta	hudIcon3,x
   5098  73eb		       ca		      dex
   5099  73ec		       d0 f8		      bne	.fillOptional
   5100  73ee
   5101  73ee				   .chooseScore
   5102  73ee		       20 66 f3 	      jsr	UpdateHudPointers
   5103  73f1		       60		      rts
   5104  73f2
   5105  73f2							; Choose one of five authored poses. Horizontal reflection supplies the three
   5106  73f2							; corresponding left-facing directions for eight readable travel directions.
   5107  73f2				   SelectPose
   5108  73f2		       a9 00		      lda	#0
   5109  73f4		       85 0b		      sta	REFP0
   5110  73f6		       a5 84		      lda	velXHi
   5111  73f8		       10 04		      bpl	.poseFacingRight
   5112  73fa		       a9 08		      lda	#8
   5113  73fc		       85 0b		      sta	REFP0
   5114  73fe				   .poseFacingRight
   5115  73fe		       a5 86		      lda	velYHi
   5116  7400		       30 0b		      bmi	.poseMovingUp
   5117  7402		       d0 3a		      bne	.poseDown
   5118  7404		       a5 87		      lda	velYLo
   5119  7406		       c9 70		      cmp	#$70
   5120  7408		       b0 2b		      bcs	.poseDownRight
   5121  740a		       4c 2c f4 	      jmp	.poseRight
   5122  740d				   .poseMovingUp
   5123  740d		       a5 84		      lda	velXHi
   5124  740f		       f0 09		      beq	.poseUp
   5125  7411		       a5 85		      lda	velXLo
   5126  7413		       c9 60		      cmp	#$60
   5127  7415		       b0 03		      bcs	.poseUp
   5128  7417		       4c 23 f4 	      jmp	.poseUpRight
   5129  741a				   .poseUp
   5130  741a		       a9 87		      lda	#<SuitUp
   5131  741c		       85 ab		      sta	suitPtr
   5132  741e		       a9 f5		      lda	#>SuitUp
   5133  7420		       85 ac		      sta	suitPtr+1
   5134  7422		       60		      rts
   5135  7423				   .poseUpRight
   5136  7423		       a9 8e		      lda	#<SuitUpRight
   5137  7425		       85 ab		      sta	suitPtr
   5138  7427		       a9 f5		      lda	#>SuitUpRight
   5139  7429		       85 ac		      sta	suitPtr+1
   5140  742b		       60		      rts
   5141  742c				   .poseRight
   5142  742c		       a9 95		      lda	#<SuitRight
   5143  742e		       85 ab		      sta	suitPtr
   5144  7430		       a9 f5		      lda	#>SuitRight
   5145  7432		       85 ac		      sta	suitPtr+1
   5146  7434		       60		      rts
   5147  7435				   .poseDownRight
   5148  7435		       a9 9c		      lda	#<SuitDownRight
   5149  7437		       85 ab		      sta	suitPtr
   5150  7439		       a9 f5		      lda	#>SuitDownRight
   5151  743b		       85 ac		      sta	suitPtr+1
   5152  743d		       60		      rts
   5153  743e				   .poseDown
   5154  743e		       a9 a3		      lda	#<SuitDown
   5155  7440		       85 ab		      sta	suitPtr
   5156  7442		       a9 f5		      lda	#>SuitDown
   5157  7444		       85 ac		      sta	suitPtr+1
   5158  7446		       60		      rts
   5159  7447
   5160  7447							; A=visible X, X=0 P0, 1 P1, 2 M0, 3 M1, 4 Ball.
   5161  7447				   PositionObject
   5162  7447		       e0 02		      cpx	#2
   5163  7449		       69 00		      adc	#0
   5164  744b		       18		      clc
   5165  744c		       69 31		      adc	#POSITION_BIAS
   5166  744e		       38		      sec
   5167  744f		       85 02		      sta	WSYNC
   5168  7451				   .divide15
   5169  7451		       e9 0f		      sbc	#15
   5170  7453		       b0 fc		      bcs	.divide15
   5171  7455		       95 10		      sta	RESP0,x
   5172  7457		       49 ff		      eor	#$FF
   5173  7459		       69 f9		      adc	#$F9
   5174  745b		       0a		      asl
   5175  745c		       0a		      asl
   5176  745d		       0a		      asl
   5177  745e		       0a		      asl
   5178  745f		       95 20		      sta	HMP0,x
   5179  7461		       60		      rts
   5180  7462
   5181  7462							; Calculate only the fine-motion nibble during timer-controlled VBLANK. The
   5182  7462							; visible routine below never performs this variable-length work after RESP0.
   5183  7462				   PrepareTomFineMotion
   5184  7462		       a5 80		      lda	tomXHi
   5185  7464		       18		      clc
   5186  7465							; With this exact instruction schedule, a bias of 49 makes the RESP0
   5187  7465							; coarse position plus HMOVE fine motion equal tomXHi at every X.
   5188  7465							; Major Tom's rendered eight-pixel rectangle therefore matches the
   5189  7465							; software collision rectangle at both walls and every terrain edge.
   5190  7465		       69 31		      adc	#POSITION_BIAS
   5191  7467		       38		      sec
   5192  7468				   .fineDivide15
   5193  7468		       e9 0f		      sbc	#15
   5194  746a		       b0 fc		      bcs	.fineDivide15
   5195  746c		       49 ff		      eor	#$FF
   5196  746e		       69 f9		      adc	#$F9
   5197  7470		       0a		      asl
   5198  7471		       0a		      asl
   5199  7472		       0a		      asl
   5200  7473		       0a		      asl
   5201  7474		       85 eb		      sta	tomFineMotion
   5202  7476		       60		      rts
   5203  7477
   5204  7477							; Restore P0 and the upper P1 object in exactly three synchronized HUD/setup
   5205  7477							; lines. RIGHT_LIMIT guarantees P0's longest divide path reaches the trailing
   5206  7477							; WSYNC by cycle 75; P1 uses its fixed precomputed coarse/fine constants.
   5207  7477				   PositionGameplayObjects
   5208  7477		       a5 80		      lda	tomXHi
   5209  7479		       18		      clc
   5210  747a		       69 31		      adc	#POSITION_BIAS
   5211  747c		       38		      sec
   5212  747d		       85 02		      sta	WSYNC
   5213  747f				   .gameP0Divide15
   5214  747f		       e9 0f		      sbc	#15
   5215  7481		       b0 fc		      bcs	.gameP0Divide15
   5216  7483		       85 10		      sta	RESP0
   5217  7485		       a5 eb		      lda	tomFineMotion
   5218  7487		       85 20		      sta	HMP0
   5219  7489							; End P0's longest right-edge path immediately.  No instruction may
   5220  7489							; be inserted before this WSYNC: at RIGHT_LIMIT it arrives on cycle
   5221  7489							; 73, leaving only the three-cycle WSYNC store inside the scanline.
   5222  7489		       85 02		      sta	WSYNC
   5223  748b
   5224  748b							; Each stage has an independently authored upper optional object. The
   5225  748b							; branch cost is included in both fixed delays, so RESP1 still lands
   5226  748b							; on an exact authored color clock without a variable divide.
   5227  748b		       a5 ec		      lda	currentStage
   5228  748d		       d0 12		      bne	.gameP1Stage2
   5229  748f		       a2 0a		      ldx	#10
   5230  7491				   .gameP1Divide15
   5231  7491		       ca		      dex
   5232  7492		       d0 fd		      bne	.gameP1Divide15
   5233  7494		       24 af		      bit	temp
   5234  7496		       85 11		      sta	RESP1
   5235  7498		       a9 90		      lda	#$90
   5236  749a		       85 21		      sta	HMP1
   5237  749c		       85 02		      sta	WSYNC
   5238  749e		       85 2a		      sta	HMOVE
   5239  74a0		       60		      rts
   5240  74a1
   5241  74a1				   .gameP1Stage2
   5242  74a1		       a2 04		      ldx	#4
   5243  74a3				   .gameP1Stage2Delay
   5244  74a3		       ca		      dex
   5245  74a4		       d0 fd		      bne	.gameP1Stage2Delay
   5246  74a6		       ea		      nop
   5247  74a7		       85 11		      sta	RESP1
   5248  74a9		       a9 30		      lda	#$30
   5249  74ab		       85 21		      sta	HMP1
   5250  74ad		       85 02		      sta	WSYNC
   5251  74af		       85 2a		      sta	HMOVE
   5252  74b1		       60		      rts
   5253  74b2
   5254  74b2							; This runs before a later room's first synchronizing WSYNC, so its branching
   5255  74b2							; cannot alter visible scanline timing. Stage 1 never enters this routine.
   5256  74b2				   DispatchOtherRooms
   5257  74b2		       a5 ec		      lda	currentStage
   5258  74b4		       c9 01		      cmp	#1
   5259  74b6		       f0 11		      beq	.dispatchStage2
   5260  74b8		       c9 02		      cmp	#2
   5261  74ba		       f0 0a		      beq	.dispatchStage3
   5262  74bc		       c9 03		      cmp	#3
   5263  74be		       f0 03		      beq	.dispatchStage4
   5264  74c0		       4c d0 fb 	      jmp	Stage5RoomGate
   5265  74c3				   .dispatchStage4
   5266  74c3		       4c b0 fb 	      jmp	Stage4RoomGate
   5267  74c6				   .dispatchStage3
   5268  74c6		       4c c0 fb 	      jmp	Stage3RoomGate
   5269  74c9				   .dispatchStage2
   5270  74c9		       4c e0 fb 	      jmp	Stage2RoomGate
   5271  74cc
   5272  74cc							; ---------------------------------------------------------------------------
   5273  74cc							; Major Tom production silhouette. Seven logical rows are doubled to fourteen
   5274  74cc							; physical lines. The visor row contains two white helmet-edge pixels around
   5275  74cc							; a black/transparent window, leaving Player 1 entirely to mission objects.
   5276  74cc							; All pose labels intentionally share this neutral art in Thursday's Child.
   5277  74cc							; ---------------------------------------------------------------------------
   5278  7500		       00 00 00 00*	      ALIGN	256
   5279  7500							; HUD cells share one page so both the visible absolute-indexed loads and the
   5280  7500							; VBLANK score-pointer copy retain predictable timing.
   5281  7500				   HudBlank
   5282  7500				   HudSpacer
   5283  7500		       00 00 00 00*	      byte.b	$00,$00,$00,$00,$00,$00,$00,$00
   5284  7508				   HudStageOne
   5285  7508				   HudDigit1
   5286  7508		       00 3c 18 18*	      byte.b	$00,$3C,$18,$18,$18,$18,$38,$18
   5287  7510				   HudZeroA
   5288  7510				   HudZeroB
   5289  7510				   HudZeroD
   5290  7510				   HudDigit0
   5291  7510		       00 3c 66 66*	      byte.b	$00,$3C,$66,$66,$66,$66,$66,$3C
   5292  7518				   HudDigit2
   5293  7518		       00 7e 40 7e*	      byte.b	$00,$7E,$40,$7E,$02,$42,$3C,$00
   5294  7520				   HudDigit3
   5295  7520		       00 7e 02 1e*	      byte.b	$00,$7E,$02,$1E,$02,$42,$3C,$00
   5296  7528				   HudDigit4
   5297  7528		       00 04 04 7e*	      byte.b	$00,$04,$04,$7E,$44,$24,$14,$0C
   5298  7530				   HudDigit5
   5299  7530		       00 7e 02 3e*	      byte.b	$00,$7E,$02,$3E,$40,$40,$7E,$00
   5300  7538				   HudDigit6
   5301  7538		       00 3c 66 7c*	      byte.b	$00,$3C,$66,$7C,$60,$30,$1C,$00
   5302  7540				   HudDigit7
   5303  7540		       00 10 10 08*	      byte.b	$00,$10,$10,$08,$04,$42,$7E,$00
   5304  7548				   HudDigit8
   5305  7548		       00 3c 66 3c*	      byte.b	$00,$3C,$66,$3C,$66,$66,$3C,$00
   5306  7550				   HudDigit9
   5307  7550		       00 38 0c 3e*	      byte.b	$00,$38,$0C,$3E,$66,$66,$3C,$00
   5308  7558				   HudRequiredOutline
   5309  7558		       00 18 24 42*	      byte.b	$00,$18,$24,$42,$24,$18,$00,$00
   5310  7560				   HudRequiredFilled
   5311  7560		       00 18 3c 7e*	      byte.b	$00,$18,$3C,$7E,$3C,$18,$00,$00
   5312  7568				   HudOptionalOutline
   5313  7568		       00 24 18 7e*	      byte.b	$00,$24,$18,$7E,$18,$24,$00,$00
   5314  7570				   HudOptionalFilled
   5315  7570		       00 24 3c 7e*	      byte.b	$00,$24,$3C,$7E,$3C,$24,$00,$00
   5316  7578
   5317  7578				   HudScoreDigitLow
   5318  7578		       10 08 18 20*	      byte.b	<HudDigit0,<HudDigit1,<HudDigit2,<HudDigit3,<HudDigit4
   5319  757d		       30 38 40 48*	      byte.b	<HudDigit5,<HudDigit6,<HudDigit7,<HudDigit8,<HudDigit9
   5320  7582				   HudStageDigitLow
   5321  7582		       08 18 20 28*	      byte.b	<HudDigit1,<HudDigit2,<HudDigit3,<HudDigit4,<HudDigit5
   5322  7587
   5323  7587				   SuitUp
   5324  7587		       3c 7e 81 7e	      byte.b	%00111100,%01111110,%10000001,%01111110
   5325  758b		       ff 7e 66 	      byte.b	%11111111,%01111110,%01100110
   5326  758e				   SuitUpRight
   5327  758e		       3c 7e 81 7e	      byte.b	%00111100,%01111110,%10000001,%01111110
   5328  7592		       ff 7e 66 	      byte.b	%11111111,%01111110,%01100110
   5329  7595				   SuitRight
   5330  7595		       3c 7e 81 7e	      byte.b	%00111100,%01111110,%10000001,%01111110
   5331  7599		       ff 7e 66 	      byte.b	%11111111,%01111110,%01100110
   5332  759c				   SuitDownRight
   5333  759c		       3c 7e 81 7e	      byte.b	%00111100,%01111110,%10000001,%01111110
   5334  75a0		       ff 7e 66 	      byte.b	%11111111,%01111110,%01100110
   5335  75a3				   SuitDown
   5336  75a3		       3c 7e 81 7e	      byte.b	%00111100,%01111110,%10000001,%01111110
   5337  75a7		       ff 7e 66 	      byte.b	%11111111,%01111110,%01100110
   5338  75aa
   5339  75aa				   VisorEnable
   5340  75aa		       00 00 00 00*	      byte.b	0,0,0,0,0,0,0
   5341  75b1
   5342  75b1							; P1 is rewritten on odd scanlines. The optional cross occupies the first
   5343  75b1							; band; three required objects alternate with the three side-facing dishes.
   5344  75b1							; A final full-height gate occupies the lowest band after objective activation.
   5345  7600		       00 00 00 00*	      ALIGN	256
   5346  7600				   WorldGraphics
   5347  7600		       00 00 00 00*	      ds	9,0
   5348  7609		       10		      byte.b	%00010000
   5349  760a		       00		      ds	1,0
   5350  760b		       18		      byte.b	%00011000
   5351  760c		       00		      ds	1,0
   5352  760d		       7c		      byte.b	%01111100
   5353  760e		       00		      ds	1,0
   5354  760f		       fe		      byte.b	%11111110
   5355  7610		       00		      ds	1,0
   5356  7611		       7c		      byte.b	%01111100
   5357  7612		       00		      ds	1,0
   5358  7613		       18		      byte.b	%00011000
   5359  7614		       00		      ds	1,0
   5360  7615		       10		      byte.b	%00010000
   5361  7616		       00 00 00 00*	      ds	7,0
   5362  761d
   5363  761d							; Satellite A
   5364  761d		       3c		      byte.b	%00111100
   5365  761e		       00		      ds	1,0
   5366  761f		       60		      byte.b	%01100000
   5367  7620		       00		      ds	1,0
   5368  7621		       c0		      byte.b	%11000000
   5369  7622		       00		      ds	1,0
   5370  7623		       c0		      byte.b	%11000000
   5371  7624		       00		      ds	1,0
   5372  7625		       60		      byte.b	%01100000
   5373  7626		       00		      ds	1,0
   5374  7627		       3c		      byte.b	%00111100
   5375  7628		       00		      ds	1,0
   5376  7629		       18		      byte.b	%00011000
   5377  762a		       00		      ds	1,0
   5378  762b		       3c		      byte.b	%00111100
   5379  762c		       00 00 00 00*	      ds	5,0
   5380  7631
   5381  7631							; Required object 0
   5382  7631		       38		      byte.b	%00111000
   5383  7632		       00		      ds	1,0
   5384  7633		       78		      byte.b	%01111000
   5385  7634		       00		      ds	1,0
   5386  7635		       f0		      byte.b	%11110000
   5387  7636		       00		      ds	1,0
   5388  7637		       f8		      byte.b	%11111000
   5389  7638		       00		      ds	1,0
   5390  7639		       f0		      byte.b	%11110000
   5391  763a		       00		      ds	1,0
   5392  763b		       78		      byte.b	%01111000
   5393  763c		       00		      ds	1,0
   5394  763d		       38		      byte.b	%00111000
   5395  763e		       00 00 00 00*	      ds	15,0
   5396  764d
   5397  764d							; Satellite B
   5398  764d		       3c		      byte.b	%00111100
   5399  764e		       00		      ds	1,0
   5400  764f		       60		      byte.b	%01100000
   5401  7650		       00		      ds	1,0
   5402  7651		       c0		      byte.b	%11000000
   5403  7652		       00		      ds	1,0
   5404  7653		       c0		      byte.b	%11000000
   5405  7654		       00		      ds	1,0
   5406  7655		       60		      byte.b	%01100000
   5407  7656		       00		      ds	1,0
   5408  7657		       3c		      byte.b	%00111100
   5409  7658		       00		      ds	1,0
   5410  7659		       18		      byte.b	%00011000
   5411  765a		       00		      ds	1,0
   5412  765b		       3c		      byte.b	%00111100
   5413  765c		       00 00 00 00*	      ds	5,0
   5414  7661
   5415  7661							; Required object 1
   5416  7661		       38		      byte.b	%00111000
   5417  7662		       00		      ds	1,0
   5418  7663		       78		      byte.b	%01111000
   5419  7664		       00		      ds	1,0
   5420  7665		       f0		      byte.b	%11110000
   5421  7666		       00		      ds	1,0
   5422  7667		       f8		      byte.b	%11111000
   5423  7668		       00		      ds	1,0
   5424  7669		       f0		      byte.b	%11110000
   5425  766a		       00		      ds	1,0
   5426  766b		       78		      byte.b	%01111000
   5427  766c		       00		      ds	1,0
   5428  766d		       38		      byte.b	%00111000
   5429  766e		       00 00 00 00*	      ds	13,0
   5430  767b
   5431  767b							; Satellite C
   5432  767b		       3c		      byte.b	%00111100
   5433  767c		       00		      ds	1,0
   5434  767d		       60		      byte.b	%01100000
   5435  767e		       00		      ds	1,0
   5436  767f		       c0		      byte.b	%11000000
   5437  7680		       00		      ds	1,0
   5438  7681		       c0		      byte.b	%11000000
   5439  7682		       00		      ds	1,0
   5440  7683		       60		      byte.b	%01100000
   5441  7684		       00		      ds	1,0
   5442  7685		       3c		      byte.b	%00111100
   5443  7686		       00		      ds	1,0
   5444  7687		       18		      byte.b	%00011000
   5445  7688		       00		      ds	1,0
   5446  7689		       3c		      byte.b	%00111100
   5447  768a		       00 00 00 00*	      ds	7,0
   5448  7691
   5449  7691							; Required object 2
   5450  7691		       38		      byte.b	%00111000
   5451  7692		       00		      ds	1,0
   5452  7693		       78		      byte.b	%01111000
   5453  7694		       00		      ds	1,0
   5454  7695		       f0		      byte.b	%11110000
   5455  7696		       00		      ds	1,0
   5456  7697		       f8		      byte.b	%11111000
   5457  7698		       00		      ds	1,0
   5458  7699		       f0		      byte.b	%11110000
   5459  769a		       00		      ds	1,0
   5460  769b		       78		      byte.b	%01111000
   5461  769c		       00		      ds	1,0
   5462  769d		       38		      byte.b	%00111000
   5463  769e		       00 00 00 	      ds	3,0
   5464  76a1
   5465  76a1							; Extraction gate: eight logical rows fill the complete fifteen-line
   5466  76a1							; bottom band. The open center reads as a doorway rather than a pickup.
   5467  76a1		       3c		      byte.b	%00111100
   5468  76a2		       00		      ds	1,0
   5469  76a3		       7e		      byte.b	%01111110
   5470  76a4		       00		      ds	1,0
   5471  76a5		       c3		      byte.b	%11000011
   5472  76a6		       00		      ds	1,0
   5473  76a7		       db		      byte.b	%11011011
   5474  76a8		       00		      ds	1,0
   5475  76a9		       db		      byte.b	%11011011
   5476  76aa		       00		      ds	1,0
   5477  76ab		       c3		      byte.b	%11000011
   5478  76ac		       00		      ds	1,0
   5479  76ad		       3c		      byte.b	%00111100
   5480  76ae		       00		      ds	1,0
   5481  76af		       00		      byte.b	%00000000
   5482  76b0
   5483  76b0							; Nonzero entries mark the odd service lines that reposition P1 for the next
   5484  76b0							; vertically scheduled object. Values select the six calibrated handlers.
   5485  7700		       00 00 00 00*	      ALIGN	256
   5486  7700				   ServiceCode
   5487  7700		       00 00 00 00*	      ds	23,0
   5488  7717		       01		      byte.b	1
   5489  7718		       00 00 00 00*	      ds	21,0
   5490  772d		       02		      byte.b	2
   5491  772e		       00 00 00 00*	      ds	19,0
   5492  7741		       03		      byte.b	3
   5493  7742		       00 00 00 00*	      ds	27,0
   5494  775d		       04		      byte.b	4
   5495  775e		       00 00 00 00*	      ds	21,0
   5496  7773		       05		      byte.b	5
   5497  7774		       00 00 00 00*	      ds	23,0
   5498  778b		       06		      byte.b	6
   5499  778c		       00 00 00 00*	      ds	19,0
   5500  779f		       07		      byte.b	7
   5501  77a0		       00 00 00 00*	      ds	16,0
   5502  77b0
   5503  77b0							; The extraction ramp is its own stage-palette role. This yellow-amber hue is
   5504  77b0							; deliberately distinct from violet terrain, orange-gold required objects,
   5505  77b0							; green salvage, and blue satellite signaling.
   5506  77b0				   ExitColorTable
   5507  77b0		       12 16 1c 16	      byte.b	EXIT_GLOW_DIM,EXIT_GLOW_LOW,EXIT_GLOW_HIGH,EXIT_GLOW_LOW
   5508  77b4							; ---------------------------------------------------------------------------
   5509  77b4							; Stationary stage data. Every run is exactly eight scanlines. The color ramp
   5510  77b4							; is light-dark-light inside one gold family; only terrain is colored.
   5511  77b4							;
   5512  77b4							; BLACKSTAR 0.8R rewrites PF1 between the screen halves. The left and right
   5513  77b4							; formations below are deliberately unrelated. PF2 is shared only for the
   5514  77b4							; solid ceiling and floor, preserving a large central maneuvering chamber.
   5515  77b4							; ---------------------------------------------------------------------------
   5516  7800		       00 00 00 00*	      ALIGN	256
   5517  7800				   TerrainColor
   5518  7800							; The solid eight-line ceiling is also the HUD divider. Its stationary
   5519  7800							; light-dark-light ramp gives that material real depth at no CPU cost.
   5520  7800		       ae ac aa a8*	      byte.b	$AE,$AC,$AA,$A8,$A6,$A8,$AA,$AC
   5521  7808		       6c 6c 6c 6c*	      ds	8,$6C
   5522  7810		       6a 6a 6a 6a*	      ds	8,$6A
   5523  7818		       68 68 68 68*	      ds	8,$68
   5524  7820		       66 66 66 66*	      ds	8,$66
   5525  7828		       64 64 64 64*	      ds	8,$64
   5526  7830		       62 62 62 62*	      ds	8,$62	; dark amethyst
   5527  7838		       72 72 72 72*	      ds	8,$72	; dark indigo turn
   5528  7840		       74 74 74 74*	      ds	8,$74
   5529  7848		       76 76 76 76*	      ds	8,$76
   5530  7850		       78 78 78 78*	      ds	8,$78
   5531  7858		       7a 7a 7a 7a*	      ds	8,$7A
   5532  7860		       7c 7c 7c 7c*	      ds	8,$7C
   5533  7868		       7e 7e 7e 7e*	      ds	8,$7E	; pale blue-violet crest
   5534  7870		       7c 7c 7c 7c*	      ds	8,$7C
   5535  7878		       7a 7a 7a 7a*	      ds	8,$7A
   5536  7880		       78 78 78 78*	      ds	8,$78
   5537  7888		       76 76 76 76*	      ds	8,$76
   5538  7890		       74 74 74 74*	      ds	8,$74
   5539  7898		       72 72 72 72*	      ds	8,$72
   5540  78a0		       64 64 64 64*	      ds	8,$64
   5541  78a8		       66 66 66 66*	      ds	8,$66
   5542  78b0
   5543  7900		       00 00 00 00*	      ALIGN	256
   5544  7900				   TerrainLeftPF1
   5545  7900		       ff ff ff ff*	      ds	8,$FF
   5546  7908		       f0 f0 f0 f0*	      ds	8,$F0	; broad ceiling shoulder
   5547  7910		       e0 e0 e0 e0*	      ds	8,$E0
   5548  7918		       c0 c0 c0 c0*	      ds	8,$C0
   5549  7920		       80 80 80 80*	      ds	8,$80	; tapered stalactite tip
   5550  7928		       00 00 00 00*	      ds	8,$00
   5551  7930		       00 00 00 00*	      ds	8,$00
   5552  7938		       80 80 80 80*	      ds	8,$80	; upper side shelf
   5553  7940		       c0 c0 c0 c0*	      ds	8,$C0
   5554  7948		       80 80 80 80*	      ds	8,$80
   5555  7950		       00 00 00 00*	      ds	8,$00
   5556  7958		       00 00 00 00*	      ds	8,$00
   5557  7960		       00 00 00 00*	      ds	8,$00
   5558  7968		       80 80 80 80*	      ds	8,$80	; independent lower-left shelf
   5559  7970		       c0 c0 c0 c0*	      ds	8,$C0
   5560  7978		       80 80 80 80*	      ds	8,$80
   5561  7980		       00 00 00 00*	      ds	8,$00
   5562  7988		       80 80 80 80*	      ds	8,$80	; tapered stalagmite tip
   5563  7990		       c0 c0 c0 c0*	      ds	8,$C0
   5564  7998		       e0 e0 e0 e0*	      ds	8,$E0
   5565  79a0		       f0 f0 f0 f0*	      ds	8,$F0	; broad floor shoulder
   5566  79a8		       ff ff ff ff*	      ds	8,$FF
   5567  79b0
   5568  7a00		       00 00 00 00*	      ALIGN	256
   5569  7a00				   TerrainRightPF1
   5570  7a00		       ff ff ff ff*	      ds	8,$FF
   5571  7a08		       80 80 80 80*	      ds	8,$80	; short upper-right shoulder
   5572  7a10		       00 00 00 00*	      ds	8,$00
   5573  7a18		       00 00 00 00*	      ds	8,$00
   5574  7a20		       00 00 00 00*	      ds	8,$00
   5575  7a28		       80 80 80 80*	      ds	8,$80
   5576  7a30		       c0 c0 c0 c0*	      ds	8,$C0
   5577  7a38		       e0 e0 e0 e0*	      ds	8,$E0	; deep upper-right outcrop
   5578  7a40		       c0 c0 c0 c0*	      ds	8,$C0
   5579  7a48		       80 80 80 80*	      ds	8,$80
   5580  7a50		       00 00 00 00*	      ds	8,$00
   5581  7a58		       00 00 00 00*	      ds	8,$00
   5582  7a60		       80 80 80 80*	      ds	8,$80
   5583  7a68		       e0 e0 e0 e0*	      ds	8,$E0
   5584  7a70		       f0 f0 f0 f0*	      ds	8,$F0	; broad middle-right shelf
   5585  7a78		       c0 c0 c0 c0*	      ds	8,$C0
   5586  7a80		       00 00 00 00*	      ds	8,$00
   5587  7a88		       00 00 00 00*	      ds	8,$00
   5588  7a90		       80 80 80 80*	      ds	8,$80
   5589  7a98		       c0 c0 c0 c0*	      ds	8,$C0
   5590  7aa0		       e0 e0 e0 e0*	      ds	8,$E0
   5591  7aa8		       ff ff ff ff*	      ds	8,$FF
   5592  7ab0
   5593  7b00		       00 00 00 00*	      ALIGN	256
   5594  7b00				   TerrainPF2
   5595  7b00		       ff ff ff ff*	      ds	8,$FF
   5596  7b08		       00 00 00 00*	      ds	8,$00
   5597  7b10		       00 00 00 00*	      ds	8,$00
   5598  7b18		       00 00 00 00*	      ds	8,$00
   5599  7b20		       00 00 00 00*	      ds	8,$00
   5600  7b28		       00 00 00 00*	      ds	8,$00
   5601  7b30		       00 00 00 00*	      ds	8,$00
   5602  7b38		       00 00 00 00*	      ds	8,$00
   5603  7b40		       00 00 00 00*	      ds	8,$00
   5604  7b48		       00 00 00 00*	      ds	8,$00
   5605  7b50		       00 00 00 00*	      ds	8,$00
   5606  7b58		       00 00 00 00*	      ds	8,$00
   5607  7b60		       00 00 00 00*	      ds	8,$00
   5608  7b68		       00 00 00 00*	      ds	8,$00
   5609  7b70		       00 00 00 00*	      ds	8,$00
   5610  7b78		       00 00 00 00*	      ds	8,$00
   5611  7b80		       00 00 00 00*	      ds	8,$00
   5612  7b88		       00 00 00 00*	      ds	8,$00
   5613  7b90		       00 00 00 00*	      ds	8,$00
   5614  7b98		       00 00 00 00*	      ds	8,$00
   5615  7ba0		       00 00 00 00*	      ds	8,$00
   5616  7ba8		       ff ff ff ff*	      ds	8,$FF
   5617  7bb0
   5618  7bb0							; Room-bank gates occupy matching addresses in Banks 6 and 7. Reading the F4
   5619  7bb0							; hotspot changes the bank; execution then continues at the next byte in the
   5620  7bb0							; newly selected bank, where a conventional JMP provides an explicit landing.
   5621  7bb0					      ORG	$7BB0
   5622  7bb0					      RORG	$FBB0
   5623  7bb0				   Stage4RoomGate
   5624  7bb0		       ad f8 ff 	      lda	$FFF8
   5625  7bb3
   5626  7bbb					      ORG	$7BBB
   5627  7bbb					      RORG	$FBBB
   5628  7bbb				   Stage4ReturnLanding
   5629  7bbb		       4c 6e f0 	      jmp	Frame
   5630  7bbe
   5631  7bc0					      ORG	$7BC0
   5632  7bc0					      RORG	$FBC0
   5633  7bc0				   Stage3RoomGate
   5634  7bc0		       ad f9 ff 	      lda	$FFF9
   5635  7bc3
   5636  7bcb					      ORG	$7BCB
   5637  7bcb					      RORG	$FBCB
   5638  7bcb				   Stage3ReturnLanding
   5639  7bcb		       4c 6e f0 	      jmp	Frame
   5640  7bce
   5641  7bd0					      ORG	$7BD0
   5642  7bd0					      RORG	$FBD0
   5643  7bd0				   Stage5RoomGate
   5644  7bd0		       ad f7 ff 	      lda	$FFF7
   5645  7bd3
   5646  7bdb					      ORG	$7BDB
   5647  7bdb					      RORG	$FBDB
   5648  7bdb				   Stage5ReturnLanding
   5649  7bdb		       4c 6e f0 	      jmp	Frame
   5650  7bde
   5651  7be0					      ORG	$7BE0
   5652  7be0					      RORG	$FBE0
   5653  7be0				   Stage2RoomGate
   5654  7be0		       ad fa ff 	      lda	$FFFA
   5655  7be3
   5656  7bf3					      ORG	$7BF3
   5657  7bf3					      RORG	$FBF3
   5658  7bf3				   Stage2ReturnLanding
   5659  7bf3		       4c 6e f0 	      jmp	Frame
   5660  7bf6
   5661  7c00					      ORG	$7C00
   5662  7c00					      RORG	$FC00
   5663  7c00				   StarEnable
   5664  7c00				  -	      IFCONST	STARFIELD_LAB
   5665  7c00				  -	      ds	16,0
   5666  7c00				  -	      byte	$02
   5667  7c00				  -	      ds	15,0
   5668  7c00				  -	      byte	$02
   5669  7c00				  -	      ds	19,0
   5670  7c00				  -	      byte	$02
   5671  7c00				  -	      ds	21,0
   5672  7c00				  -	      byte	$02
   5673  7c00				  -	      ds	13,0
   5674  7c00				  -	      byte	$02
   5675  7c00				  -	      ds	15,0
   5676  7c00				  -	      byte	$02
   5677  7c00				  -	      ds	19,0
   5678  7c00				  -	      byte	$02
   5679  7c00				  -	      ds	9,0
   5680  7c00				  -	      byte	$02
   5681  7c00				  -	      ds	15,0
   5682  7c00				  -	      byte	$02
   5683  7c00				  -	      ds	17,0
   5684  7c00				  -	      byte	$02
   5685  7c00				  -	      ds	7,0
   5686  7c00					      ELSE
   5687  7c00		       00 00 00 00*	      ds	176,0
   5688  7cb0					      ENDIF
   5689  7cb0
   5690  7d00					      ORG	$7D00
   5691  7d00					      RORG	$FD00
   5692  7d00				   StarControl
   5693  7d00				  -	      IFCONST	STARFIELD_LAB
   5694  7d00				  -	      ds	15,0
   5695  7d00				  -	      byte	$10,0,$80
   5696  7d00				  -	      ds	13,0
   5697  7d00				  -	      byte	$11,0,$80
   5698  7d00				  -	      ds	17,0
   5699  7d00				  -	      byte	$12,0,$80
   5700  7d00				  -	      ds	19,0
   5701  7d00				  -	      byte	$13,0,$80
   5702  7d00				  -	      ds	11,0
   5703  7d00				  -	      byte	$11,0,$80
   5704  7d00				  -	      ds	13,0
   5705  7d00				  -	      byte	$10,0,$80
   5706  7d00				  -	      ds	17,0
   5707  7d00				  -	      byte	$13,0,$80
   5708  7d00				  -	      ds	7,0
   5709  7d00				  -	      byte	$12,0,$80
   5710  7d00				  -	      ds	13,0
   5711  7d00				  -	      byte	$10,0,$80
   5712  7d00				  -	      ds	15,0
   5713  7d00				  -	      byte	$12,0,$80
   5714  7d00				  -	      ds	6,0
   5715  7d00					      ELSE
   5716  7d00		       00 00 00 00*	      ds	176,0
   5717  7db0					      ENDIF
   5718  7db0				   StarFadeColors
   5719  7db0		       02 02 02 00	      byte.b	$02,$02,$02,$00
   5720  7db4				   StarOddControl
   5721  7db4		       bd 00 fa 	      lda	TerrainRightPF1,x
   5722  7db7		       85 0e		      sta	PF1
   5723  7db9		       bd 00 fd 	      lda	StarControl,x
   5724  7dbc		       f0 17		      beq	.sync
   5725  7dbe		       30 0f		      bmi	.restore
   5726  7dc0		       45 b3		      eor	bestBeacon
   5727  7dc2		       29 03		      and	#3
   5728  7dc4		       a8		      tay
   5729  7dc5		       b9 b0 fd 	      lda	StarFadeColors,y
   5730  7dc8		       85 ae		      sta	visorEnable
   5731  7dca		       85 1d		      sta	ENAM0
   5732  7dcc		       4c d5 fd 	      jmp	.sync
   5733  7dcf				   .restore
   5734  7dcf		       a9 00		      lda	#0
   5735  7dd1		       85 ae		      sta	visorEnable
   5736  7dd3		       85 1d		      sta	ENAM0
   5737  7dd5				   .sync
   5738  7dd5		       85 02		      sta	WSYNC
   5739  7dd7		       4c 6c f2 	      jmp	RoomOddNext
   5740  7dda
   5741  7dda				   Stage1ServiceDishCFinish
   5742  7dda		       a9 ff		      lda	#$FF
   5743  7ddc		       85 a0		      sta	currentP1Mask
   5744  7dde		       a5 a4		      lda	dishColorC
   5745  7de0		       85 a1		      sta	currentP1Color
   5746  7de2		       85 02		      sta	WSYNC
   5747  7de4		       4c 6c f2 	      jmp	RoomOddNext
   5748  7de7
   5749  7de7							; Restore the fixed gameplay TIA contract after the terminal bank.
   5750  7de7							; Stage data itself is initialized by Bank 0 on the first Frame call.
   5751  7e00					      ORG	$7E00
   5752  7e00					      RORG	$FE00
   5753  7e00				   GameplayResume
   5754  7e00							; The terminal's third-fire jump to this gameplay entry (see
   5755  7e00							; TerminalToGameplayGate) fires from inside a jsr'd subroutine via a
   5756  7e00							; plain jmp, never executing its matching rts. That orphans the
   5757  7e00							; jsr's return address on the hardware stack. Left uncorrected, once
   5758  7e00							; gameplay's own call depth unwinds back to that stack level, an rts
   5759  7e00							; pops the stale address instead of its real caller, sending
   5760  7e00							; execution into unmapped memory until a stray zero byte reads as
   5761  7e00							; BRK and every bank's identical interrupt vector redirects back
   5762  7e00							; through Reset into credits -- reproducibly, regardless of input
   5763  7e00							; method or emulator. Reset the stack here, the same defensive reset
   5764  7e00							; Reset itself performs, so no stale entry survives into gameplay.
   5765  7e00		       a2 ff		      ldx	#$FF
   5766  7e02		       9a		      txs
   5767  7e03		       a9 00		      lda	#0
   5768  7e05		       85 19		      sta	AUDV0
   5769  7e07		       85 1a		      sta	AUDV1
   5770  7e09		       85 04		      sta	NUSIZ0
   5771  7e0b		       85 26		      sta	VDELP1
   5772  7e0d		       85 09		      sta	COLUBK
   5773  7e0f		       85 0d		      sta	PF0
   5774  7e11		       85 0e		      sta	PF1
   5775  7e13		       85 0f		      sta	PF2
   5776  7e15		       85 1b		      sta	GRP0
   5777  7e17		       85 1c		      sta	GRP1
   5778  7e19		       85 1d		      sta	ENAM0
   5779  7e1b		       85 1e		      sta	ENAM1
   5780  7e1d		       85 1f		      sta	ENABL
   5781  7e1f		       85 ec		      sta	currentStage
   5782  7e21		       85 f0		      sta	scoreTens
   5783  7e23		       a9 20		      lda	#$20
   5784  7e25		       85 05		      sta	NUSIZ1
   5785  7e27		       a9 01		      lda	#1
   5786  7e29		       85 25		      sta	VDELP0
   5787  7e2b		       85 0a		      sta	CTRLPF
   5788  7e2d		       a9 0e		      lda	#SUIT_COLOR
   5789  7e2f		       85 06		      sta	COLUP0
   5790  7e31		       a9 8c		      lda	#SIGNAL_COLOR
   5791  7e33		       85 07		      sta	COLUP1
   5792  7e35		       a9 40		      lda	#$40
   5793  7e37		       85 ef		      sta	stageSetupPending
   5794  7e39		       4c 6e f0 	      jmp	Frame
   5795  7e3c
   5796  7e3c							; Fixed presentation gates. Each hotspot read changes banks and the
   5797  7e3c							; selected bank supplies a JMP at the following virtual address.
   5798  7fa0					      ORG	$7FA0
   5799  7fa0					      RORG	$FFA0
   5800  7fa0				   EnterCreditsGate
   5801  7fa0		       ad f6 ff 	      lda	$FFF6
   5802  7fa3
   5803  7fa3							; Fixed bank-call gate. The hotspot switches to bank 0 at $FFD0. Bank 0 runs
   5804  7fa3							; physics at $FFD3, switches back, and execution resumes at this RTS.
   5805  7fd0					      ORG	$7FD0
   5806  7fd0					      RORG	$FFD0
   5807  7fd0				   CallPhysics
   5808  7fd0		       ad f4 ff 	      lda	$FFF4
   5809  7fd3		       ea ea ea ea*	      ds	6,$EA
   5810  7fd9				   PhysicsBankReturn
   5811  7fd9		       60		      rts
   5812  7fda
   5813  7fe3					      ORG	$7FE3
   5814  7fe3					      RORG	$FFE3
   5815  7fe3				   GameplayEntryLanding
   5816  7fe3		       4c 00 fe 	      jmp	GameplayResume
   5817  7fe6
   5818  7feb					      ORG	$7FEB
   5819  7feb					      RORG	$FFEB
   5820  7feb				   PresentationResetLanding
   5821  7feb		       4c 06 f0 	      jmp	Reset
   5822  7fee
   5823  7ffa					      ORG	$7FFA
   5824  7ffa					      RORG	$FFFA
   5825  7ffa		       00 f0 00 f0*	      word.w	$F000,$F000,$F000
