------- FILE src/thursdays-child-chapter-two-zone3.asm LEVEL 1 PASS 2
      1  7ffa		       00 01	   CHAPTER2_ZONE3_LAB =	1
------- FILE thursdays-child.asm LEVEL 2 PASS 2
      0  8000 ????				      include	"thursdays-child.asm"
      1  8000 ????				      processor	6502
      2  8000 ????
      3  8000 ????						; ---------------------------------------------------------------------------
      4  8000 ????						; FLOATING IN A MOST PECULIAR WAY
      5  8000 ????						; THURSDAY'S CHILD 0.9C-S — ASYNCHRONOUS STARFIELD LAB
      6  8000 ????						;
      7  8000 ????						; This is not a revision of the legacy gradient project.  It is an independent
      8  8000 ????						; 32K F4 production branch with the approved gravity engine in Bank 0, the
      9  8000 ????						; approved black-space renderer in fixed Bank 7, four additional independent
     10  8000 ????						; room banks in Banks 6-3, and Banks 1-2 reserved for later chapter systems.
     11  8000 ????						;
     12  8000 ????						; Proof commitments:
     13  8000 ????						;   * black background and stationary amethyst-gradient terrain
     14  8000 ????						;   * a compact one-player Major Tom with an enclosed black visor opening
     15  8000 ????						;   * one locked neutral astronaut pose; animation budget belongs to objects
     16  8000 ????						;   * terrain collision, side reflection, ceiling reflection and moon bounce
     17  8000 ????						;   * independently authored left/right terrain, with no mirrored-stage rule
     18  8000 ????						;   * three real P1 satellite-dish sprites at unrelated X/Y coordinates
     19  8000 ????						;   * seven carefully authored logical rows doubled into a stable 8x14 suit
     20  8000 ????						;   * only the ready dish emits a slow blue pulse; collectibles shimmer faster
     21  8000 ????						;   * three circular capture tiers and tangent release
     22  8000 ????						;   * a full-height extraction gate revealed by the three required objects
     23  8000 ????						;   * five ordered Chapter One stages, each with independent terrain/palette
     24  8000 ????						;   * score and HUD state persist while every new room resets objectives
     25  8000 ????						;
     26  8000 ????						; Exact NTSC frame:
     27  8000 ????						;   3 VSYNC + 37 VBLANK + 192 visible + 30 overscan = 262 scanlines
     28  8000 ????						; Visible picture:
     29  8000 ????						;   16 HUD / status lines + 176 room lines
     30  8000 ????						; ---------------------------------------------------------------------------
     31  8000 ????
     32  8000 ????						; TIA write registers
     33  8000 ????	       00 00	   VSYNC      =	$00
     34  8000 ????	       00 01	   VBLANK     =	$01
     35  8000 ????	       00 02	   WSYNC      =	$02
     36  8000 ????	       00 04	   NUSIZ0     =	$04
     37  8000 ????	       00 05	   NUSIZ1     =	$05
     38  8000 ????	       00 06	   COLUP0     =	$06
     39  8000 ????	       00 07	   COLUP1     =	$07
     40  8000 ????	       00 08	   COLUPF     =	$08
     41  8000 ????	       00 09	   COLUBK     =	$09
     42  8000 ????	       00 0a	   CTRLPF     =	$0A
     43  8000 ????	       00 0b	   REFP0      =	$0B
     44  8000 ????	       00 0c	   REFP1      =	$0C
     45  8000 ????	       00 0d	   PF0	      =	$0D
     46  8000 ????	       00 0e	   PF1	      =	$0E
     47  8000 ????	       00 0f	   PF2	      =	$0F
     48  8000 ????	       00 10	   RESP0      =	$10
     49  8000 ????	       00 11	   RESP1      =	$11
     50  8000 ????	       00 12	   RESM0      =	$12
     51  8000 ????	       00 13	   RESM1      =	$13
     52  8000 ????	       00 14	   RESBL      =	$14
     53  8000 ????	       00 1b	   GRP0       =	$1B
     54  8000 ????	       00 1c	   GRP1       =	$1C
     55  8000 ????	       00 1d	   ENAM0      =	$1D
     56  8000 ????	       00 1e	   ENAM1      =	$1E
     57  8000 ????	       00 1f	   ENABL      =	$1F
     58  8000 ????	       00 20	   HMP0       =	$20
     59  8000 ????	       00 21	   HMP1       =	$21
     60  8000 ????	       00 22	   HMM0       =	$22
     61  8000 ????	       00 23	   HMM1       =	$23
     62  8000 ????	       00 24	   HMBL       =	$24
     63  8000 ????	       00 25	   VDELP0     =	$25
     64  8000 ????	       00 26	   VDELP1     =	$26
     65  8000 ????	       00 2a	   HMOVE      =	$2A
     66  8000 ????	       00 2b	   HMCLR      =	$2B
     67  8000 ????	       00 2c	   CXCLR      =	$2C
     68  8000 ????	       00 15	   AUDC0      =	$15
     69  8000 ????	       00 16	   AUDC1      =	$16
     70  8000 ????	       00 17	   AUDF0      =	$17
     71  8000 ????	       00 18	   AUDF1      =	$18
     72  8000 ????	       00 19	   AUDV0      =	$19
     73  8000 ????	       00 1a	   AUDV1      =	$1A
     74  8000 ????
     75  8000 ????						; TIA read registers
     76  8000 ????	       00 02	   CXP0FB     =	$02
     77  8000 ????	       00 03	   CXP1FB     =	$03
     78  8000 ????	       00 0c	   INPT4      =	$0C
     79  8000 ????
     80  8000 ????						; RIOT
     81  8000 ????	       02 82	   SWCHB      =	$0282
     82  8000 ????	       02 84	   INTIM      =	$0284
     83  8000 ????	       02 96	   TIM64T     =	$0296
     84  8000 ????
     85  8000 ????						; Display
     86  8000 ????	       00 10	   HUD_LINES  =	16
     87  8000 ????	       00 b0	   ROOM_LINES =	176
     88  8000 ????	       00 0e	   ASTRONAUT_H =	14
     89  8000 ????	       00 0d	   ASTRONAUT_LAST =	13
     90  8000 ????	       00 08	   ASTRONAUT_W =	8
     91  8000 ????	       00 04	   ASTRONAUT_HALF_W =	4
     92  8000 ????	       00 07	   ASTRONAUT_HALF_H =	7
     93  8000 ????	       00 0e	   SUIT_COLOR =	$0E
     94  8000 ????	       00 8c	   SIGNAL_COLOR =	$8C
     95  8000 ????	       00 86	   DISH_DIM_COLOR =	$86
     96  8000 ????	       00 2e	   REQUIRED_COLOR =	$2E
     97  8000 ????	       00 28	   REQUIRED_DIM_COLOR =	$28
     98  8000 ????	       00 ce	   OPTIONAL_COLOR =	$CE
     99  8000 ????	       00 c8	   OPTIONAL_DIM_COLOR =	$C8
    100  8000 ????	       00 12	   EXIT_GLOW_DIM =	$12
    101  8000 ????	       00 16	   EXIT_GLOW_LOW =	$16
    102  8000 ????	       00 1c	   EXIT_GLOW_HIGH =	$1C
    103  8000 ????	       00 0e	   EXIT_DONE_COLOR =	$0E
    104  8000 ????	       00 16	   HUD_DIM_COLOR =	$16
    105  8000 ????	       00 2e	   HUD_LIVE_COLOR =	$2E
    106  8000 ????	       00 c8	   HUD_DONE_COLOR =	$C8
    107  8000 ????	       00 0e	   HUD_TEXT_COLOR =	$0E
    108  8000 ????	       00 2c	   HUD_ICON_COLOR =	$2C
    109  8000 ????
    110  8000 ????						; Production scoring is stored in units of ten points. Three required Space
    111  8000 ????						; Junk pieces and one optional Space Relic make a perfect zone worth 220:
    112  8000 ????						; 3 * 40 + 100. Across all 42 planned zones the mathematical maximum is 9240.
    113  8000 ????						; The arithmetic nevertheless saturates at 9990 so corruption can never wrap.
    114  8000 ????	       00 04	   SCORE_JUNK_TENS =	4
    115  8000 ????	       00 0a	   SCORE_RELIC_TENS =	10
    116  8000 ????	       00 03	   SCORE_MAX_TENS_HI =	$03	; 999 decimal = $03E7 ten-point units
    117  8000 ????	       00 e7	   SCORE_MAX_TENS_LO =	$E7
    118  8000 ????
    119  8000 ????						; One-channel production sound vocabulary. Music remains deliberately absent
    120  8000 ????						; in 0.8A so each gameplay event can be judged without masking or contention.
    121  8000 ????	       00 00	   SFX_NONE   =	0
    122  8000 ????	       00 01	   SFX_CAPTURE =	1
    123  8000 ????	       00 02	   SFX_RELEASE =	2
    124  8000 ????	       00 03	   SFX_REQUIRED =	3
    125  8000 ????	       00 04	   SFX_OPTIONAL =	4
    126  8000 ????	       00 05	   SFX_EXIT_READY =	5
    127  8000 ????	       00 06	   SFX_STAGE_COMPLETE =	6
    128  8000 ????	       00 ff	   MUSIC_REST =	$FF
    129  8000 ????
    130  8000 ????						; Production stage vocabulary. The engine uses structure-of-arrays descriptors
    131  8000 ????						; because indexed byte loads are cheaper than multiplying a stage record size.
    132  8000 ????	       00 05	   STAGE_COUNT =	5
    133  8000 ????	       00 ff	   NO_NEXT_STAGE =	$FF
    134  8000 ????	       00 00	   TERRAIN_AMETHYST =	0
    135  8000 ????	       00 01	   TERRAIN_COBALT =	1
    136  8000 ????	       00 02	   TERRAIN_EMERALD =	2
    137  8000 ????	       00 03	   TERRAIN_CRIMSON =	3
    138  8000 ????	       00 04	   TERRAIN_VOID_VIOLET =	4
    139  8000 ????	       00 00	   PALETTE_AMETHYST =	0
    140  8000 ????	       00 01	   PALETTE_COBALT =	1
    141  8000 ????	       00 02	   PALETTE_EMERALD =	2
    142  8000 ????	       00 03	   PALETTE_CRIMSON =	3
    143  8000 ????	       00 04	   PALETTE_VOID_VIOLET =	4
    144  8000 ????	       00 00	   BEHAVIOR_NORMAL_ROCK =	0
    145  8000 ????	       00 00	   MUSIC_CHAPTER_ONE =	0
    146  8000 ????	       00 07	   ROOM_BANK_STAGE1 =	7
    147  8000 ????	       00 06	   ROOM_BANK_STAGE2 =	6
    148  8000 ????	       00 05	   ROOM_BANK_STAGE3 =	5
    149  8000 ????	       00 04	   ROOM_BANK_STAGE4 =	4
    150  8000 ????	       00 03	   ROOM_BANK_STAGE5 =	3
    151  8000 ????
    152  8000 ????						; Both Chapter Two proof zones share the elastic-floor physics while retaining
    153  8000 ????						; independently authored room banks, terrain and mission-object coordinates.
    154  8000 ????			  -	      IFCONST	CHAPTER2_ZONE1_LAB
    155  8000 ????			  -CHAPTER2_ELASTIC_LAB =	1
    156  8000 ????				      ENDIF
    157  8000 ????			  -	      IFCONST	CHAPTER2_ZONE2_LAB
    158  8000 ????			  -CHAPTER2_ELASTIC_LAB =	1
    159  8000 ????			  -CHAPTER2_ADVANCED_ELASTIC_LAB =	1
    160  8000 ????				      ENDIF
    161  8000 ????				      IFCONST	CHAPTER2_ZONE3_LAB
    162  8000 ????	       00 01	   CHAPTER2_ELASTIC_LAB =	1
    163  8000 ????	       00 01	   CHAPTER2_ADVANCED_ELASTIC_LAB =	1
    164  8000 ????				      ENDIF
    165  8000 ????
    166  8000 ????						; Motion: signed 8.8
    167  8000 ????	       00 04	   GRAVITY    =	4
    168  8000 ????	       00 e0	   MAX_FALL_LO =	$E0
    169  8000 ????	       ff 40	   MOON_RETURN =	$FF40
    170  8000 ????	       fe c0	   ROCK_REBOUND_UP =	$FEC0
    171  8000 ????	       00 c0	   ROCK_REBOUND_DN =	$00C0
    172  8000 ????	       00 80	   SIDE_RETURN =	$0080
    173  8000 ????	       00 10	   LEFT_LIMIT =	16	; PF0's four bits occupy sixteen color clocks
    174  8000 ????	       00 88	   RIGHT_LIMIT =	136	; eight clocks wide; right edge ends at 143
    175  8000 ????	       00 31	   POSITION_BIAS =	49	; exact RESP/HMOVE origin for this instruction path
    176  8000 ????	       00 22	   P1_POSITION_BIAS =	34	; RAM load/SEC cost five cycles = fifteen clocks
    177  8000 ????	       00 08	   TOP_LIMIT  =	8	; immediately below the eight-line ceiling
    178  8000 ????	       00 9a	   BOTTOM_LIMIT =	154	; fourteen lines tall; bottom edge ends at 167
    179  8000 ????	       00 32	   SPAWN_X    =	50	; revised launch lane clears automatic pickups
    180  8000 ????	       00 10	   SPAWN_Y    =	16
    181  8000 ????
    182  8000 ????						; Gravity installations. Their coordinates are independent stage data. The
    183  8000 ????						; renderer multiplexes one satellite sprite through three vertical zones, so
    184  8000 ????						; none of these positions is inferred or mirrored from another.
    185  8000 ????	       00 00	   STATE_FREE =	0
    186  8000 ????	       00 01	   STATE_ORBIT =	1
    187  8000 ????	       00 64	   BEACON_AX  =	100
    188  8000 ????	       00 24	   BEACON_AY  =	36
    189  8000 ????	       00 6a	   BEACON_BX  =	106
    190  8000 ????	       00 54	   BEACON_BY  =	84
    191  8000 ????	       00 64	   BEACON_CX  =	100
    192  8000 ????	       00 82	   BEACON_CY  =	130	; ordinary floor bounce intersects this field
    193  8000 ????	       00 82	   OPTIONAL_LEFT =	130	; positioned normally during VBLANK
    194  8000 ????	       00 60	   DISH_A_LEFT =	96	; visible service strobes are cycle calibrated
    195  8000 ????	       00 66	   COLLECT_0_LEFT =	102
    196  8000 ????	       00 66	   DISH_B_LEFT =	102
    197  8000 ????	       00 4b	   COLLECT_1_LEFT =	75
    198  8000 ????	       00 60	   DISH_C_LEFT =	96
    199  8000 ????	       00 54	   COLLECT_2_LEFT =	84	; assembled RESP1 service position
    200  8000 ????	       00 09	   OPTIONAL_TOP =	9
    201  8000 ????	       00 31	   COLLECT_0_TOP =	49
    202  8000 ????	       00 61	   COLLECT_1_TOP =	97
    203  8000 ????	       00 91	   COLLECT_2_TOP =	145
    204  8000 ????	       00 08	   COLLECT_W  =	8
    205  8000 ????	       00 0e	   COLLECT_H  =	14
    206  8000 ????	       00 4e	   EXIT_LEFT  =	78	; calibrated by the seventh P1 service strobe
    207  8000 ????	       00 a1	   EXIT_TOP   =	161
    208  8000 ????	       00 08	   EXIT_W     =	8
    209  8000 ????	       00 0e	   EXIT_H     =	14
    210  8000 ????
    211  8000 ????						; Stage 2 — an independently authored cobalt/teal chamber in Bank 6.
    212  8000 ????	       00 28	   STAGE2_SPAWN_X =	40
    213  8000 ????	       00 10	   STAGE2_SPAWN_Y =	16
    214  8000 ????	       00 4f	   STAGE2_BEACON_AX =	79
    215  8000 ????	       00 26	   STAGE2_BEACON_AY =	38
    216  8000 ????	       00 5e	   STAGE2_BEACON_BX =	94
    217  8000 ????	       00 52	   STAGE2_BEACON_BY =	82
    218  8000 ????	       00 64	   STAGE2_BEACON_CX =	100
    219  8000 ????	       00 7e	   STAGE2_BEACON_CY =	126
    220  8000 ????	       00 4b	   STAGE2_DISH_A_LEFT =	75
    221  8000 ????	       00 5a	   STAGE2_DISH_B_LEFT =	90
    222  8000 ????	       00 60	   STAGE2_DISH_C_LEFT =	96
    223  8000 ????	       00 1f	   STAGE2_DISH_A_TOP =	31
    224  8000 ????	       00 4b	   STAGE2_DISH_B_TOP =	75
    225  8000 ????	       00 77	   STAGE2_DISH_C_TOP =	119
    226  8000 ????	       00 64	   STAGE2_OPTIONAL_LEFT =	100
    227  8000 ????	       00 09	   STAGE2_OPTIONAL_TOP =	9
    228  8000 ????	       00 72	   STAGE2_COLLECT_0_LEFT =	114
    229  8000 ????	       00 4e	   STAGE2_COLLECT_1_LEFT =	78
    230  8000 ????	       00 66	   STAGE2_COLLECT_2_LEFT =	102
    231  8000 ????	       00 33	   STAGE2_COLLECT_0_TOP =	51
    232  8000 ????	       00 5f	   STAGE2_COLLECT_1_TOP =	95
    233  8000 ????	       00 8d	   STAGE2_COLLECT_2_TOP =	141
    234  8000 ????	       00 5a	   STAGE2_EXIT_LEFT =	90
    235  8000 ????	       00 9d	   STAGE2_EXIT_TOP =	157
    236  8000 ????
    237  8000 ????						; Stages 3 and 4 retain the proven seven-object vertical service schedule,
    238  8000 ????						; but use independently timed X strobes, terrain, launches and routes.
    239  8000 ????				      IFCONST	CHAPTER2_ZONE3_LAB
    240  8000 ????	       00 30	   STAGE3_SPAWN_X =	48
    241  8000 ????	       00 28	   STAGE3_SPAWN_Y =	40
    242  8000 ????	       00 4b	   STAGE3_DISH_A_LEFT =	75
    243  8000 ????	       00 75	   STAGE3_DISH_B_LEFT =	117
    244  8000 ????	       00 4b	   STAGE3_DISH_C_LEFT =	75
    245  8000 ????	       00 1b	   STAGE3_DISH_A_TOP =	27
    246  8000 ????	       00 51	   STAGE3_DISH_B_TOP =	81
    247  8000 ????	       00 83	   STAGE3_DISH_C_TOP =	131
    248  8000 ????	       00 4f	   STAGE3_BEACON_AX =	79
    249  8000 ????	       00 22	   STAGE3_BEACON_AY =	34
    250  8000 ????	       00 79	   STAGE3_BEACON_BX =	121
    251  8000 ????	       00 58	   STAGE3_BEACON_BY =	88
    252  8000 ????	       00 4f	   STAGE3_BEACON_CX =	79
    253  8000 ????	       00 8a	   STAGE3_BEACON_CY =	138
    254  8000 ????	       00 18	   STAGE3_OPTIONAL_LEFT =	24
    255  8000 ????	       00 0b	   STAGE3_OPTIONAL_TOP =	11
    256  8000 ????	       00 51	   STAGE3_COLLECT_0_LEFT =	81
    257  8000 ????	       00 66	   STAGE3_COLLECT_1_LEFT =	102
    258  8000 ????	       00 51	   STAGE3_COLLECT_2_LEFT =	81
    259  8000 ????	       00 31	   STAGE3_COLLECT_0_TOP =	49
    260  8000 ????	       00 63	   STAGE3_COLLECT_1_TOP =	99
    261  8000 ????	       00 93	   STAGE3_COLLECT_2_TOP =	147
    262  8000 ????	       00 63	   STAGE3_EXIT_LEFT =	99
    263  8000 ????	       00 a3	   STAGE3_EXIT_TOP =	163
    264  8000 ????			  -	      ELSE
    265  8000 ????			  -STAGE3_SPAWN_X =	114
    266  8000 ????			  -STAGE3_SPAWN_Y =	18
    267  8000 ????			  -STAGE3_DISH_A_LEFT =	102
    268  8000 ????			  -STAGE3_DISH_B_LEFT =	93
    269  8000 ????			  -STAGE3_DISH_C_LEFT =	75
    270  8000 ????			  -STAGE3_DISH_A_TOP =	33
    271  8000 ????			  -STAGE3_DISH_B_TOP =	75
    272  8000 ????			  -STAGE3_DISH_C_TOP =	117
    273  8000 ????			  -STAGE3_BEACON_AX =	106
    274  8000 ????			  -STAGE3_BEACON_AY =	40
    275  8000 ????			  -STAGE3_BEACON_BX =	97
    276  8000 ????			  -STAGE3_BEACON_BY =	82
    277  8000 ????			  -STAGE3_BEACON_CX =	79
    278  8000 ????			  -STAGE3_BEACON_CY =	124
    279  8000 ????			  -STAGE3_OPTIONAL_LEFT =	28
    280  8000 ????			  -STAGE3_OPTIONAL_TOP =	11
    281  8000 ????			  -STAGE3_COLLECT_0_LEFT =	96
    282  8000 ????			  -STAGE3_COLLECT_1_LEFT =	72
    283  8000 ????			  -STAGE3_COLLECT_2_LEFT =	102
    284  8000 ????			  -STAGE3_COLLECT_0_TOP =	53
    285  8000 ????			  -STAGE3_COLLECT_1_TOP =	95
    286  8000 ????			  -STAGE3_COLLECT_2_TOP =	139
    287  8000 ????			  -STAGE3_EXIT_LEFT =	84
    288  8000 ????			  -STAGE3_EXIT_TOP =	155
    289  8000 ????				      ENDIF
    290  8000 ????
    291  8000 ????	       00 32	   STAGE4_SPAWN_X =	50
    292  8000 ????	       00 12	   STAGE4_SPAWN_Y =	18
    293  8000 ????	       00 4b	   STAGE4_DISH_A_LEFT =	75
    294  8000 ????	       00 4e	   STAGE4_DISH_B_LEFT =	78
    295  8000 ????	       00 60	   STAGE4_DISH_C_LEFT =	96
    296  8000 ????	       00 21	   STAGE4_DISH_A_TOP =	33
    297  8000 ????	       00 4f	   STAGE4_DISH_B_TOP =	79
    298  8000 ????	       00 79	   STAGE4_DISH_C_TOP =	121
    299  8000 ????	       00 4f	   STAGE4_BEACON_AX =	79
    300  8000 ????	       00 28	   STAGE4_BEACON_AY =	40
    301  8000 ????	       00 52	   STAGE4_BEACON_BX =	82
    302  8000 ????	       00 56	   STAGE4_BEACON_BY =	86
    303  8000 ????	       00 64	   STAGE4_BEACON_CX =	100
    304  8000 ????	       00 80	   STAGE4_BEACON_CY =	128
    305  8000 ????	       00 78	   STAGE4_OPTIONAL_LEFT =	120
    306  8000 ????	       00 0d	   STAGE4_OPTIONAL_TOP =	13
    307  8000 ????	       00 66	   STAGE4_COLLECT_0_LEFT =	102
    308  8000 ????	       00 54	   STAGE4_COLLECT_1_LEFT =	84
    309  8000 ????	       00 60	   STAGE4_COLLECT_2_LEFT =	96
    310  8000 ????	       00 35	   STAGE4_COLLECT_0_TOP =	53
    311  8000 ????	       00 63	   STAGE4_COLLECT_1_TOP =	99
    312  8000 ????	       00 8f	   STAGE4_COLLECT_2_TOP =	143
    313  8000 ????	       00 63	   STAGE4_EXIT_LEFT =	99
    314  8000 ????	       00 9f	   STAGE4_EXIT_TOP =	159
    315  8000 ????
    316  8000 ????	       00 78	   STAGE5_SPAWN_X =	120
    317  8000 ????	       00 12	   STAGE5_SPAWN_Y =	18
    318  8000 ????	       00 66	   STAGE5_DISH_A_LEFT =	102
    319  8000 ????	       00 4e	   STAGE5_DISH_B_LEFT =	78
    320  8000 ????	       00 54	   STAGE5_DISH_C_LEFT =	84
    321  8000 ????	       00 1d	   STAGE5_DISH_A_TOP =	29
    322  8000 ????	       00 53	   STAGE5_DISH_B_TOP =	83
    323  8000 ????	       00 7d	   STAGE5_DISH_C_TOP =	125
    324  8000 ????	       00 6a	   STAGE5_BEACON_AX =	106
    325  8000 ????	       00 24	   STAGE5_BEACON_AY =	36
    326  8000 ????	       00 52	   STAGE5_BEACON_BX =	82
    327  8000 ????	       00 5a	   STAGE5_BEACON_BY =	90
    328  8000 ????	       00 58	   STAGE5_BEACON_CX =	88
    329  8000 ????	       00 84	   STAGE5_BEACON_CY =	132
    330  8000 ????	       00 80	   STAGE5_OPTIONAL_LEFT =	128
    331  8000 ????	       00 09	   STAGE5_OPTIONAL_TOP =	9
    332  8000 ????	       00 72	   STAGE5_COLLECT_0_LEFT =	114
    333  8000 ????	       00 63	   STAGE5_COLLECT_1_LEFT =	99
    334  8000 ????	       00 57	   STAGE5_COLLECT_2_LEFT =	87
    335  8000 ????	       00 31	   STAGE5_COLLECT_0_TOP =	49
    336  8000 ????	       00 67	   STAGE5_COLLECT_1_TOP =	103
    337  8000 ????	       00 8f	   STAGE5_COLLECT_2_TOP =	143
    338  8000 ????	       00 63	   STAGE5_EXIT_LEFT =	99
    339  8000 ????	       00 9f	   STAGE5_EXIT_TOP =	159
    340  8000 ????
    341  8000 ????	       00 14	   CAPTURE_RANGE =	20	; outer field hugs the radius-19 wide orbit
    342  8000 ????	       00 0f	   TIER_NEAR_MAX =	15
    343  8000 ????	       00 16	   TIER_MID_MAX =	22	; preserves useful medium and wide entry bands
    344  8000 ????	       00 02	   ORBIT_STEP_NEAR =	2	; 32 distinct positions per revolution
    345  8000 ????	       00 01	   ORBIT_STEP_MID =	1	; 64 positions
    346  8000 ????	       00 01	   ORBIT_STEP_FAR =	1	; 64 positions, each held for two frames
    347  8000 ????	       00 ff	   NO_BEACON  =	$FF
    348  8000 ????
    349  8000 ????						; ---------------------------------------------------------------------------
    350  8000 ????						; Shared 128-byte RAM. Both banks use these exact symbols.
    351  8000 ????						; ---------------------------------------------------------------------------
    352 U00f7 ????				      SEG.U	RAM
    353 U0080					      ORG	$80
    354 U0080		       00	   tomXHi     ds	1
    355 U0081		       00	   tomXLo     ds	1
    356 U0082		       00	   tomYHi     ds	1
    357 U0083		       00	   tomYLo     ds	1
    358 U0084		       00	   velXHi     ds	1
    359 U0085		       00	   velXLo     ds	1
    360 U0086		       00	   velYHi     ds	1
    361 U0087		       00	   velYLo     ds	1
    362 U0088		       00	   safeXHi    ds	1
    363 U0089		       00	   safeXLo    ds	1
    364 U008a		       00	   safeYHi    ds	1
    365 U008b		       00	   safeYLo    ds	1
    366 U008c		       00	   frameCounter ds	1
    367 U008d		       00	   gameState  ds	1
    368 U008e		       00	   fireWasDown ds	1
    369 U008f		       00	   readyBeacon ds	1	; $FF none; otherwise 0=A, 1=B, 2=C
    370 U0090		       00	   activeBeacon ds	1
    371 U0091		       00	   beaconX    ds	1
    372 U0092		       00	   beaconY    ds	1
    373 U0093		       00	   captureDistance ds	1
    374 U0094		       00	   orbitAngle ds	1	; 0..63
    375 U0095		       00	   orbitRadius ds	1	; 0=tight, 1=medium, 2=wide
    376 U0096		       00	   orbitStep  ds	1
    377 U0097		       00	   orbitDirection ds	1	; 0=clockwise, $FF=counterclockwise
    378 U0098		       00	   orbitHalfStep ds	1	; wide tier midpoint: 0=ring point, 1=halfway
    379 U0099		       00	   terrainHit ds	1
    380 U009a		       00	   collectMask ds	1	; bits 0..2 required, bit 3 optional
    381 U009b		       00	   requiredCount ds	1	; low 2=count 0..3; bits 7..5=music phrase 0..7
    382 U009c		       00	   collectDraw0 ds	1	; $FF visible, $00 collected
    383 U009d		       00	   collectDraw1 ds	1
    384 U009e		       00	   collectDraw2 ds	1
    385 U009f		       00	   collectDraw3 ds	1
    386 U00a0		       00	   currentP1Mask ds	1
    387 U00a1		       00	   currentP1Color ds	1
    388 U00a2		       00	   dishColorA ds	1
    389 U00a3		       00	   dishColorB ds	1
    390 U00a4		       00	   dishColorC ds	1
    391 U00a5		       00	   requiredP1Color ds	1
    392 U00a6		       00	   optionalP1Color ds	1
    393 U00a7		       00	   exitDraw   ds	1
    394 U00a8		       00	   exitP1Color ds	1
    395 U00a9		       00	   objectiveDone ds	1
    396 U00aa		       00	   stageComplete ds	1
    397 U00ab		       00 00	   suitPtr    ds	2
    398 U00ad		       00	   renderTomY ds	1	; one line early for VDEL player graphics
    399 U00ae		       00	   visorEnable ds	1	; delayed Missile-1 state for the next scanline
    400 U00af		       00	   temp       ds	1
    401 U00b0		       00	   temp2      ds	1
    402 U00b1		       00	   delta      ds	1
    403 U00b2		       00	   bestDistance ds	1
    404 U00b3		       00	   bestBeacon ds	1
    405 U00b4		       00 00 00 00*hudIcon0   ds	6	; only displayed rows 1..5 are buffered
    406 U00ba		       00 00 00 00*hudIcon1   ds	6
    407 U00c0		       00 00 00 00*hudIcon2   ds	6
    408 U00c6		       00 00 00 00*hudIcon3   ds	6
    409 U00cc		       00 00 00 00*hudIcon4   ds	6
    410 U00d2		       00 00 00 00*hudIcon5   ds	6
    411 U00d2		       00 d2	   scoreTensHi =	hudIcon5	; icon row zero is never rendered; persistent high byte
    412 U00d8		       00 00 00 00*hudStageGlyph ds	8	; VBLANK copies preserve approved visible timing
    413 U00e0		       00 00 00 00*hudHundredsGlyph ds	8	; dynamic hundreds digit; other score digits use pointers
    414 U00e8		       00	   soundState ds	1	; effect in bits 7..5, remaining frames in 4..0
    415 U00e9		       00 00	   hudScorePtr ds	2	; score tens digit
    416 U00eb		       00	   tomFineMotion ds	1	; precomputed HMP0 value for visible restoration
    417 U00ec		       00	   currentStage ds	1	; zero-based production stage index
    418 U00ed		       00	   stageOffset ds	1	; transient display color phase; never persistent
    419 U00ee		       00	   transitionTimer ds	1	; frozen extraction hold before the next stage
    420 U00ef		       00	   stageSetupPending ds	1	; bit 7 setup request; low nibble last HUD mask
    421 U00f0		       00	   scoreTens  ds	1	; low byte of persistent ten-point units
    422 U00f1		       00 00	   hudStagePtr ds	2	; stage copy scratch, then score thousands digit
    423 U00f3		       00 00	   hudHundredsPtr ds	2	; score hundreds digit copied outside the kernel
    424 U00f5		       00	   optionalXAdjusted ds	1	; stage-authored optional X plus positioning bias
    425 U00f6		       00	   optionalFineMotion ds	1	; precomputed HMP1 nibble for the upper object
    426 U00f7
    427 U00f7							; ---------------------------------------------------------------------------
    428 U00f7							; BANK 0 — gravity, collision and mission state.
    429 U00f7							; Thursday's Child 0.7B uses the commercial 32K F4 map. Every reset entry
    430 U00f7							; selects fixed engine Bank 7; Bank 7 calls this physics bank through $FFF4.
    431 U00f7							; ---------------------------------------------------------------------------
    432  1000 ????				      SEG	BANK0
    433  0000					      ORG	$0000
    434  0000					      RORG	$F000
    435  0000				   Bank0Boot
    436  0000		       ad fb ff 	      lda	$FFFB
    437  0003		       4c 06 f0 	      jmp	$F006
    438  0006
    439  0006					      ORG	$0006
    440  0006					      RORG	$F006
    441  0006				   UpdatePhysics
    442  0006							; Hardware collision latches are cleared but never used for movement.
    443  0006							; Both free flight and orbit now test the authored terrain geometry,
    444  0006							; so JavaTari, Stellerator and hardware receive identical answers.
    445  0006		       a9 00		      lda	#0
    446  0008		       85 2c		      sta	CXCLR
    447  000a
    448  000a							; The current legal position becomes the rollback point for the frame
    449  000a							; that is about to be rendered.
    450  000a		       a5 80		      lda	tomXHi
    451  000c		       85 88		      sta	safeXHi
    452  000e		       a5 81		      lda	tomXLo
    453  0010		       85 89		      sta	safeXLo
    454  0012		       a5 82		      lda	tomYHi
    455  0014		       85 8a		      sta	safeYHi
    456  0016		       a5 83		      lda	tomYLo
    457  0018		       85 8b		      sta	safeYLo
    458  001a
    459  001a		       20 65 f1 	      jsr	UpdateGame
    460  001d		       a5 8d		      lda	gameState
    461  001f		       d0 08		      bne	.collisionReady	; orbit already checked its candidate point
    462  0021		       20 f2 f4 	      jsr	CheckTerrainSoftware
    463  0024		       90 03		      bcc	.collisionReady
    464  0026		       20 45 f0 	      jsr	ResolveFreeTerrainCollision
    465  0029				   .collisionReady
    466  0029		       20 3b f7 	      jsr	CheckCollectibles
    467  002c							; The renderer consumes this scratch byte only after all physics and
    468  002c							; collision work is complete. One step lasts four NTSC frames.
    469  002c		       a5 8c		      lda	frameCounter
    470  002e		       4a		      lsr
    471  002f		       4a		      lsr
    472  0030		       29 03		      and	#3
    473  0032		       85 b3		      sta	bestBeacon
    474  0034					      IFCONST	CHAPTER2_ADVANCED_ELASTIC_LAB
    475  0034							; Physics has finished using stageOffset as candidate X. Convert it
    476  0034							; into the display-only elastic color phase before returning to the
    477  0034							; timer-controlled VBLANK caller.
    478  0034		       a5 8c		      lda	frameCounter
    479  0036		       4a		      lsr
    480  0037		       4a		      lsr
    481  0038		       4a		      lsr
    482  0039		       29 07		      and	#7
    483  003b		       85 ed		      sta	stageOffset
    484  003d					      ENDIF
    485  003d		       ea		      nop		; preserve the approved Bank 0 audio layout
    486  003e		       20 53 f8 	      jsr	CheckMissionContact
    487  0041		       20 aa f8 	      jsr	UpdateSound
    488  0044		       60		      rts
    489  0045
    490  0045				   ResolveFreeTerrainCollision
    491  0045							; Preserve the rejected candidate coordinates while testing each axis
    492  0045							; independently against the preceding legal position.
    493  0045		       a5 80		      lda	tomXHi
    494  0047		       85 ed		      sta	stageOffset	; transient candidate X; renderer overwrites it
    495  0049		       a5 82		      lda	tomYHi
    496  004b		       85 b2		      sta	bestDistance
    497  004d		       a9 00		      lda	#0
    498  004f		       85 99		      sta	terrainHit	; bit 0=X contact, bit 1=Y contact
    499  0051
    500  0051							; Candidate X with the old Y: a hit is a genuine side impact.
    501  0051		       a5 8a		      lda	safeYHi
    502  0053		       85 82		      sta	tomYHi
    503  0055		       20 f2 f4 	      jsr	CheckTerrainSoftware
    504  0058		       90 04		      bcc	.freeXClear
    505  005a		       a9 01		      lda	#1
    506  005c		       85 99		      sta	terrainHit
    507  005e				   .freeXClear
    508  005e							; Candidate Y with the old X: a hit is floor/ceiling contact.
    509  005e		       a5 88		      lda	safeXHi
    510  0060		       85 80		      sta	tomXHi
    511  0062		       a5 b2		      lda	bestDistance
    512  0064		       85 82		      sta	tomYHi
    513  0066		       20 f2 f4 	      jsr	CheckTerrainSoftware
    514  0069		       90 06		      bcc	.freeYClear
    515  006b		       a5 99		      lda	terrainHit
    516  006d		       09 02		      ora	#2
    517  006f		       85 99		      sta	terrainHit
    518  0071				   .freeYClear
    519  0071		       20 54 f1 	      jsr	RestoreSafePosition
    520  0074
    521  0074		       a5 99		      lda	terrainHit
    522  0076		       d0 04		      bne	.resolvedAxes
    523  0078							; A diagonal corner can require both components before intersecting.
    524  0078							; Reflect both axes rather than leaving Major Tom embedded or stopped.
    525  0078		       a9 03		      lda	#3
    526  007a		       85 99		      sta	terrainHit
    527  007c				   .resolvedAxes
    528  007c		       a5 99		      lda	terrainHit
    529  007e		       29 01		      and	#1
    530  0080		       f0 0b		      beq	.freeVertical
    531  0082		       20 46 f1 	      jsr	NegateHorizontalVelocity
    532  0085					      IFCONST	CHAPTER2_ADVANCED_ELASTIC_LAB
    533  0085		       20 ce f0 	      jsr	IsChapter2ElasticContact
    534  0088		       90 03		      bcc	.freeVertical
    535  008a		       20 14 f1 	      jsr	DoubleHorizontalVelocityCapped
    536  008d					      ENDIF
    537  008d
    538  008d				   .freeVertical
    539  008d		       a5 99		      lda	terrainHit
    540  008f		       29 02		      and	#2
    541  0091		       f0 37		      beq	.freeCollisionReady
    542  0093		       a5 86		      lda	velYHi
    543  0095					      IFCONST	CHAPTER2_ADVANCED_ELASTIC_LAB
    544  0095		       85 af		      sta	temp
    545  0097		       20 ce f0 	      jsr	IsChapter2ElasticContact
    546  009a		       90 18		      bcc	.ordinaryVerticalBounce
    547  009c		       a5 af		      lda	temp
    548  009e		       30 0a		      bmi	.elasticBounceDown
    549  00a0		       a9 fe		      lda	#$FE
    550  00a2		       85 86		      sta	velYHi
    551  00a4		       a9 80		      lda	#$80
    552  00a6		       85 87		      sta	velYLo
    553  00a8		       d0 20		      bne	.freeCollisionReady
    554  00aa				   .elasticBounceDown
    555  00aa		       a9 01		      lda	#$01
    556  00ac		       85 86		      sta	velYHi
    557  00ae		       a9 00		      lda	#$00
    558  00b0		       85 87		      sta	velYLo
    559  00b2		       f0 16		      beq	.freeCollisionReady
    560  00b4				   .ordinaryVerticalBounce
    561  00b4		       a5 af		      lda	temp
    562  00b6					      ENDIF
    563  00b6		       30 0a		      bmi	.bounceDownFromCeiling
    564  00b8		       a9 ff		      lda	#>MOON_RETURN
    565  00ba		       85 86		      sta	velYHi
    566  00bc		       a9 40		      lda	#<MOON_RETURN
    567  00be		       85 87		      sta	velYLo
    568  00c0		       d0 08		      bne	.freeCollisionReady
    569  00c2				   .bounceDownFromCeiling
    570  00c2		       a9 00		      lda	#0
    571  00c4		       85 86		      sta	velYHi
    572  00c6		       a9 80		      lda	#$80	; +0.50 pixel/frame
    573  00c8		       85 87		      sta	velYLo
    574  00ca				   .freeCollisionReady
    575  00ca		       20 1b f7 	      jsr	EnsureHorizontalMotion
    576  00cd		       60		      rts
    577  00ce
    578  00ce					      IFCONST	CHAPTER2_ADVANCED_ELASTIC_LAB
    579  00ce							; Zone 2-2's two rainbow side bands are elastic material. Candidate Y was
    580  00ce							; preserved in bestDistance before the independent-axis collision tests.
    581  00ce							; Zone 2-3 additionally has two centered elastic platforms; stageOffset keeps
    582  00ce							; the rejected candidate X until both independent-axis tests are complete.
    583  00ce				   IsChapter2ElasticContact
    584  00ce		       a5 ec		      lda	currentStage
    585  00d0		       c9 01		      cmp	#1
    586  00d2		       d0 0f		      bne	.checkZone3Elastic
    587  00d4		       a5 b2		      lda	bestDistance
    588  00d6		       c9 58		      cmp	#88
    589  00d8		       b0 38		      bcs	.ordinaryMaterial
    590  00da		       18		      clc
    591  00db		       69 0e		      adc	#ASTRONAUT_H
    592  00dd		       c9 49		      cmp	#73
    593  00df		       90 31		      bcc	.ordinaryMaterial
    594  00e1		       38		      sec
    595  00e2		       60		      rts
    596  00e3				   .checkZone3Elastic
    597  00e3		       c9 02		      cmp	#2
    598  00e5		       d0 2b		      bne	.ordinaryMaterial
    599  00e7		       a5 ed		      lda	stageOffset
    600  00e9		       18		      clc
    601  00ea		       69 08		      adc	#ASTRONAUT_W
    602  00ec		       c9 41		      cmp	#65	; candidate right edge must reach platform X=64
    603  00ee		       90 22		      bcc	.ordinaryMaterial
    604  00f0		       a5 ed		      lda	stageOffset
    605  00f2		       c9 60		      cmp	#96	; candidate left edge must precede platform X=96
    606  00f4		       b0 1c		      bcs	.ordinaryMaterial
    607  00f6		       a5 b2		      lda	bestDistance
    608  00f8		       c9 48		      cmp	#72
    609  00fa		       b0 09		      bcs	.checkLowerElasticPlatform
    610  00fc		       18		      clc
    611  00fd		       69 0e		      adc	#ASTRONAUT_H
    612  00ff		       c9 41		      cmp	#65	; candidate bottom edge must reach platform Y=64
    613  0101		       90 0f		      bcc	.ordinaryMaterial
    614  0103		       38		      sec
    615  0104		       60		      rts
    616  0105				   .checkLowerElasticPlatform
    617  0105		       c9 70		      cmp	#112
    618  0107		       b0 09		      bcs	.ordinaryMaterial
    619  0109		       18		      clc
    620  010a		       69 0e		      adc	#ASTRONAUT_H
    621  010c		       c9 69		      cmp	#105	; candidate bottom edge must reach platform Y=104
    622  010e		       90 02		      bcc	.ordinaryMaterial
    623  0110		       38		      sec
    624  0111		       60		      rts
    625  0112				   .ordinaryMaterial
    626  0112		       18		      clc
    627  0113		       60		      rts
    628  0114
    629  0114							; Double signed 8.8 horizontal speed, capped at +/-1.75 px/frame.
    630  0114				   DoubleHorizontalVelocityCapped
    631  0114		       06 85		      asl	velXLo
    632  0116		       26 84		      rol	velXHi
    633  0118		       a5 84		      lda	velXHi
    634  011a		       30 15		      bmi	.checkNegativeElasticSpeed
    635  011c		       c9 01		      cmp	#1
    636  011e		       90 25		      bcc	.elasticSpeedReady
    637  0120		       d0 06		      bne	.capPositiveElasticSpeed
    638  0122		       a5 85		      lda	velXLo
    639  0124		       c9 c1		      cmp	#$C1
    640  0126		       90 1d		      bcc	.elasticSpeedReady
    641  0128				   .capPositiveElasticSpeed
    642  0128		       a9 01		      lda	#$01
    643  012a		       85 84		      sta	velXHi
    644  012c		       a9 c0		      lda	#$C0
    645  012e		       85 85		      sta	velXLo
    646  0130		       60		      rts
    647  0131				   .checkNegativeElasticSpeed
    648  0131		       c9 fe		      cmp	#$FE
    649  0133		       90 08		      bcc	.capNegativeElasticSpeed
    650  0135		       d0 0e		      bne	.elasticSpeedReady
    651  0137		       a5 85		      lda	velXLo
    652  0139		       c9 40		      cmp	#$40
    653  013b		       b0 08		      bcs	.elasticSpeedReady
    654  013d				   .capNegativeElasticSpeed
    655  013d		       a9 fe		      lda	#$FE
    656  013f		       85 84		      sta	velXHi
    657  0141		       a9 40		      lda	#$40
    658  0143		       85 85		      sta	velXLo
    659  0145				   .elasticSpeedReady
    660  0145		       60		      rts
    661  0146					      ENDIF
    662  0146
    663  0146				   NegateHorizontalVelocity
    664  0146		       38		      sec
    665  0147		       a9 00		      lda	#0
    666  0149		       e5 85		      sbc	velXLo
    667  014b		       85 85		      sta	velXLo
    668  014d		       a9 00		      lda	#0
    669  014f		       e5 84		      sbc	velXHi
    670  0151		       85 84		      sta	velXHi
    671  0153		       60		      rts
    672  0154
    673  0154				   RestoreSafePosition
    674  0154		       a5 88		      lda	safeXHi
    675  0156		       85 80		      sta	tomXHi
    676  0158		       a5 89		      lda	safeXLo
    677  015a		       85 81		      sta	tomXLo
    678  015c		       a5 8a		      lda	safeYHi
    679  015e		       85 82		      sta	tomYHi
    680  0160		       a5 8b		      lda	safeYLo
    681  0162		       85 83		      sta	tomYLo
    682  0164		       60		      rts
    683  0165
    684  0165				   UpdateGame
    685  0165		       e6 8c		      inc	frameCounter
    686  0167		       a5 aa		      lda	stageComplete
    687  0169		       f0 15		      beq	.stageRunning
    688  016b
    689  016b							; Extraction is a quiet, deterministic pause. StageNextByStage owns
    690  016b							; progression; the engine no longer contains a Stage-2-specific test.
    691  016b		       a6 ec		      ldx	currentStage
    692  016d		       bd 73 fa 	      lda	StageNextByStage,x
    693  0170		       c9 ff		      cmp	#NO_NEXT_STAGE
    694  0172		       f0 0b		      beq	.completedBuild
    695  0174		       e6 ee		      inc	transitionTimer
    696  0176		       a5 ee		      lda	transitionTimer
    697  0178		       c9 30		      cmp	#48
    698  017a		       90 03		      bcc	.completedBuild
    699  017c		       20 bd f1 	      jsr	AdvanceStage
    700  017f				   .completedBuild
    701  017f		       60		      rts
    702  0180
    703  0180				   .stageRunning
    704  0180		       20 2f f2 	      jsr	CheckBeaconRange
    705  0183							; Mission contact remains visible in the proof HUD, but it never
    706  0183							; freezes motion. A production room will transition only after its
    707  0183							; extraction animation has completed.
    708  0183		       a5 0c		      lda	INPT4
    709  0185		       30 1a		      bmi	.fireReleased
    710  0187		       a9 01		      lda	#1
    711  0189		       85 8e		      sta	fireWasDown
    712  018b		       a5 8d		      lda	gameState
    713  018d		       d0 0a		      bne	.continueOrbit
    714  018f		       a5 8f		      lda	readyBeacon
    715  0191		       c9 ff		      cmp	#NO_BEACON
    716  0193		       f0 08		      beq	.freeWhileHeld
    717  0195		       20 d5 f2 	      jsr	BeginCapture
    718  0198		       60		      rts		; render the nearest entry point before moving
    719  0199				   .continueOrbit
    720  0199		       20 10 f4 	      jsr	UpdateOrbit
    721  019c		       60		      rts
    722  019d				   .freeWhileHeld
    723  019d		       20 5a f6 	      jsr	UpdateFreeFlight
    724  01a0		       60		      rts
    725  01a1
    726  01a1				   .fireReleased
    727  01a1		       a5 8e		      lda	fireWasDown
    728  01a3		       f0 0c		      beq	.freeWithFireUp
    729  01a5		       a9 00		      lda	#0
    730  01a7		       85 8e		      sta	fireWasDown
    731  01a9		       a5 8d		      lda	gameState
    732  01ab		       f0 04		      beq	.freeWithFireUp
    733  01ad		       20 dc f5 	      jsr	ReleaseOrbit
    734  01b0		       60		      rts
    735  01b1				   .freeWithFireUp
    736  01b1		       a5 8d		      lda	gameState
    737  01b3		       f0 04		      beq	.ordinaryFree
    738  01b5		       20 10 f4 	      jsr	UpdateOrbit
    739  01b8		       60		      rts
    740  01b9				   .ordinaryFree
    741  01b9		       20 5a f6 	      jsr	UpdateFreeFlight
    742  01bc		       60		      rts
    743  01bd
    744  01bd				   AdvanceStage
    745  01bd		       a6 ec		      ldx	currentStage
    746  01bf		       bd 73 fa 	      lda	StageNextByStage,x
    747  01c2		       85 ec		      sta	currentStage
    748  01c4		       4c c7 f1 	      jmp	LoadCurrentStage
    749  01c7
    750  01c7							; Load every mutable field required to begin the selected stage. Score is
    751  01c7							; deliberately absent and therefore persists. Stage 1's reset seed is checked
    752  01c7							; against descriptor row zero; all later entries use this routine directly.
    753  01c7				   LoadCurrentStage
    754  01c7		       a9 80		      lda	#$80
    755  01c9		       85 ef		      sta	stageSetupPending
    756  01cb		       a6 ec		      ldx	currentStage
    757  01cd		       a9 00		      lda	#0
    758  01cf		       85 ee		      sta	transitionTimer
    759  01d1		       85 aa		      sta	stageComplete
    760  01d3		       85 a9		      sta	objectiveDone
    761  01d5		       85 9b		      sta	requiredCount
    762  01d7		       85 8c		      sta	frameCounter
    763  01d9		       85 9a		      sta	collectMask
    764  01db		       85 8d		      sta	gameState
    765  01dd		       85 8e		      sta	fireWasDown
    766  01df		       85 81		      sta	tomXLo
    767  01e1		       85 83		      sta	tomYLo
    768  01e3		       a9 ff		      lda	#NO_BEACON
    769  01e5		       85 8f		      sta	readyBeacon
    770  01e7		       85 90		      sta	activeBeacon
    771  01e9		       a9 ff		      lda	#$FF
    772  01eb		       85 9c		      sta	collectDraw0
    773  01ed		       85 9d		      sta	collectDraw1
    774  01ef		       85 9e		      sta	collectDraw2
    775  01f1		       85 9f		      sta	collectDraw3
    776  01f3		       a6 ec		      ldx	currentStage
    777  01f5		       bd 37 fa 	      lda	StageSpawnX,x
    778  01f8		       85 80		      sta	tomXHi
    779  01fa		       85 88		      sta	safeXHi
    780  01fc		       bd 3c fa 	      lda	StageSpawnY,x
    781  01ff		       85 82		      sta	tomYHi
    782  0201		       85 8a		      sta	safeYHi
    783  0203		       bd 41 fa 	      lda	StageVelocityXHi,x
    784  0206		       85 84		      sta	velXHi
    785  0208		       bd 46 fa 	      lda	StageVelocityXLo,x
    786  020b		       85 85		      sta	velXLo
    787  020d		       bd 4b fa 	      lda	StageVelocityYHi,x
    788  0210		       85 86		      sta	velYHi
    789  0212		       bd 50 fa 	      lda	StageVelocityYLo,x
    790  0215		       85 87		      sta	velYLo
    791  0217		       bd d2 fa 	      lda	OptionalXByStage,x
    792  021a		       18		      clc
    793  021b		       69 22		      adc	#P1_POSITION_BIAS
    794  021d		       85 f5		      sta	optionalXAdjusted
    795  021f		       38		      sec
    796  0220				   .optionalFineDivide15
    797  0220		       e9 0f		      sbc	#15
    798  0222		       b0 fc		      bcs	.optionalFineDivide15
    799  0224		       49 ff		      eor	#$FF
    800  0226		       69 f9		      adc	#$F9
    801  0228		       0a		      asl
    802  0229		       0a		      asl
    803  022a		       0a		      asl
    804  022b		       0a		      asl
    805  022c		       85 f6		      sta	optionalFineMotion
    806  022e		       60		      rts
    807  022f
    808  022f							; Select the closest of three installations inside the compact Manhattan
    809  022f							; capture field. Its axis and combined-distance limits closely surround the
    810  022f							; widest visible orbit instead of activating across a large part of the room.
    811  022f				   CheckBeaconRange
    812  022f		       a5 8d		      lda	gameState
    813  0231		       f0 19		      beq	.measureInstallations
    814  0233		       a5 90		      lda	activeBeacon
    815  0235		       85 8f		      sta	readyBeacon
    816  0237		       a5 ec		      lda	currentStage
    817  0239		       0a		      asl
    818  023a		       18		      clc
    819  023b		       65 ec		      adc	currentStage
    820  023d		       18		      clc
    821  023e		       65 90		      adc	activeBeacon
    822  0240		       a8		      tay
    823  0241		       b9 96 fa 	      lda	BeaconXTable,y
    824  0244		       85 91		      sta	beaconX
    825  0246		       b9 a5 fa 	      lda	BeaconYTable,y
    826  0249		       85 92		      sta	beaconY
    827  024b		       60		      rts
    828  024c
    829  024c				   .measureInstallations
    830  024c		       a9 ff		      lda	#NO_BEACON
    831  024e		       85 b3		      sta	bestBeacon
    832  0250		       85 b2		      sta	bestDistance
    833  0252		       a2 02		      ldx	#2
    834  0254				   .measureLoop
    835  0254		       86 b0		      stx	temp2
    836  0256		       a5 ec		      lda	currentStage
    837  0258		       0a		      asl
    838  0259		       18		      clc
    839  025a		       65 ec		      adc	currentStage
    840  025c		       18		      clc
    841  025d		       65 b0		      adc	temp2
    842  025f		       a8		      tay
    843  0260		       b9 96 fa 	      lda	BeaconXTable,y
    844  0263		       85 af		      sta	temp
    845  0265		       b9 a5 fa 	      lda	BeaconYTable,y
    846  0268		       85 b1		      sta	delta
    847  026a		       20 a4 f2 	      jsr	MeasureBeaconDistance
    848  026d		       b0 0a		      bcs	.nextInstallation
    849  026f		       c5 b2		      cmp	bestDistance
    850  0271		       b0 06		      bcs	.nextInstallation
    851  0273		       85 b2		      sta	bestDistance
    852  0275		       a6 b0		      ldx	temp2
    853  0277		       86 b3		      stx	bestBeacon
    854  0279				   .nextInstallation
    855  0279		       a6 b0		      ldx	temp2
    856  027b		       ca		      dex
    857  027c		       10 d6		      bpl	.measureLoop
    858  027e
    859  027e		       a5 b3		      lda	bestBeacon
    860  0280		       85 8f		      sta	readyBeacon
    861  0282		       c9 ff		      cmp	#NO_BEACON
    862  0284		       f0 19		      beq	.noInstallation
    863  0286		       a5 ec		      lda	currentStage
    864  0288		       0a		      asl
    865  0289		       18		      clc
    866  028a		       65 ec		      adc	currentStage
    867  028c		       18		      clc
    868  028d		       65 b3		      adc	bestBeacon
    869  028f		       a8		      tay
    870  0290		       b9 96 fa 	      lda	BeaconXTable,y
    871  0293		       85 91		      sta	beaconX
    872  0295		       b9 a5 fa 	      lda	BeaconYTable,y
    873  0298		       85 92		      sta	beaconY
    874  029a		       a5 b2		      lda	bestDistance
    875  029c		       85 93		      sta	captureDistance
    876  029e		       60		      rts
    877  029f				   .noInstallation
    878  029f		       a9 fe		      lda	#$FE
    879  02a1		       85 92		      sta	beaconY
    880  02a3		       60		      rts
    881  02a4
    882  02a4							; A=Manhattan distance, carry clear when inside the capture field.
    883  02a4				   MeasureBeaconDistance
    884  02a4		       a5 80		      lda	tomXHi
    885  02a6		       18		      clc
    886  02a7		       69 04		      adc	#ASTRONAUT_HALF_W	; center of the astronaut
    887  02a9		       38		      sec
    888  02aa		       e5 af		      sbc	temp
    889  02ac		       b0 04		      bcs	.absXReady
    890  02ae		       49 ff		      eor	#$FF
    891  02b0		       69 01		      adc	#1
    892  02b2				   .absXReady
    893  02b2		       c9 14		      cmp	#CAPTURE_RANGE
    894  02b4		       b0 1d		      bcs	.outsideRange
    895  02b6		       85 93		      sta	captureDistance	; scratch until the closest installation wins
    896  02b8
    897  02b8		       a5 82		      lda	tomYHi
    898  02ba		       18		      clc
    899  02bb		       69 07		      adc	#ASTRONAUT_HALF_H
    900  02bd		       38		      sec
    901  02be		       e5 b1		      sbc	delta
    902  02c0		       b0 04		      bcs	.absYReady
    903  02c2		       49 ff		      eor	#$FF
    904  02c4		       69 01		      adc	#1
    905  02c6				   .absYReady
    906  02c6		       c9 14		      cmp	#CAPTURE_RANGE
    907  02c8		       b0 09		      bcs	.outsideRange
    908  02ca		       18		      clc
    909  02cb		       65 93		      adc	captureDistance
    910  02cd		       c9 1e		      cmp	#CAPTURE_RANGE+10
    911  02cf		       b0 02		      bcs	.outsideRange
    912  02d1		       18		      clc
    913  02d2		       60		      rts
    914  02d3				   .outsideRange
    915  02d3		       38		      sec
    916  02d4		       60		      rts
    917  02d5
    918  02d5				   BeginCapture
    919  02d5		       a9 01		      lda	#STATE_ORBIT
    920  02d7		       85 8d		      sta	gameState
    921  02d9		       a5 8f		      lda	readyBeacon
    922  02db		       85 90		      sta	activeBeacon
    923  02dd
    924  02dd		       a5 93		      lda	captureDistance
    925  02df		       c9 0f		      cmp	#TIER_NEAR_MAX
    926  02e1		       90 18		      bcc	.nearTier
    927  02e3		       c9 16		      cmp	#TIER_MID_MAX
    928  02e5		       90 0a		      bcc	.midTier
    929  02e7		       a9 02		      lda	#2
    930  02e9		       85 95		      sta	orbitRadius
    931  02eb		       a9 01		      lda	#ORBIT_STEP_FAR
    932  02ed		       85 96		      sta	orbitStep
    933  02ef		       d0 12		      bne	.chooseEntry
    934  02f1				   .midTier
    935  02f1		       a9 01		      lda	#1
    936  02f3		       85 95		      sta	orbitRadius
    937  02f5		       a9 01		      lda	#ORBIT_STEP_MID
    938  02f7		       85 96		      sta	orbitStep
    939  02f9		       d0 08		      bne	.chooseEntry
    940  02fb				   .nearTier
    941  02fb		       a9 00		      lda	#0
    942  02fd		       85 95		      sta	orbitRadius
    943  02ff		       a9 02		      lda	#ORBIT_STEP_NEAR
    944  0301		       85 96		      sta	orbitStep
    945  0303
    946  0303				   .chooseEntry
    947  0303		       a9 00		      lda	#0
    948  0305		       85 97		      sta	orbitDirection
    949  0307		       85 98		      sta	orbitHalfStep
    950  0309		       a5 80		      lda	tomXHi
    951  030b		       18		      clc
    952  030c		       69 04		      adc	#ASTRONAUT_HALF_W
    953  030e		       c5 91		      cmp	beaconX
    954  0310		       90 06		      bcc	.directionChosen
    955  0312		       f0 04		      beq	.directionChosen
    956  0314		       a9 ff		      lda	#$FF
    957  0316		       85 97		      sta	orbitDirection
    958  0318				   .directionChosen
    959  0318							; Compare sixteen points around the chosen ring. This preserves the
    960  0318							; approach angle much more closely than snapping to eight sectors.
    961  0318		       20 24 f3 	      jsr	SelectClosestOrbitAngle
    962  031b		       20 45 f4 	      jsr	PlaceOrbitAtCurrentAngle
    963  031e				   .captureReady
    964  031e		       a9 01		      lda	#SFX_CAPTURE
    965  0320		       20 99 f8 	      jsr	StartSound
    966  0323		       60		      rts
    967  0324
    968  0324				   SelectClosestOrbitAngle
    969  0324							; First select the nearest 45-degree sector using the approach vector.
    970  0324							; Only that sector and its two 22.5-degree neighbors can possibly be
    971  0324							; the closest of the sixteen entry positions.
    972  0324		       a5 80		      lda	tomXHi
    973  0326		       18		      clc
    974  0327		       69 04		      adc	#ASTRONAUT_HALF_W
    975  0329		       38		      sec
    976  032a		       e5 91		      sbc	beaconX
    977  032c		       b0 04		      bcs	.coarseAbsX
    978  032e		       49 ff		      eor	#$FF
    979  0330		       69 01		      adc	#1
    980  0332				   .coarseAbsX
    981  0332		       85 af		      sta	temp
    982  0334		       a5 82		      lda	tomYHi
    983  0336		       18		      clc
    984  0337		       69 07		      adc	#ASTRONAUT_HALF_H
    985  0339		       38		      sec
    986  033a		       e5 92		      sbc	beaconY
    987  033c		       b0 04		      bcs	.coarseAbsY
    988  033e		       49 ff		      eor	#$FF
    989  0340		       69 01		      adc	#1
    990  0342				   .coarseAbsY
    991  0342		       85 b0		      sta	temp2
    992  0344
    993  0344		       a5 af		      lda	temp
    994  0346		       4a		      lsr
    995  0347		       c5 b0		      cmp	temp2
    996  0349		       b0 32		      bcs	.coarseHorizontal
    997  034b		       a5 b0		      lda	temp2
    998  034d		       4a		      lsr
    999  034e		       c5 af		      cmp	temp
   1000  0350		       b0 3c		      bcs	.coarseVertical
   1001  0352
   1002  0352		       a5 80		      lda	tomXHi
   1003  0354		       18		      clc
   1004  0355		       69 04		      adc	#ASTRONAUT_HALF_W
   1005  0357		       c5 91		      cmp	beaconX
   1006  0359		       90 11		      bcc	.coarseLeftDiagonal
   1007  035b		       a5 82		      lda	tomYHi
   1008  035d		       18		      clc
   1009  035e		       69 07		      adc	#ASTRONAUT_HALF_H
   1010  0360		       c5 92		      cmp	beaconY
   1011  0362		       90 04		      bcc	.coarseUpperRight
   1012  0364		       a9 08		      lda	#8
   1013  0366		       d0 35		      bne	.coarseReady
   1014  0368				   .coarseUpperRight
   1015  0368		       a9 38		      lda	#56
   1016  036a		       d0 31		      bne	.coarseReady
   1017  036c				   .coarseLeftDiagonal
   1018  036c		       a5 82		      lda	tomYHi
   1019  036e		       18		      clc
   1020  036f		       69 07		      adc	#ASTRONAUT_HALF_H
   1021  0371		       c5 92		      cmp	beaconY
   1022  0373		       90 04		      bcc	.coarseUpperLeft
   1023  0375		       a9 18		      lda	#24
   1024  0377		       d0 24		      bne	.coarseReady
   1025  0379				   .coarseUpperLeft
   1026  0379		       a9 28		      lda	#40
   1027  037b		       d0 20		      bne	.coarseReady
   1028  037d				   .coarseHorizontal
   1029  037d		       a5 80		      lda	tomXHi
   1030  037f		       18		      clc
   1031  0380		       69 04		      adc	#ASTRONAUT_HALF_W
   1032  0382		       c5 91		      cmp	beaconX
   1033  0384		       90 04		      bcc	.coarseLeft
   1034  0386		       a9 00		      lda	#0
   1035  0388		       f0 13		      beq	.coarseReady
   1036  038a				   .coarseLeft
   1037  038a		       a9 20		      lda	#32
   1038  038c		       d0 0f		      bne	.coarseReady
   1039  038e				   .coarseVertical
   1040  038e		       a5 82		      lda	tomYHi
   1041  0390		       18		      clc
   1042  0391		       69 07		      adc	#ASTRONAUT_HALF_H
   1043  0393		       c5 92		      cmp	beaconY
   1044  0395		       90 04		      bcc	.coarseUp
   1045  0397		       a9 10		      lda	#16
   1046  0399		       d0 02		      bne	.coarseReady
   1047  039b				   .coarseUp
   1048  039b		       a9 30		      lda	#48
   1049  039d
   1050  039d				   .coarseReady
   1051  039d							; Search coarse-22.5, coarse, and coarse+22.5 degrees only.
   1052  039d		       38		      sec
   1053  039e		       e9 04		      sbc	#4
   1054  03a0		       29 3f		      and	#63
   1055  03a2		       85 af		      sta	temp
   1056  03a4		       a9 03		      lda	#3
   1057  03a6		       85 b1		      sta	delta
   1058  03a8		       a9 ff		      lda	#$FF
   1059  03aa		       85 b2		      sta	bestDistance
   1060  03ac				   .candidateLoop
   1061  03ac		       a6 af		      ldx	temp
   1062  03ae		       a5 95		      lda	orbitRadius
   1063  03b0		       f0 16		      beq	.candidateNear
   1064  03b2		       c9 01		      cmp	#1
   1065  03b4		       f0 09		      beq	.candidateMid
   1066  03b6		       bd 00 fd 	      lda	OrbitXFar,x
   1067  03b9		       bc 40 fd 	      ldy	OrbitYFar,x
   1068  03bc		       4c ce f3 	      jmp	.candidateReady
   1069  03bf				   .candidateMid
   1070  03bf		       bd 80 fc 	      lda	OrbitXMid,x
   1071  03c2		       bc c0 fc 	      ldy	OrbitYMid,x
   1072  03c5		       4c ce f3 	      jmp	.candidateReady
   1073  03c8				   .candidateNear
   1074  03c8		       bd 00 fc 	      lda	OrbitXNear,x
   1075  03cb		       bc 40 fc 	      ldy	OrbitYNear,x
   1076  03ce				   .candidateReady
   1077  03ce		       18		      clc
   1078  03cf		       65 91		      adc	beaconX
   1079  03d1		       38		      sec
   1080  03d2		       e9 04		      sbc	#ASTRONAUT_HALF_W
   1081  03d4		       38		      sec
   1082  03d5		       e5 80		      sbc	tomXHi
   1083  03d7		       b0 05		      bcs	.candidateXReady
   1084  03d9		       49 ff		      eor	#$FF
   1085  03db		       18		      clc
   1086  03dc		       69 01		      adc	#1
   1087  03de				   .candidateXReady
   1088  03de		       85 93		      sta	captureDistance
   1089  03e0
   1090  03e0		       98		      tya
   1091  03e1		       18		      clc
   1092  03e2		       65 92		      adc	beaconY
   1093  03e4		       38		      sec
   1094  03e5		       e9 07		      sbc	#ASTRONAUT_HALF_H
   1095  03e7		       38		      sec
   1096  03e8		       e5 82		      sbc	tomYHi
   1097  03ea		       b0 05		      bcs	.candidateYReady
   1098  03ec		       49 ff		      eor	#$FF
   1099  03ee		       18		      clc
   1100  03ef		       69 01		      adc	#1
   1101  03f1				   .candidateYReady
   1102  03f1		       18		      clc
   1103  03f2		       65 93		      adc	captureDistance
   1104  03f4		       c5 b2		      cmp	bestDistance
   1105  03f6		       b0 06		      bcs	.nextCandidate
   1106  03f8		       85 b2		      sta	bestDistance
   1107  03fa		       a5 af		      lda	temp
   1108  03fc		       85 b3		      sta	bestBeacon
   1109  03fe				   .nextCandidate
   1110  03fe		       a5 af		      lda	temp
   1111  0400		       18		      clc
   1112  0401		       69 04		      adc	#4
   1113  0403		       29 3f		      and	#63
   1114  0405		       85 af		      sta	temp
   1115  0407		       c6 b1		      dec	delta
   1116  0409		       d0 a1		      bne	.candidateLoop
   1117  040b		       a5 b3		      lda	bestBeacon
   1118  040d		       85 94		      sta	orbitAngle
   1119  040f		       60		      rts
   1120  0410
   1121  0410				   UpdateOrbit
   1122  0410							; The wide tier remains deliberately slow, but its former two-frame
   1123  0410							; holds are replaced by calculated midpoints. Major Tom now receives
   1124  0410							; a fresh rendered position on every 60 Hz frame.
   1125  0410		       a5 95		      lda	orbitRadius
   1126  0412		       c9 02		      cmp	#2
   1127  0414		       d0 19		      bne	.advanceOrbit
   1128  0416		       a5 98		      lda	orbitHalfStep
   1129  0418		       d0 11		      bne	.finishWideStep
   1130  041a		       20 86 f4 	      jsr	CalculateOrbitFarHalf
   1131  041d		       b0 10		      bcs	.advanceOrbit	; no distinct lattice point between endpoints
   1132  041f		       a9 01		      lda	#1
   1133  0421		       85 98		      sta	orbitHalfStep
   1134  0423		       a5 b0		      lda	temp2
   1135  0425		       20 6d f4 	      jsr	PlaceOrbitOffsets
   1136  0428		       4c 44 f4 	      jmp	.checkOrbitCandidate
   1137  042b				   .finishWideStep
   1138  042b		       a9 00		      lda	#0
   1139  042d		       85 98		      sta	orbitHalfStep
   1140  042f				   .advanceOrbit
   1141  042f		       a5 94		      lda	orbitAngle
   1142  0431		       a4 97		      ldy	orbitDirection
   1143  0433		       30 05		      bmi	.counterClockwise
   1144  0435		       18		      clc
   1145  0436		       65 96		      adc	orbitStep
   1146  0438		       d0 03		      bne	.angleReady
   1147  043a				   .counterClockwise
   1148  043a		       38		      sec
   1149  043b		       e5 96		      sbc	orbitStep
   1150  043d				   .angleReady
   1151  043d		       29 3f		      and	#63
   1152  043f		       85 94		      sta	orbitAngle
   1153  0441				   .placeCurrentOrbit
   1154  0441		       20 45 f4 	      jsr	PlaceOrbitAtCurrentAngle
   1155  0444				   .checkOrbitCandidate
   1156  0444				   .orbitReady
   1157  0444		       60		      rts
   1158  0445
   1159  0445				   PlaceOrbitAtCurrentAngle
   1160  0445		       a6 94		      ldx	orbitAngle
   1161  0447		       a5 95		      lda	orbitRadius
   1162  0449		       f0 1a		      beq	.placeNear
   1163  044b		       c9 01		      cmp	#1
   1164  044d		       f0 0b		      beq	.placeMid
   1165  044f		       bd 40 fd 	      lda	OrbitYFar,x
   1166  0452		       85 af		      sta	temp
   1167  0454		       bd 00 fd 	      lda	OrbitXFar,x
   1168  0457		       4c 6d f4 	      jmp	PlaceOrbitOffsets
   1169  045a				   .placeMid
   1170  045a		       bd c0 fc 	      lda	OrbitYMid,x
   1171  045d		       85 af		      sta	temp
   1172  045f		       bd 80 fc 	      lda	OrbitXMid,x
   1173  0462		       4c 6d f4 	      jmp	PlaceOrbitOffsets
   1174  0465				   .placeNear
   1175  0465		       bd 40 fc 	      lda	OrbitYNear,x
   1176  0468		       85 af		      sta	temp
   1177  046a		       bd 00 fc 	      lda	OrbitXNear,x
   1178  046d				   PlaceOrbitOffsets
   1179  046d		       18		      clc
   1180  046e		       65 91		      adc	beaconX
   1181  0470		       38		      sec
   1182  0471		       e9 04		      sbc	#ASTRONAUT_HALF_W
   1183  0473		       85 80		      sta	tomXHi
   1184  0475		       a5 af		      lda	temp
   1185  0477		       18		      clc
   1186  0478		       65 92		      adc	beaconY
   1187  047a		       38		      sec
   1188  047b		       e9 07		      sbc	#ASTRONAUT_HALF_H
   1189  047d		       85 82		      sta	tomYHi
   1190  047f		       a9 00		      lda	#0
   1191  0481		       85 81		      sta	tomXLo
   1192  0483		       85 83		      sta	tomYLo
   1193  0485		       60		      rts
   1194  0486
   1195  0486							; Render the midpoint between two neighboring wide-ring entries. Adding 32
   1196  0486							; converts every signed -19..19 offset to an unsigned value before averaging;
   1197  0486							; subtracting 32 restores the signed result. This costs only overscan time and
   1198  0486							; avoids a second 128-entry pair of ROM tables.
   1199  0486				   CalculateOrbitFarHalf
   1200  0486		       a5 94		      lda	orbitAngle
   1201  0488		       a4 97		      ldy	orbitDirection
   1202  048a		       30 05		      bmi	.halfCounterClockwise
   1203  048c		       18		      clc
   1204  048d		       69 01		      adc	#1
   1205  048f		       d0 03		      bne	.halfAngleReady
   1206  0491				   .halfCounterClockwise
   1207  0491		       38		      sec
   1208  0492		       e9 01		      sbc	#1
   1209  0494				   .halfAngleReady
   1210  0494		       29 3f		      and	#63
   1211  0496		       85 b1		      sta	delta
   1212  0498
   1213  0498		       a6 94		      ldx	orbitAngle
   1214  049a		       bd 00 fd 	      lda	OrbitXFar,x
   1215  049d		       18		      clc
   1216  049e		       69 20		      adc	#32
   1217  04a0		       85 b0		      sta	temp2
   1218  04a2		       a6 b1		      ldx	delta
   1219  04a4		       bd 00 fd 	      lda	OrbitXFar,x
   1220  04a7		       18		      clc
   1221  04a8		       69 20		      adc	#32
   1222  04aa		       18		      clc
   1223  04ab		       65 b0		      adc	temp2
   1224  04ad		       4a		      lsr
   1225  04ae		       38		      sec
   1226  04af		       e9 20		      sbc	#32
   1227  04b1		       85 b0		      sta	temp2
   1228  04b3
   1229  04b3		       a6 94		      ldx	orbitAngle
   1230  04b5		       bd 40 fd 	      lda	OrbitYFar,x
   1231  04b8		       18		      clc
   1232  04b9		       69 20		      adc	#32
   1233  04bb		       85 af		      sta	temp
   1234  04bd		       a6 b1		      ldx	delta
   1235  04bf		       bd 40 fd 	      lda	OrbitYFar,x
   1236  04c2		       18		      clc
   1237  04c3		       69 20		      adc	#32
   1238  04c5		       18		      clc
   1239  04c6		       65 af		      adc	temp
   1240  04c8		       4a		      lsr
   1241  04c9		       38		      sec
   1242  04ca		       e9 20		      sbc	#32
   1243  04cc		       85 af		      sta	temp
   1244  04ce
   1245  04ce							; A radius-19 circle has twelve one-clock segments with no distinct
   1246  04ce							; integer midpoint. Skip those substeps instead of repeating either
   1247  04ce							; endpoint; the resulting 116-frame revolution changes position on
   1248  04ce							; every frame while retaining the deliberately slow wide-tier feel.
   1249  04ce		       a6 94		      ldx	orbitAngle
   1250  04d0		       a5 b0		      lda	temp2
   1251  04d2		       dd 00 fd 	      cmp	OrbitXFar,x
   1252  04d5		       d0 07		      bne	.halfCheckNext
   1253  04d7		       a5 af		      lda	temp
   1254  04d9		       dd 40 fd 	      cmp	OrbitYFar,x
   1255  04dc		       f0 12		      beq	.halfCollapsed
   1256  04de				   .halfCheckNext
   1257  04de		       a6 b1		      ldx	delta
   1258  04e0		       a5 b0		      lda	temp2
   1259  04e2		       dd 00 fd 	      cmp	OrbitXFar,x
   1260  04e5		       d0 07		      bne	.halfDistinct
   1261  04e7		       a5 af		      lda	temp
   1262  04e9		       dd 40 fd 	      cmp	OrbitYFar,x
   1263  04ec		       f0 02		      beq	.halfCollapsed
   1264  04ee				   .halfDistinct
   1265  04ee		       18		      clc
   1266  04ef		       60		      rts
   1267  04f0				   .halfCollapsed
   1268  04f0		       38		      sec
   1269  04f1		       60		      rts
   1270  04f2
   1271  04f2							; Test the complete 8x14 astronaut rectangle against independently authored
   1272  04f2							; left and right terrain. Carry set means collision. The renderer and these
   1273  04f2							; two tables use the same eight-line bands.
   1274  04f2				   CheckTerrainSoftware
   1275  04f2		       a5 82		      lda	tomYHi
   1276  04f4		       c9 08		      cmp	#8
   1277  04f6		       b0 03		      bcs	.softwareTopClear
   1278  04f8		       4c da f5 	      jmp	.softwareHit
   1279  04fb				   .softwareTopClear
   1280  04fb		       18		      clc
   1281  04fc		       69 0d		      adc	#ASTRONAUT_LAST
   1282  04fe		       c9 a8		      cmp	#168
   1283  0500		       90 03		      bcc	.softwareBottomClear
   1284  0502		       4c da f5 	      jmp	.softwareHit
   1285  0505				   .softwareBottomClear
   1286  0505		       a5 82		      lda	tomYHi
   1287  0507		       4a		      lsr
   1288  0508		       4a		      lsr
   1289  0509		       4a		      lsr
   1290  050a		       85 af		      sta	temp
   1291  050c		       a5 82		      lda	tomYHi
   1292  050e		       18		      clc
   1293  050f		       69 0d		      adc	#ASTRONAUT_LAST
   1294  0511		       4a		      lsr
   1295  0512		       4a		      lsr
   1296  0513		       4a		      lsr
   1297  0514		       85 b0		      sta	temp2
   1298  0516		       a9 00		      lda	#0
   1299  0518		       85 b1		      sta	delta	; greatest left-side inset
   1300  051a		       85 93		      sta	captureDistance	; greatest right-side inset
   1301  051c		       a6 af		      ldx	temp
   1302  051e				   .insetLoop
   1303  051e		       a4 ec		      ldy	currentStage
   1304  0520		       b9 5a fa 	      lda	StageTerrainId,y
   1305  0523		       f0 24		      beq	.stage1LeftInset
   1306  0525		       c9 01		      cmp	#TERRAIN_COBALT
   1307  0527		       f0 1a		      beq	.stage2LeftInset
   1308  0529		       c9 02		      cmp	#TERRAIN_EMERALD
   1309  052b		       f0 10		      beq	.stage3LeftInset
   1310  052d		       c9 03		      cmp	#TERRAIN_CRIMSON
   1311  052f		       f0 06		      beq	.stage4LeftInset
   1312  0531		       bd 96 fb 	      lda	Stage5LeftInsetByBand,x
   1313  0534		       4c 4c f5 	      jmp	.leftInsetReady
   1314  0537				   .stage4LeftInset
   1315  0537		       bd 6a fb 	      lda	Stage4LeftInsetByBand,x
   1316  053a		       4c 4c f5 	      jmp	.leftInsetReady
   1317  053d				   .stage3LeftInset
   1318  053d		       bd 3e fb 	      lda	Stage3LeftInsetByBand,x
   1319  0540		       4c 4c f5 	      jmp	.leftInsetReady
   1320  0543				   .stage2LeftInset
   1321  0543		       bd 12 fb 	      lda	Stage2LeftInsetByBand,x
   1322  0546		       4c 4c f5 	      jmp	.leftInsetReady
   1323  0549				   .stage1LeftInset
   1324  0549		       bd e6 fa 	      lda	TerrainLeftInsetByBand,x
   1325  054c				   .leftInsetReady
   1326  054c		       c5 b1		      cmp	delta
   1327  054e		       90 02		      bcc	.nextLeftInset
   1328  0550		       85 b1		      sta	delta
   1329  0552				   .nextLeftInset
   1330  0552		       a4 ec		      ldy	currentStage
   1331  0554		       b9 5a fa 	      lda	StageTerrainId,y
   1332  0557		       f0 24		      beq	.stage1RightInset
   1333  0559		       c9 01		      cmp	#TERRAIN_COBALT
   1334  055b		       f0 1a		      beq	.stage2RightInset
   1335  055d		       c9 02		      cmp	#TERRAIN_EMERALD
   1336  055f		       f0 10		      beq	.stage3RightInset
   1337  0561		       c9 03		      cmp	#TERRAIN_CRIMSON
   1338  0563		       f0 06		      beq	.stage4RightInset
   1339  0565		       bd ac fb 	      lda	Stage5RightInsetByBand,x
   1340  0568		       4c 80 f5 	      jmp	.rightInsetReady
   1341  056b				   .stage4RightInset
   1342  056b		       bd 80 fb 	      lda	Stage4RightInsetByBand,x
   1343  056e		       4c 80 f5 	      jmp	.rightInsetReady
   1344  0571				   .stage3RightInset
   1345  0571		       bd 54 fb 	      lda	Stage3RightInsetByBand,x
   1346  0574		       4c 80 f5 	      jmp	.rightInsetReady
   1347  0577				   .stage2RightInset
   1348  0577		       bd 28 fb 	      lda	Stage2RightInsetByBand,x
   1349  057a		       4c 80 f5 	      jmp	.rightInsetReady
   1350  057d				   .stage1RightInset
   1351  057d		       bd fc fa 	      lda	TerrainRightInsetByBand,x
   1352  0580				   .rightInsetReady
   1353  0580		       c5 93		      cmp	captureDistance
   1354  0582		       90 02		      bcc	.nextRightInset
   1355  0584		       85 93		      sta	captureDistance
   1356  0586				   .nextRightInset
   1357  0586		       e4 b0		      cpx	temp2
   1358  0588		       f0 03		      beq	.checkSoftwareSides
   1359  058a		       e8		      inx
   1360  058b		       d0 91		      bne	.insetLoop
   1361  058d
   1362  058d				   .checkSoftwareSides
   1363  058d		       a5 80		      lda	tomXHi
   1364  058f		       c5 b1		      cmp	delta
   1365  0591		       90 47		      bcc	.softwareHit
   1366  0593		       a9 98		      lda	#152
   1367  0595		       38		      sec
   1368  0596		       e5 93		      sbc	captureDistance
   1369  0598		       c5 80		      cmp	tomXHi
   1370  059a		       90 3e		      bcc	.softwareHit
   1371  059c					      IFCONST	CHAPTER2_ZONE3_LAB
   1372  059c							; Zone 2-3 adds three centered PF2 platforms spanning X=64..95.
   1373  059c							; Test their exact rectangle after the independent side-wall test.
   1374  059c		       a4 ec		      ldy	currentStage
   1375  059e		       c0 02		      cpy	#2
   1376  05a0		       d0 36		      bne	.softwareClear
   1377  05a2		       a5 80		      lda	tomXHi
   1378  05a4		       18		      clc
   1379  05a5		       69 08		      adc	#ASTRONAUT_W
   1380  05a7		       c9 41		      cmp	#65
   1381  05a9		       90 2d		      bcc	.softwareClear
   1382  05ab		       a5 80		      lda	tomXHi
   1383  05ad		       c9 60		      cmp	#96
   1384  05af		       b0 27		      bcs	.softwareClear
   1385  05b1		       a5 82		      lda	tomYHi
   1386  05b3		       c9 48		      cmp	#72
   1387  05b5		       b0 09		      bcs	.checkMiddlePlatform
   1388  05b7		       18		      clc
   1389  05b8		       69 0e		      adc	#ASTRONAUT_H
   1390  05ba		       c9 41		      cmp	#65
   1391  05bc		       b0 1c		      bcs	.softwareHit
   1392  05be		       90 18		      bcc	.softwareClear
   1393  05c0				   .checkMiddlePlatform
   1394  05c0		       c9 58		      cmp	#88
   1395  05c2		       b0 09		      bcs	.checkBottomPlatform
   1396  05c4		       18		      clc
   1397  05c5		       69 0e		      adc	#ASTRONAUT_H
   1398  05c7		       c9 51		      cmp	#81
   1399  05c9		       b0 0f		      bcs	.softwareHit
   1400  05cb		       90 0b		      bcc	.softwareClear
   1401  05cd				   .checkBottomPlatform
   1402  05cd		       c9 70		      cmp	#112
   1403  05cf		       b0 07		      bcs	.softwareClear
   1404  05d1		       18		      clc
   1405  05d2		       69 0e		      adc	#ASTRONAUT_H
   1406  05d4		       c9 69		      cmp	#105
   1407  05d6		       b0 02		      bcs	.softwareHit
   1408  05d8				   .softwareClear
   1409  05d8					      ENDIF
   1410  05d8		       18		      clc
   1411  05d9		       60		      rts
   1412  05da				   .softwareHit
   1413  05da		       38		      sec
   1414  05db		       60		      rts
   1415  05dc
   1416  05dc				   ReleaseOrbit
   1417  05dc		       a9 00		      lda	#STATE_FREE
   1418  05de		       85 8d		      sta	gameState
   1419  05e0		       a9 ff		      lda	#NO_BEACON
   1420  05e2		       85 8f		      sta	readyBeacon
   1421  05e4		       a5 94		      lda	orbitAngle
   1422  05e6		       4a		      lsr
   1423  05e7		       4a		      lsr
   1424  05e8		       29 0f		      and	#15
   1425  05ea		       aa		      tax
   1426  05eb		       a5 97		      lda	orbitDirection
   1427  05ed		       10 07		      bpl	.releaseIndexReady
   1428  05ef		       8a		      txa
   1429  05f0		       18		      clc
   1430  05f1		       69 08		      adc	#8
   1431  05f3		       29 0f		      and	#15
   1432  05f5		       aa		      tax
   1433  05f6				   .releaseIndexReady
   1434  05f6		       a5 95		      lda	orbitRadius
   1435  05f8		       f0 32		      beq	.releaseNear
   1436  05fa		       c9 01		      cmp	#1
   1437  05fc		       f0 17		      beq	.releaseMid
   1438  05fe		       bd 80 fe 	      lda	ReleaseFarXHi,x
   1439  0601		       85 84		      sta	velXHi
   1440  0603		       bd 90 fe 	      lda	ReleaseFarXLo,x
   1441  0606		       85 85		      sta	velXLo
   1442  0608		       bd a0 fe 	      lda	ReleaseFarYHi,x
   1443  060b		       85 86		      sta	velYHi
   1444  060d		       bd b0 fe 	      lda	ReleaseFarYLo,x
   1445  0610		       85 87		      sta	velYLo
   1446  0612		       4c 40 f6 	      jmp	.releaseReady
   1447  0615				   .releaseMid
   1448  0615		       bd 40 fe 	      lda	ReleaseMidXHi,x
   1449  0618		       85 84		      sta	velXHi
   1450  061a		       bd 50 fe 	      lda	ReleaseMidXLo,x
   1451  061d		       85 85		      sta	velXLo
   1452  061f		       bd 60 fe 	      lda	ReleaseMidYHi,x
   1453  0622		       85 86		      sta	velYHi
   1454  0624		       bd 70 fe 	      lda	ReleaseMidYLo,x
   1455  0627		       85 87		      sta	velYLo
   1456  0629		       4c 40 f6 	      jmp	.releaseReady
   1457  062c				   .releaseNear
   1458  062c		       bd 00 fe 	      lda	ReleaseNearXHi,x
   1459  062f		       85 84		      sta	velXHi
   1460  0631		       bd 10 fe 	      lda	ReleaseNearXLo,x
   1461  0634		       85 85		      sta	velXLo
   1462  0636		       bd 20 fe 	      lda	ReleaseNearYHi,x
   1463  0639		       85 86		      sta	velYHi
   1464  063b		       bd 30 fe 	      lda	ReleaseNearYLo,x
   1465  063e		       85 87		      sta	velYLo
   1466  0640				   .releaseReady
   1467  0640							; Give upward releases a small 0.125-pixel/frame advantage against
   1468  0640							; ambient gravity. Horizontal and downward release components remain
   1469  0640							; exactly as authored in the tangent tables.
   1470  0640		       a5 86		      lda	velYHi
   1471  0642		       10 0d		      bpl	.releaseBoostReady
   1472  0644		       38		      sec
   1473  0645		       a5 87		      lda	velYLo
   1474  0647		       e9 20		      sbc	#$20
   1475  0649		       85 87		      sta	velYLo
   1476  064b		       a5 86		      lda	velYHi
   1477  064d		       e9 00		      sbc	#0
   1478  064f		       85 86		      sta	velYHi
   1479  0651				   .releaseBoostReady
   1480  0651		       20 1b f7 	      jsr	EnsureHorizontalMotion
   1481  0654		       a9 02		      lda	#SFX_RELEASE
   1482  0656		       20 99 f8 	      jsr	StartSound
   1483  0659		       60		      rts
   1484  065a
   1485  065a				   UpdateFreeFlight
   1486  065a		       18		      clc
   1487  065b		       a5 87		      lda	velYLo
   1488  065d		       69 04		      adc	#GRAVITY
   1489  065f		       85 87		      sta	velYLo
   1490  0661		       a5 86		      lda	velYHi
   1491  0663		       69 00		      adc	#0
   1492  0665		       85 86		      sta	velYHi
   1493  0667		       30 10		      bmi	.fallReady
   1494  0669		       d0 06		      bne	.capFall
   1495  066b		       a5 87		      lda	velYLo
   1496  066d		       c9 e0		      cmp	#MAX_FALL_LO
   1497  066f		       90 08		      bcc	.fallReady
   1498  0671				   .capFall
   1499  0671		       a9 00		      lda	#0
   1500  0673		       85 86		      sta	velYHi
   1501  0675		       a9 e0		      lda	#MAX_FALL_LO
   1502  0677		       85 87		      sta	velYLo
   1503  0679				   .fallReady
   1504  0679		       18		      clc
   1505  067a		       a5 81		      lda	tomXLo
   1506  067c		       65 85		      adc	velXLo
   1507  067e		       85 81		      sta	tomXLo
   1508  0680		       a5 80		      lda	tomXHi
   1509  0682		       65 84		      adc	velXHi
   1510  0684		       85 80		      sta	tomXHi
   1511  0686		       18		      clc
   1512  0687		       a5 83		      lda	tomYLo
   1513  0689		       65 87		      adc	velYLo
   1514  068b		       85 83		      sta	tomYLo
   1515  068d		       a5 82		      lda	tomYHi
   1516  068f		       65 86		      adc	velYHi
   1517  0691		       85 82		      sta	tomYHi
   1518  0693
   1519  0693		       a5 86		      lda	velYHi
   1520  0695		       30 2d		      bmi	.checkTop
   1521  0697		       a5 82		      lda	tomYHi
   1522  0699		       c9 9b		      cmp	#BOTTOM_LIMIT+1
   1523  069b		       90 27		      bcc	.checkTop
   1524  069d		       a9 9a		      lda	#BOTTOM_LIMIT
   1525  069f		       85 82		      sta	tomYHi
   1526  06a1		       a9 00		      lda	#0
   1527  06a3		       85 83		      sta	tomYLo
   1528  06a5					      IFCONST	CHAPTER2_ELASTIC_LAB
   1529  06a5							; Zone 2-1's complete lower boundary is elastic. Double the incoming
   1530  06a5							; downward 8.8 velocity, enforce a modest demonstration minimum, then
   1531  06a5							; negate it. MAX_FALL caps the result at -1.75 pixels per frame.
   1532  06a5		       06 87		      asl	velYLo
   1533  06a7		       26 86		      rol	velYHi
   1534  06a9		       a5 86		      lda	velYHi
   1535  06ab		       d0 0a		      bne	.elasticMagnitudeReady
   1536  06ad		       a5 87		      lda	velYLo
   1537  06af		       c9 80		      cmp	#$80
   1538  06b1		       b0 04		      bcs	.elasticMagnitudeReady
   1539  06b3		       a9 80		      lda	#$80
   1540  06b5		       85 87		      sta	velYLo
   1541  06b7				   .elasticMagnitudeReady
   1542  06b7		       38		      sec
   1543  06b8		       a9 00		      lda	#0
   1544  06ba		       e5 87		      sbc	velYLo
   1545  06bc		       85 87		      sta	velYLo
   1546  06be		       a9 00		      lda	#0
   1547  06c0		       e5 86		      sbc	velYHi
   1548  06c2		       85 86		      sta	velYHi
   1549  06c4				  -	      ELSE
   1550  06c4				  -	      lda	#>MOON_RETURN
   1551  06c4				  -	      sta	velYHi
   1552  06c4				  -	      lda	#<MOON_RETURN
   1553  06c4				  -	      sta	velYLo
   1554  06c4					      ENDIF
   1555  06c4				   .checkTop
   1556  06c4		       a5 86		      lda	velYHi
   1557  06c6		       10 18		      bpl	.checkSides
   1558  06c8		       a5 82		      lda	tomYHi
   1559  06ca		       c9 f0		      cmp	#240
   1560  06cc		       b0 04		      bcs	.hitTop
   1561  06ce		       c9 08		      cmp	#TOP_LIMIT
   1562  06d0		       b0 0e		      bcs	.checkSides
   1563  06d2				   .hitTop
   1564  06d2		       a9 08		      lda	#TOP_LIMIT
   1565  06d4		       85 82		      sta	tomYHi
   1566  06d6		       a9 00		      lda	#0
   1567  06d8		       85 83		      sta	tomYLo
   1568  06da		       85 86		      sta	velYHi
   1569  06dc		       a9 80		      lda	#$80
   1570  06de		       85 87		      sta	velYLo
   1571  06e0				   .checkSides
   1572  06e0		       a5 84		      lda	velXHi
   1573  06e2		       30 19		      bmi	.movingLeft
   1574  06e4		       a5 80		      lda	tomXHi
   1575  06e6		       c9 89		      cmp	#RIGHT_LIMIT+1
   1576  06e8		       90 2d		      bcc	.motionSafe
   1577  06ea		       a9 88		      lda	#RIGHT_LIMIT
   1578  06ec		       85 80		      sta	tomXHi
   1579  06ee		       a9 00		      lda	#0
   1580  06f0		       85 81		      sta	tomXLo
   1581  06f2		       a9 ff		      lda	#$FF
   1582  06f4		       85 84		      sta	velXHi
   1583  06f6		       a9 80		      lda	#$80
   1584  06f8		       85 85		      sta	velXLo
   1585  06fa		       4c 17 f7 	      jmp	.motionSafe
   1586  06fd				   .movingLeft
   1587  06fd		       a5 80		      lda	tomXHi
   1588  06ff		       c9 a0		      cmp	#160
   1589  0701		       b0 04		      bcs	.hitLeft
   1590  0703		       c9 11		      cmp	#LEFT_LIMIT+1
   1591  0705		       b0 10		      bcs	.motionSafe
   1592  0707				   .hitLeft
   1593  0707		       a9 10		      lda	#LEFT_LIMIT
   1594  0709		       85 80		      sta	tomXHi
   1595  070b		       a9 00		      lda	#0
   1596  070d		       85 81		      sta	tomXLo
   1597  070f		       a9 00		      lda	#>SIDE_RETURN
   1598  0711		       85 84		      sta	velXHi
   1599  0713		       a9 80		      lda	#<SIDE_RETURN
   1600  0715		       85 85		      sta	velXLo
   1601  0717				   .motionSafe
   1602  0717		       20 1b f7 	      jsr	EnsureHorizontalMotion
   1603  071a		       60		      rts
   1604  071b
   1605  071b				   EnsureHorizontalMotion
   1606  071b		       a5 84		      lda	velXHi
   1607  071d		       d0 1b		      bne	.moving
   1608  071f		       a5 85		      lda	velXLo
   1609  0721		       d0 17		      bne	.moving
   1610  0723		       a5 80		      lda	tomXHi
   1611  0725		       c9 50		      cmp	#80
   1612  0727		       90 09		      bcc	.pushRight
   1613  0729		       a9 ff		      lda	#$FF
   1614  072b		       85 84		      sta	velXHi
   1615  072d		       a9 80		      lda	#$80
   1616  072f		       85 85		      sta	velXLo
   1617  0731		       60		      rts
   1618  0732				   .pushRight
   1619  0732		       a9 00		      lda	#0
   1620  0734		       85 84		      sta	velXHi
   1621  0736		       a9 80		      lda	#$80
   1622  0738		       85 85		      sta	velXLo
   1623  073a				   .moving
   1624  073a		       60		      rts
   1625  073b
   1626  073b							; Four independent mission objects. The first three are required; the high
   1627  073b							; object is optional. Rendering masks are separate from the bitfield so the
   1628  073b							; visible kernel can erase a collected P1 object with one three-cycle AND.
   1629  073b				   CheckCollectibles
   1630  073b		       a5 9a		      lda	collectMask
   1631  073d		       29 01		      and	#1
   1632  073f		       d0 27		      bne	.checkCollect1
   1633  0741		       a6 ec		      ldx	currentStage
   1634  0743		       bd b4 fa 	      lda	Collect0XByStage,x
   1635  0746		       85 af		      sta	temp
   1636  0748		       bd b9 fa 	      lda	Collect0YByStage,x
   1637  074b		       85 b0		      sta	temp2
   1638  074d		       20 23 f8 	      jsr	CheckCollectibleOverlap
   1639  0750		       90 16		      bcc	.checkCollect1
   1640  0752		       a5 9a		      lda	collectMask
   1641  0754		       09 01		      ora	#1
   1642  0756		       85 9a		      sta	collectMask
   1643  0758		       a9 00		      lda	#0
   1644  075a		       85 9c		      sta	collectDraw0
   1645  075c		       e6 9b		      inc	requiredCount
   1646  075e		       a9 04		      lda	#SCORE_JUNK_TENS
   1647  0760		       20 03 f8 	      jsr	AddScoreTens
   1648  0763		       a9 03		      lda	#SFX_REQUIRED
   1649  0765		       20 99 f8 	      jsr	StartSound
   1650  0768
   1651  0768				   .checkCollect1
   1652  0768		       a5 9a		      lda	collectMask
   1653  076a		       29 02		      and	#2
   1654  076c		       d0 27		      bne	.checkCollect2
   1655  076e		       a6 ec		      ldx	currentStage
   1656  0770		       bd be fa 	      lda	Collect1XByStage,x
   1657  0773		       85 af		      sta	temp
   1658  0775		       bd c3 fa 	      lda	Collect1YByStage,x
   1659  0778		       85 b0		      sta	temp2
   1660  077a		       20 23 f8 	      jsr	CheckCollectibleOverlap
   1661  077d		       90 16		      bcc	.checkCollect2
   1662  077f		       a5 9a		      lda	collectMask
   1663  0781		       09 02		      ora	#2
   1664  0783		       85 9a		      sta	collectMask
   1665  0785		       a9 00		      lda	#0
   1666  0787		       85 9d		      sta	collectDraw1
   1667  0789		       e6 9b		      inc	requiredCount
   1668  078b		       a9 04		      lda	#SCORE_JUNK_TENS
   1669  078d		       20 03 f8 	      jsr	AddScoreTens
   1670  0790		       a9 03		      lda	#SFX_REQUIRED
   1671  0792		       20 99 f8 	      jsr	StartSound
   1672  0795
   1673  0795				   .checkCollect2
   1674  0795		       a5 9a		      lda	collectMask
   1675  0797		       29 04		      and	#4
   1676  0799		       d0 27		      bne	.checkOptional
   1677  079b		       a6 ec		      ldx	currentStage
   1678  079d		       bd c8 fa 	      lda	Collect2XByStage,x
   1679  07a0		       85 af		      sta	temp
   1680  07a2		       bd cd fa 	      lda	Collect2YByStage,x
   1681  07a5		       85 b0		      sta	temp2
   1682  07a7		       20 23 f8 	      jsr	CheckCollectibleOverlap
   1683  07aa		       90 16		      bcc	.checkOptional
   1684  07ac		       a5 9a		      lda	collectMask
   1685  07ae		       09 04		      ora	#4
   1686  07b0		       85 9a		      sta	collectMask
   1687  07b2		       a9 00		      lda	#0
   1688  07b4		       85 9e		      sta	collectDraw2
   1689  07b6		       e6 9b		      inc	requiredCount
   1690  07b8		       a9 04		      lda	#SCORE_JUNK_TENS
   1691  07ba		       20 03 f8 	      jsr	AddScoreTens
   1692  07bd		       a9 03		      lda	#SFX_REQUIRED
   1693  07bf		       20 99 f8 	      jsr	StartSound
   1694  07c2
   1695  07c2				   .checkOptional
   1696  07c2		       a5 9a		      lda	collectMask
   1697  07c4		       29 08		      and	#8
   1698  07c6		       d0 25		      bne	.checkRequiredTotal
   1699  07c8		       a6 ec		      ldx	currentStage
   1700  07ca		       bd d2 fa 	      lda	OptionalXByStage,x
   1701  07cd		       85 af		      sta	temp
   1702  07cf		       bd d7 fa 	      lda	OptionalYByStage,x
   1703  07d2		       85 b0		      sta	temp2
   1704  07d4		       20 23 f8 	      jsr	CheckCollectibleOverlap
   1705  07d7		       90 14		      bcc	.checkRequiredTotal
   1706  07d9		       a5 9a		      lda	collectMask
   1707  07db		       09 08		      ora	#8
   1708  07dd		       85 9a		      sta	collectMask
   1709  07df		       a9 00		      lda	#0
   1710  07e1		       85 9f		      sta	collectDraw3
   1711  07e3		       a9 0a		      lda	#SCORE_RELIC_TENS
   1712  07e5		       20 03 f8 	      jsr	AddScoreTens
   1713  07e8		       a9 04		      lda	#SFX_OPTIONAL
   1714  07ea		       20 99 f8 	      jsr	StartSound
   1715  07ed
   1716  07ed				   .checkRequiredTotal
   1717  07ed		       a5 9b		      lda	requiredCount
   1718  07ef		       29 03		      and	#3
   1719  07f1		       c9 03		      cmp	#3
   1720  07f3		       90 0d		      bcc	.collectiblesReady
   1721  07f5		       a5 a9		      lda	objectiveDone
   1722  07f7		       d0 09		      bne	.collectiblesReady
   1723  07f9		       a9 01		      lda	#1
   1724  07fb		       85 a9		      sta	objectiveDone
   1725  07fd		       a9 05		      lda	#SFX_EXIT_READY
   1726  07ff		       20 99 f8 	      jsr	StartSound
   1727  0802				   .collectiblesReady
   1728  0802		       60		      rts
   1729  0803
   1730  0803							; Add A ten-point units to the persistent 16-bit score. The natural campaign
   1731  0803							; maximum is 924 units (9240 points), but this hard ceiling prevents a corrupt
   1732  0803							; or future over-generous award from rolling the visible score through zero.
   1733  0803				   AddScoreTens
   1734  0803		       18		      clc
   1735  0804		       65 f0		      adc	scoreTens
   1736  0806		       85 f0		      sta	scoreTens
   1737  0808		       a5 d2		      lda	scoreTensHi
   1738  080a		       69 00		      adc	#0
   1739  080c		       85 d2		      sta	scoreTensHi
   1740  080e		       c9 03		      cmp	#SCORE_MAX_TENS_HI
   1741  0810		       90 10		      bcc	.scoreSafe
   1742  0812		       d0 06		      bne	.scoreClamp
   1743  0814		       a5 f0		      lda	scoreTens
   1744  0816		       c9 e8		      cmp	#SCORE_MAX_TENS_LO+1
   1745  0818		       90 08		      bcc	.scoreSafe
   1746  081a				   .scoreClamp
   1747  081a		       a9 e7		      lda	#SCORE_MAX_TENS_LO
   1748  081c		       85 f0		      sta	scoreTens
   1749  081e		       a9 03		      lda	#SCORE_MAX_TENS_HI
   1750  0820		       85 d2		      sta	scoreTensHi
   1751  0822				   .scoreSafe
   1752  0822		       60		      rts
   1753  0823
   1754  0823							; Carry set when Major Tom's complete 8x14 rectangle overlaps the selected
   1755  0823							; collectible rectangle at temp/temp2.
   1756  0823				   CheckCollectibleOverlap
   1757  0823		       a5 80		      lda	tomXHi
   1758  0825		       18		      clc
   1759  0826		       69 08		      adc	#8
   1760  0828		       c5 af		      cmp	temp
   1761  082a		       90 25		      bcc	.noCollectibleOverlap
   1762  082c		       f0 23		      beq	.noCollectibleOverlap
   1763  082e		       a5 af		      lda	temp
   1764  0830		       18		      clc
   1765  0831		       69 08		      adc	#COLLECT_W
   1766  0833		       c5 80		      cmp	tomXHi
   1767  0835		       90 1a		      bcc	.noCollectibleOverlap
   1768  0837		       f0 18		      beq	.noCollectibleOverlap
   1769  0839		       a5 82		      lda	tomYHi
   1770  083b		       18		      clc
   1771  083c		       69 0e		      adc	#ASTRONAUT_H
   1772  083e		       c5 b0		      cmp	temp2
   1773  0840		       90 0f		      bcc	.noCollectibleOverlap
   1774  0842		       f0 0d		      beq	.noCollectibleOverlap
   1775  0844		       a5 b0		      lda	temp2
   1776  0846		       18		      clc
   1777  0847		       69 0e		      adc	#COLLECT_H
   1778  0849		       c5 82		      cmp	tomYHi
   1779  084b		       90 04		      bcc	.noCollectibleOverlap
   1780  084d		       f0 02		      beq	.noCollectibleOverlap
   1781  084f		       38		      sec
   1782  0850		       60		      rts
   1783  0851				   .noCollectibleOverlap
   1784  0851		       18		      clc
   1785  0852		       60		      rts
   1786  0853
   1787  0853				   CheckMissionContact
   1788  0853		       a5 a9		      lda	objectiveDone
   1789  0855		       f0 41		      beq	.missionReady
   1790  0857
   1791  0857							; The same complete-rectangle rule used by collectibles makes contact
   1792  0857							; with the visible 8x15 gate deterministic in every emulator.
   1793  0857		       a6 ec		      ldx	currentStage
   1794  0859		       bd dc fa 	      lda	ExitXByStage,x
   1795  085c		       85 af		      sta	temp
   1796  085e		       bd e1 fa 	      lda	ExitYByStage,x
   1797  0861		       85 b0		      sta	temp2
   1798  0863		       a5 80		      lda	tomXHi
   1799  0865		       18		      clc
   1800  0866		       69 08		      adc	#8
   1801  0868		       c5 af		      cmp	temp
   1802  086a		       90 2c		      bcc	.missionReady
   1803  086c		       f0 2a		      beq	.missionReady
   1804  086e		       a5 af		      lda	temp
   1805  0870		       18		      clc
   1806  0871		       69 08		      adc	#EXIT_W
   1807  0873		       c5 80		      cmp	tomXHi
   1808  0875		       90 21		      bcc	.missionReady
   1809  0877		       f0 1f		      beq	.missionReady
   1810  0879		       a5 82		      lda	tomYHi
   1811  087b		       18		      clc
   1812  087c		       69 0e		      adc	#ASTRONAUT_H
   1813  087e		       c5 b0		      cmp	temp2
   1814  0880		       90 16		      bcc	.missionReady
   1815  0882		       f0 14		      beq	.missionReady
   1816  0884		       a5 b0		      lda	temp2
   1817  0886		       18		      clc
   1818  0887		       69 0e		      adc	#EXIT_H
   1819  0889		       c5 82		      cmp	tomYHi
   1820  088b		       90 0b		      bcc	.missionReady
   1821  088d		       f0 09		      beq	.missionReady
   1822  088f		       a9 01		      lda	#1
   1823  0891		       85 aa		      sta	stageComplete
   1824  0893		       a9 06		      lda	#SFX_STAGE_COMPLETE
   1825  0895		       20 99 f8 	      jsr	StartSound
   1826  0898				   .missionReady
   1827  0898		       60		      rts
   1828  0899
   1829  0899							; ---------------------------------------------------------------------------
   1830  0899							; Sound effects — updated once per frame after gameplay and before Bank 7's
   1831  0899							; visible kernel. No audio branch, table lookup, or register write occurs on a
   1832  0899							; displayed scanline. Starting a newer event intentionally replaces an older
   1833  0899							; one; the exit-ready cue therefore supersedes the ordinary third pickup.
   1834  0899							; ---------------------------------------------------------------------------
   1835  0899				   StartSound
   1836  0899		       aa		      tax
   1837  089a		       bd a1 f9 	      lda	SoundDuration,x
   1838  089d		       85 af		      sta	temp
   1839  089f		       8a		      txa
   1840  08a0		       0a		      asl
   1841  08a1		       0a		      asl
   1842  08a2		       0a		      asl
   1843  08a3		       0a		      asl
   1844  08a4		       0a		      asl
   1845  08a5		       05 af		      ora	temp
   1846  08a7		       85 e8		      sta	soundState
   1847  08a9		       60		      rts
   1848  08aa
   1849  08aa				   UpdateSound
   1850  08aa		       a5 e8		      lda	soundState
   1851  08ac		       29 1f		      and	#$1F
   1852  08ae		       d0 0f		      bne	.soundPlaying
   1853  08b0		       a9 00		      lda	#0
   1854  08b2		       85 1a		      sta	AUDV1
   1855  08b4		       85 e8		      sta	soundState
   1856  08b6		       a5 aa		      lda	stageComplete
   1857  08b8		       f0 7f		      beq	UpdateMusic
   1858  08ba		       a9 00		      lda	#0
   1859  08bc		       85 19		      sta	AUDV0
   1860  08be		       60		      rts
   1861  08bf
   1862  08bf				   .soundPlaying
   1863  08bf		       a9 00		      lda	#0
   1864  08c1		       85 19		      sta	AUDV0
   1865  08c3		       a5 e8		      lda	soundState
   1866  08c5		       38		      sec
   1867  08c6		       e9 01		      sbc	#1
   1868  08c8		       85 e8		      sta	soundState
   1869  08ca		       29 1f		      and	#$1F
   1870  08cc		       85 af		      sta	temp
   1871  08ce		       a5 e8		      lda	soundState
   1872  08d0		       4a		      lsr
   1873  08d1		       4a		      lsr
   1874  08d2		       4a		      lsr
   1875  08d3		       4a		      lsr
   1876  08d4		       4a		      lsr
   1877  08d5		       aa		      tax
   1878  08d6		       bd a8 f9 	      lda	SoundControl,x
   1879  08d9		       85 16		      sta	AUDC1
   1880  08db		       e0 01		      cpx	#SFX_CAPTURE
   1881  08dd		       f0 25		      beq	.captureSound
   1882  08df		       e0 02		      cpx	#SFX_RELEASE
   1883  08e1		       f0 28		      beq	.releaseSound
   1884  08e3		       e0 03		      cpx	#SFX_REQUIRED
   1885  08e5		       f0 2b		      beq	.requiredSound
   1886  08e7		       e0 04		      cpx	#SFX_OPTIONAL
   1887  08e9		       f0 31		      beq	.optionalSound
   1888  08eb		       e0 05		      cpx	#SFX_EXIT_READY
   1889  08ed		       f0 37		      beq	.exitReadySound
   1890  08ef
   1891  08ef							; A quiet low-register rise and fall replaces the former loud beep.
   1892  08ef							; Completion owns a dedicated volume-four envelope instead of the
   1893  08ef							; general effect envelope, which deliberately reaches volume nine.
   1894  08ef		       a5 af		      lda	temp
   1895  08f1		       4a		      lsr
   1896  08f2		       4a		      lsr
   1897  08f3		       aa		      tax
   1898  08f4		       bd af f9 	      lda	CompletionFrequency,x
   1899  08f7		       85 18		      sta	AUDF1
   1900  08f9		       a5 af		      lda	temp
   1901  08fb		       c9 05		      cmp	#5
   1902  08fd		       90 02		      bcc	.storeCompletionVolume
   1903  08ff		       a9 04		      lda	#4
   1904  0901				   .storeCompletionVolume
   1905  0901		       85 1a		      sta	AUDV1
   1906  0903		       60		      rts
   1907  0904
   1908  0904				   .captureSound
   1909  0904							; A short rising lock-on tone.
   1910  0904		       a5 af		      lda	temp
   1911  0906		       18		      clc
   1912  0907		       69 03		      adc	#3
   1913  0909		       d0 21		      bne	.storeFrequency
   1914  090b
   1915  090b				   .releaseSound
   1916  090b							; A restrained descending noise sweep.
   1917  090b		       a9 12		      lda	#18
   1918  090d		       38		      sec
   1919  090e		       e5 af		      sbc	temp
   1920  0910		       d0 1a		      bne	.storeFrequency
   1921  0912
   1922  0912				   .requiredSound
   1923  0912							; Quick alternating crystalline chirp.
   1924  0912		       a5 af		      lda	temp
   1925  0914		       29 03		      and	#3
   1926  0916		       0a		      asl
   1927  0917		       18		      clc
   1928  0918		       69 05		      adc	#5
   1929  091a		       d0 10		      bne	.storeFrequency
   1930  091c
   1931  091c				   .optionalSound
   1932  091c							; Warmer, higher two-note reward for securing the Space Relic.
   1933  091c		       a5 af		      lda	temp
   1934  091e		       29 04		      and	#4
   1935  0920		       4a		      lsr
   1936  0921		       18		      clc
   1937  0922		       69 03		      adc	#3
   1938  0924		       d0 06		      bne	.storeFrequency
   1939  0926
   1940  0926				   .exitReadySound
   1941  0926							; Longer rising confirmation that extraction is now available.
   1942  0926		       a5 af		      lda	temp
   1943  0928		       4a		      lsr
   1944  0929		       18		      clc
   1945  092a		       69 03		      adc	#3
   1946  092c
   1947  092c				   .storeFrequency
   1948  092c		       85 18		      sta	AUDF1
   1949  092e		       a5 af		      lda	temp
   1950  0930		       c9 09		      cmp	#9
   1951  0932		       90 02		      bcc	.storeVolume
   1952  0934		       a9 09		      lda	#9
   1953  0936				   .storeVolume
   1954  0936		       85 1a		      sta	AUDV1
   1955  0938		       60		      rts
   1956  0939
   1957  0939							; The Chapter One score is an eight-phrase A-minor/F/C/G composition lasting
   1958  0939							; about thirty-four seconds. Channel 0 alone performs each main note, its
   1959  0939							; silence, the lower-octave ghost, and a longer rest in sequence. Channel 1 is
   1960  0939							; silent during music and reserved exclusively for gameplay sound effects.
   1961  0939				   UpdateMusic
   1962  0939		       a5 8c		      lda	frameCounter
   1963  093b		       d0 1b		      bne	.musicPhraseReady
   1964  093d		       a5 ef		      lda	stageSetupPending
   1965  093f		       30 17		      bmi	.musicPhraseReady	; first Stage 2 frame starts at phrase 0
   1966  0941		       a5 9b		      lda	requiredCount
   1967  0943		       29 e0		      and	#$E0
   1968  0945		       c9 e0		      cmp	#$E0
   1969  0947		       f0 09		      beq	.wrapMusicPhrase
   1970  0949		       a5 9b		      lda	requiredCount
   1971  094b		       18		      clc
   1972  094c		       69 20		      adc	#$20
   1973  094e		       85 9b		      sta	requiredCount
   1974  0950		       d0 06		      bne	.musicPhraseReady
   1975  0952				   .wrapMusicPhrase
   1976  0952		       a5 9b		      lda	requiredCount
   1977  0954		       29 03		      and	#3
   1978  0956		       85 9b		      sta	requiredCount
   1979  0958
   1980  0958				   .musicPhraseReady
   1981  0958		       a5 9b		      lda	requiredCount
   1982  095a		       29 e0		      and	#$E0
   1983  095c		       4a		      lsr
   1984  095d		       4a		      lsr
   1985  095e		       85 af		      sta	temp	; phrase * 8
   1986  0960		       a5 8c		      lda	frameCounter
   1987  0962		       4a		      lsr
   1988  0963		       4a		      lsr
   1989  0964		       4a		      lsr
   1990  0965		       4a		      lsr
   1991  0966		       4a		      lsr
   1992  0967		       05 af		      ora	temp
   1993  0969		       a8		      tay		; 0..63 score position
   1994  096a
   1995  096a		       b9 f7 f9 	      lda	MusicMonoNotes,y
   1996  096d		       c9 ff		      cmp	#MUSIC_REST
   1997  096f		       f0 2b		      beq	.muteMusic
   1998  0971		       85 17		      sta	AUDF0
   1999  0973		       a9 0c		      lda	#12
   2000  0975		       85 15		      sta	AUDC0
   2001  0977		       98		      tya
   2002  0978		       29 07		      and	#7
   2003  097a		       c9 01		      cmp	#1
   2004  097c		       f0 13		      beq	.playGhost
   2005  097e		       c9 04		      cmp	#4
   2006  0980		       f0 0f		      beq	.playGhost
   2007  0982		       c9 07		      cmp	#7
   2008  0984		       f0 0b		      beq	.playGhost
   2009  0986
   2010  0986							; Principal notes use the soft volume-two swell.
   2011  0986		       a5 8c		      lda	frameCounter
   2012  0988		       29 1f		      and	#$1F
   2013  098a		       aa		      tax
   2014  098b		       bd b7 f9 	      lda	MusicLeadEnvelope,x
   2015  098e		       85 19		      sta	AUDV0
   2016  0990		       60		      rts
   2017  0991				   .playGhost
   2018  0991							; The following position answers at the lower octave and volume one.
   2019  0991		       a5 8c		      lda	frameCounter
   2020  0993		       29 1f		      and	#$1F
   2021  0995		       aa		      tax
   2022  0996		       bd d7 f9 	      lda	MusicEchoEnvelope,x
   2023  0999		       85 19		      sta	AUDV0
   2024  099b		       60		      rts
   2025  099c				   .muteMusic
   2026  099c		       a9 00		      lda	#0
   2027  099e		       85 19		      sta	AUDV0
   2028  09a0		       60		      rts
   2029  09a1
   2030  09a1				   SoundDuration
   2031  09a1		       00 0a 0a 0e*	      byte.b	0,10,10,14,18,20,31
   2032  09a8				   SoundControl
   2033  09a8		       00 04 08 06*	      byte.b	0,4,8,6,4,4,12
   2034  09af							; Read from index 7 down to 0: low A-minor rise, then a soft return.
   2035  09af				   CompletionFrequency
   2036  09af		       17 17 13 0f*	      byte.b	23,23,19,15,11,15,19,23
   2037  09b7
   2038  09b7							; Rounded two-step lead envelope with a long breath before the next position.
   2039  09b7				   MusicLeadEnvelope
   2040  09b7		       00 01 01 01*	      byte.b	0,1,1,1,2,2,2,2
   2041  09bf		       02 02 02 02*	      byte.b	2,2,2,2,1,1,1,1
   2042  09c7		       01 01 01 01*	      byte.b	1,1,1,1,0,0,0,0
   2043  09cf		       00 00 00 00*	      byte.b	0,0,0,0,0,0,0,0
   2044  09d7
   2045  09d7							; The echo is quieter and shorter, producing distance rather than a duet.
   2046  09d7				   MusicEchoEnvelope
   2047  09d7		       00 00 00 01*	      byte.b	0,0,0,1,1,1,1,1
   2048  09df		       01 00 00 00*	      byte.b	1,0,0,0,0,0,0,0
   2049  09e7		       00 00 00 00*	      byte.b	0,0,0,0,0,0,0,0
   2050  09ef		       00 00 00 00*	      byte.b	0,0,0,0,0,0,0,0
   2051  09f7
   2052  09f7							; A minor, F major, C major, G major. Every pair is main then lower-octave
   2053  09f7							; ghost, followed by a completely silent position before the next statement.
   2054  09f7							; The second phrase of each chord changes note order without adding chromatic
   2055  09f7							; pitches. No two music tones can ever overlap because this is one TIA voice.
   2056  09f7				   MusicMonoNotes
   2057  09f7		       0b 17 ff 09*	      byte.b	11,23,MUSIC_REST,9,19,MUSIC_REST,7,15
   2058  09ff		       0b 17 ff 07*	      byte.b	11,23,MUSIC_REST,7,15,MUSIC_REST,9,19
   2059  0a07		       0e 1d ff 0b*	      byte.b	14,29,MUSIC_REST,11,23,MUSIC_REST,9,19
   2060  0a0f		       0e 1d ff 09*	      byte.b	14,29,MUSIC_REST,9,19,MUSIC_REST,11,23
   2061  0a17		       09 13 ff 07*	      byte.b	9,19,MUSIC_REST,7,15,MUSIC_REST,6,13
   2062  0a1f		       09 13 ff 06*	      byte.b	9,19,MUSIC_REST,6,13,MUSIC_REST,7,15
   2063  0a27		       0c 19 ff 0a*	      byte.b	12,25,MUSIC_REST,10,21,MUSIC_REST,8,17
   2064  0a2f		       0c 19 ff 08*	      byte.b	12,25,MUSIC_REST,8,17,MUSIC_REST,10,21
   2065  0a37
   2066  0a37							; ---------------------------------------------------------------------------
   2067  0a37							; Production stage descriptors. Parallel arrays are intentional: the 6502 can
   2068  0a37							; select any field with one LDX/LDA abs,X pair, and later stages can reuse a
   2069  0a37							; terrain, palette, behavior, or chapter theme without duplicating that asset.
   2070  0a37							; ---------------------------------------------------------------------------
   2071  0a37				   StageSpawnX
   2072  0a37				  -	      IFCONST	CHAPTER2_ZONE2_LAB
   2073  0a37				  -	      byte	SPAWN_X,68,STAGE3_SPAWN_X,STAGE4_SPAWN_X,STAGE5_SPAWN_X
   2074  0a37					      ELSE
   2075  0a37				  -	      IFCONST	CHAPTER2_ZONE1_LAB
   2076  0a37				  -	      byte	40,STAGE2_SPAWN_X,STAGE3_SPAWN_X,STAGE4_SPAWN_X,STAGE5_SPAWN_X
   2077  0a37					      ELSE
   2078  0a37		       32 28 30 32*	      byte.b	SPAWN_X,STAGE2_SPAWN_X,STAGE3_SPAWN_X,STAGE4_SPAWN_X,STAGE5_SPAWN_X
   2079  0a3c					      ENDIF
   2080  0a3c					      ENDIF
   2081  0a3c				   StageSpawnY
   2082  0a3c				  -	      IFCONST	CHAPTER2_ZONE2_LAB
   2083  0a3c				  -	      byte	SPAWN_Y,146,STAGE3_SPAWN_Y,STAGE4_SPAWN_Y,STAGE5_SPAWN_Y
   2084  0a3c					      ELSE
   2085  0a3c				  -	      IFCONST	CHAPTER2_ZONE1_LAB
   2086  0a3c				  -	      byte	136,STAGE2_SPAWN_Y,STAGE3_SPAWN_Y,STAGE4_SPAWN_Y,STAGE5_SPAWN_Y
   2087  0a3c					      ELSE
   2088  0a3c		       10 10 28 12*	      byte.b	SPAWN_Y,STAGE2_SPAWN_Y,STAGE3_SPAWN_Y,STAGE4_SPAWN_Y,STAGE5_SPAWN_Y
   2089  0a41					      ENDIF
   2090  0a41					      ENDIF
   2091  0a41				   StageVelocityXHi
   2092  0a41					      IFCONST	CHAPTER2_ZONE3_LAB
   2093  0a41		       00 00 ff 00*	      byte.b	$00,$00,$FF,$00,$FF
   2094  0a46				  -	      ELSE
   2095  0a46				  -	      IFCONST	CHAPTER2_ZONE2_LAB
   2096  0a46				  -	      byte	$00,$FF,$FF,$00,$FF
   2097  0a46				  -	      ELSE
   2098  0a46				  -	      IFCONST	CHAPTER2_ZONE1_LAB
   2099  0a46				  -	      byte	$FF,$00,$FF,$00,$FF
   2100  0a46				  -	      ELSE
   2101  0a46				  -	      byte	$00,$00,$FF,$00,$FF
   2102  0a46				  -	      ENDIF
   2103  0a46				  -	      ENDIF
   2104  0a46					      ENDIF
   2105  0a46				   StageVelocityXLo
   2106  0a46					      IFCONST	CHAPTER2_ZONE3_LAB
   2107  0a46		       60 60 70 70*	      byte.b	$60,$60,$70,$70,$90
   2108  0a4b				  -	      ELSE
   2109  0a4b				  -	      IFCONST	CHAPTER2_ZONE2_LAB
   2110  0a4b				  -	      byte	$60,$A0,$A0,$70,$90
   2111  0a4b				  -	      ELSE
   2112  0a4b				  -	      IFCONST	CHAPTER2_ZONE1_LAB
   2113  0a4b				  -	      byte	$C0,$60,$A0,$70,$90
   2114  0a4b				  -	      ELSE
   2115  0a4b				  -	      byte	$60,$60,$A0,$70,$90
   2116  0a4b				  -	      ENDIF
   2117  0a4b				  -	      ENDIF
   2118  0a4b					      ENDIF
   2119  0a4b				   StageVelocityYHi
   2120  0a4b					      IFCONST	CHAPTER2_ZONE3_LAB
   2121  0a4b		       ff ff ff ff*	      byte.b	$FF,$FF,$FF,$FF,$FF
   2122  0a50				  -	      ELSE
   2123  0a50				  -	      IFCONST	CHAPTER2_ZONE2_LAB
   2124  0a50				  -	      byte	$FF,$00,$FF,$FF,$FF
   2125  0a50				  -	      ELSE
   2126  0a50				  -	      byte	$FF,$FF,$FF,$FF,$FF
   2127  0a50				  -	      ENDIF
   2128  0a50					      ENDIF
   2129  0a50				   StageVelocityYLo
   2130  0a50					      IFCONST	CHAPTER2_ZONE3_LAB
   2131  0a50		       a0 a0 a0 90*	      byte.b	$A0,$A0,$A0,$90,$A0
   2132  0a55				  -	      ELSE
   2133  0a55				  -	      IFCONST	CHAPTER2_ZONE2_LAB
   2134  0a55				  -	      byte	$A0,$60,$B0,$90,$A0
   2135  0a55				  -	      ELSE
   2136  0a55				  -	      IFCONST	CHAPTER2_ZONE1_LAB
   2137  0a55				  -	      byte	$80,$A0,$B0,$90,$A0
   2138  0a55				  -	      ELSE
   2139  0a55				  -	      byte	$A0,$A0,$B0,$90,$A0
   2140  0a55				  -	      ENDIF
   2141  0a55				  -	      ENDIF
   2142  0a55					      ENDIF
   2143  0a55				   StageBeaconOffset
   2144  0a55		       00 03 06 09*	      byte.b	0,3,6,9,12
   2145  0a5a				   StageTerrainId
   2146  0a5a		       00 01 02 03	      byte.b	TERRAIN_AMETHYST,TERRAIN_COBALT,TERRAIN_EMERALD,TERRAIN_CRIMSON
   2147  0a5e		       04		      byte.b	TERRAIN_VOID_VIOLET
   2148  0a5f				   StagePaletteId
   2149  0a5f		       00 01 02 03	      byte.b	PALETTE_AMETHYST,PALETTE_COBALT,PALETTE_EMERALD,PALETTE_CRIMSON
   2150  0a63		       04		      byte.b	PALETTE_VOID_VIOLET
   2151  0a64				   StageBehaviorId
   2152  0a64		       00 00		      byte.b	BEHAVIOR_NORMAL_ROCK,BEHAVIOR_NORMAL_ROCK
   2153  0a66		       00 00		      byte.b	BEHAVIOR_NORMAL_ROCK,BEHAVIOR_NORMAL_ROCK
   2154  0a68		       00		      byte.b	BEHAVIOR_NORMAL_ROCK
   2155  0a69				   StageMusicId
   2156  0a69		       00 00		      byte.b	MUSIC_CHAPTER_ONE,MUSIC_CHAPTER_ONE
   2157  0a6b		       00 00		      byte.b	MUSIC_CHAPTER_ONE,MUSIC_CHAPTER_ONE
   2158  0a6d		       00		      byte.b	MUSIC_CHAPTER_ONE
   2159  0a6e				   StageRoomBank
   2160  0a6e		       07 06 05 04	      byte.b	ROOM_BANK_STAGE1,ROOM_BANK_STAGE2,ROOM_BANK_STAGE3,ROOM_BANK_STAGE4
   2161  0a72		       03		      byte.b	ROOM_BANK_STAGE5
   2162  0a73				   StageNextByStage
   2163  0a73					      IFCONST	CHAPTER2_ZONE3_LAB
   2164  0a73		       01 02 ff 04*	      byte.b	1,2,NO_NEXT_STAGE,4,NO_NEXT_STAGE
   2165  0a78				  -	      ELSE
   2166  0a78				  -	      IFCONST	CHAPTER2_ZONE2_LAB
   2167  0a78				  -	      byte	1,NO_NEXT_STAGE,3,4,NO_NEXT_STAGE
   2168  0a78				  -	      ELSE
   2169  0a78				  -	      IFCONST	CHAPTER2_ZONE1_LAB
   2170  0a78				  -	      byte	NO_NEXT_STAGE,2,3,4,NO_NEXT_STAGE
   2171  0a78				  -	      ELSE
   2172  0a78				  -	      byte	1,2,3,4,NO_NEXT_STAGE
   2173  0a78				  -	      ENDIF
   2174  0a78				  -	      ENDIF
   2175  0a78					      ENDIF
   2176  0a78
   2177  0a78							; Three satellite installations per stage. Dish coordinates describe visible
   2178  0a78							; art; the corresponding Beacon tables below describe their exact centers.
   2179  0a78				   Dish0XByStage
   2180  0a78				  -	      IFCONST	CHAPTER2_ZONE2_LAB
   2181  0a78				  -	      byte	DISH_A_LEFT,75,STAGE3_DISH_A_LEFT,STAGE4_DISH_A_LEFT
   2182  0a78					      ELSE
   2183  0a78				  -	      IFCONST	CHAPTER2_ZONE1_LAB
   2184  0a78				  -	      byte	108,STAGE2_DISH_A_LEFT,STAGE3_DISH_A_LEFT,STAGE4_DISH_A_LEFT
   2185  0a78					      ELSE
   2186  0a78		       60 4b 4b 4b	      byte.b	DISH_A_LEFT,STAGE2_DISH_A_LEFT,STAGE3_DISH_A_LEFT,STAGE4_DISH_A_LEFT
   2187  0a7c					      ENDIF
   2188  0a7c					      ENDIF
   2189  0a7c		       66		      byte.b	STAGE5_DISH_A_LEFT
   2190  0a7d				   Dish0YByStage
   2191  0a7d		       1d 1f 1b 21	      byte.b	29,STAGE2_DISH_A_TOP,STAGE3_DISH_A_TOP,STAGE4_DISH_A_TOP
   2192  0a81		       1d		      byte.b	STAGE5_DISH_A_TOP
   2193  0a82				   Dish1XByStage
   2194  0a82				  -	      IFCONST	CHAPTER2_ZONE2_LAB
   2195  0a82				  -	      byte	DISH_B_LEFT,90,STAGE3_DISH_B_LEFT,STAGE4_DISH_B_LEFT
   2196  0a82					      ELSE
   2197  0a82				  -	      IFCONST	CHAPTER2_ZONE1_LAB
   2198  0a82				  -	      byte	66,STAGE2_DISH_B_LEFT,STAGE3_DISH_B_LEFT,STAGE4_DISH_B_LEFT
   2199  0a82					      ELSE
   2200  0a82		       66 5a 75 4e	      byte.b	DISH_B_LEFT,STAGE2_DISH_B_LEFT,STAGE3_DISH_B_LEFT,STAGE4_DISH_B_LEFT
   2201  0a86					      ENDIF
   2202  0a86					      ENDIF
   2203  0a86		       4e		      byte.b	STAGE5_DISH_B_LEFT
   2204  0a87				   Dish1YByStage
   2205  0a87		       4d 4b 51 4f	      byte.b	77,STAGE2_DISH_B_TOP,STAGE3_DISH_B_TOP,STAGE4_DISH_B_TOP
   2206  0a8b		       53		      byte.b	STAGE5_DISH_B_TOP
   2207  0a8c				   Dish2XByStage
   2208  0a8c				  -	      IFCONST	CHAPTER2_ZONE2_LAB
   2209  0a8c				  -	      byte	DISH_C_LEFT,75,STAGE3_DISH_C_LEFT,STAGE4_DISH_C_LEFT
   2210  0a8c					      ELSE
   2211  0a8c				  -	      IFCONST	CHAPTER2_ZONE1_LAB
   2212  0a8c				  -	      byte	75,STAGE2_DISH_C_LEFT,STAGE3_DISH_C_LEFT,STAGE4_DISH_C_LEFT
   2213  0a8c					      ELSE
   2214  0a8c		       60 60 4b 60	      byte.b	DISH_C_LEFT,STAGE2_DISH_C_LEFT,STAGE3_DISH_C_LEFT,STAGE4_DISH_C_LEFT
   2215  0a90					      ENDIF
   2216  0a90					      ENDIF
   2217  0a90		       54		      byte.b	STAGE5_DISH_C_LEFT
   2218  0a91				   Dish2YByStage
   2219  0a91		       7b 77 83 79	      byte.b	123,STAGE2_DISH_C_TOP,STAGE3_DISH_C_TOP,STAGE4_DISH_C_TOP
   2220  0a95		       7d		      byte.b	STAGE5_DISH_C_TOP
   2221  0a96
   2222  0a96				   BeaconXTable
   2223  0a96				  -	      IFCONST	CHAPTER2_ZONE1_LAB
   2224  0a96				  -	      byte	112,70,79
   2225  0a96					      ELSE
   2226  0a96		       64 6a 64 	      byte.b	BEACON_AX,BEACON_BX,BEACON_CX
   2227  0a99					      ENDIF
   2228  0a99				  -	      IFCONST	CHAPTER2_ZONE2_LAB
   2229  0a99				  -	      byte	79,94,79
   2230  0a99					      ELSE
   2231  0a99		       4f 5e 64 	      byte.b	STAGE2_BEACON_AX,STAGE2_BEACON_BX,STAGE2_BEACON_CX
   2232  0a9c					      ENDIF
   2233  0a9c		       4f 79 4f 	      byte.b	STAGE3_BEACON_AX,STAGE3_BEACON_BX,STAGE3_BEACON_CX
   2234  0a9f		       4f 52 64 	      byte.b	STAGE4_BEACON_AX,STAGE4_BEACON_BX,STAGE4_BEACON_CX
   2235  0aa2		       6a 52 58 	      byte.b	STAGE5_BEACON_AX,STAGE5_BEACON_BX,STAGE5_BEACON_CX
   2236  0aa5				   BeaconYTable
   2237  0aa5		       24 54 82 	      byte.b	BEACON_AY,BEACON_BY,BEACON_CY
   2238  0aa8		       26 52 7e 	      byte.b	STAGE2_BEACON_AY,STAGE2_BEACON_BY,STAGE2_BEACON_CY
   2239  0aab		       22 58 8a 	      byte.b	STAGE3_BEACON_AY,STAGE3_BEACON_BY,STAGE3_BEACON_CY
   2240  0aae		       28 56 80 	      byte.b	STAGE4_BEACON_AY,STAGE4_BEACON_BY,STAGE4_BEACON_CY
   2241  0ab1		       24 5a 84 	      byte.b	STAGE5_BEACON_AY,STAGE5_BEACON_BY,STAGE5_BEACON_CY
   2242  0ab4
   2243  0ab4				   Collect0XByStage
   2244  0ab4				  -	      IFCONST	CHAPTER2_ZONE2_LAB
   2245  0ab4				  -	      byte	COLLECT_0_LEFT,84,STAGE3_COLLECT_0_LEFT,STAGE4_COLLECT_0_LEFT
   2246  0ab4					      ELSE
   2247  0ab4				  -	      IFCONST	CHAPTER2_ZONE1_LAB
   2248  0ab4				  -	      byte	108,STAGE2_COLLECT_0_LEFT,STAGE3_COLLECT_0_LEFT,STAGE4_COLLECT_0_LEFT
   2249  0ab4					      ELSE
   2250  0ab4		       66 72 51 66	      byte.b	COLLECT_0_LEFT,STAGE2_COLLECT_0_LEFT,STAGE3_COLLECT_0_LEFT,STAGE4_COLLECT_0_LEFT
   2251  0ab8					      ENDIF
   2252  0ab8					      ENDIF
   2253  0ab8		       72		      byte.b	STAGE5_COLLECT_0_LEFT
   2254  0ab9				   Collect0YByStage
   2255  0ab9		       31 33 31 	      byte.b	COLLECT_0_TOP,STAGE2_COLLECT_0_TOP,STAGE3_COLLECT_0_TOP
   2256  0abc		       35 31		      byte.b	STAGE4_COLLECT_0_TOP,STAGE5_COLLECT_0_TOP
   2257  0abe				   Collect1XByStage
   2258  0abe				  -	      IFCONST	CHAPTER2_ZONE2_LAB
   2259  0abe				  -	      byte	COLLECT_1_LEFT,63,STAGE3_COLLECT_1_LEFT,STAGE4_COLLECT_1_LEFT
   2260  0abe					      ELSE
   2261  0abe				  -	      IFCONST	CHAPTER2_ZONE1_LAB
   2262  0abe				  -	      byte	75,STAGE2_COLLECT_1_LEFT,STAGE3_COLLECT_1_LEFT,STAGE4_COLLECT_1_LEFT
   2263  0abe					      ELSE
   2264  0abe		       4b 4e 66 54	      byte.b	COLLECT_1_LEFT,STAGE2_COLLECT_1_LEFT,STAGE3_COLLECT_1_LEFT,STAGE4_COLLECT_1_LEFT
   2265  0ac2					      ENDIF
   2266  0ac2					      ENDIF
   2267  0ac2		       63		      byte.b	STAGE5_COLLECT_1_LEFT
   2268  0ac3				   Collect1YByStage
   2269  0ac3		       61 5f 63 	      byte.b	COLLECT_1_TOP,STAGE2_COLLECT_1_TOP,STAGE3_COLLECT_1_TOP
   2270  0ac6		       63 67		      byte.b	STAGE4_COLLECT_1_TOP,STAGE5_COLLECT_1_TOP
   2271  0ac8				   Collect2XByStage
   2272  0ac8				  -	      IFCONST	CHAPTER2_ZONE2_LAB
   2273  0ac8				  -	      byte	COLLECT_2_LEFT,102,STAGE3_COLLECT_2_LEFT,STAGE4_COLLECT_2_LEFT
   2274  0ac8					      ELSE
   2275  0ac8				  -	      IFCONST	CHAPTER2_ZONE1_LAB
   2276  0ac8				  -	      byte	84,STAGE2_COLLECT_2_LEFT,STAGE3_COLLECT_2_LEFT,STAGE4_COLLECT_2_LEFT
   2277  0ac8					      ELSE
   2278  0ac8		       54 66 51 60	      byte.b	COLLECT_2_LEFT,STAGE2_COLLECT_2_LEFT,STAGE3_COLLECT_2_LEFT,STAGE4_COLLECT_2_LEFT
   2279  0acc					      ENDIF
   2280  0acc					      ENDIF
   2281  0acc		       57		      byte.b	STAGE5_COLLECT_2_LEFT
   2282  0acd				   Collect2YByStage
   2283  0acd		       91 8d 93 	      byte.b	COLLECT_2_TOP,STAGE2_COLLECT_2_TOP,STAGE3_COLLECT_2_TOP
   2284  0ad0		       8f 8f		      byte.b	STAGE4_COLLECT_2_TOP,STAGE5_COLLECT_2_TOP
   2285  0ad2				   OptionalXByStage
   2286  0ad2				  -	      IFCONST	CHAPTER2_ZONE2_LAB
   2287  0ad2				  -	      byte	OPTIONAL_LEFT,30,STAGE3_OPTIONAL_LEFT,STAGE4_OPTIONAL_LEFT
   2288  0ad2					      ELSE
   2289  0ad2				  -	      IFCONST	CHAPTER2_ZONE1_LAB
   2290  0ad2				  -	      byte	28,STAGE2_OPTIONAL_LEFT,STAGE3_OPTIONAL_LEFT,STAGE4_OPTIONAL_LEFT
   2291  0ad2					      ELSE
   2292  0ad2		       82 64 18 78	      byte.b	OPTIONAL_LEFT,STAGE2_OPTIONAL_LEFT,STAGE3_OPTIONAL_LEFT,STAGE4_OPTIONAL_LEFT
   2293  0ad6					      ENDIF
   2294  0ad6					      ENDIF
   2295  0ad6		       80		      byte.b	STAGE5_OPTIONAL_LEFT
   2296  0ad7				   OptionalYByStage
   2297  0ad7		       09 09 0b 	      byte.b	OPTIONAL_TOP,STAGE2_OPTIONAL_TOP,STAGE3_OPTIONAL_TOP
   2298  0ada		       0d 09		      byte.b	STAGE4_OPTIONAL_TOP,STAGE5_OPTIONAL_TOP
   2299  0adc				   ExitXByStage
   2300  0adc				  -	      IFCONST	CHAPTER2_ZONE2_LAB
   2301  0adc				  -	      byte	EXIT_LEFT,87,STAGE3_EXIT_LEFT,STAGE4_EXIT_LEFT,STAGE5_EXIT_LEFT
   2302  0adc					      ELSE
   2303  0adc				  -	      IFCONST	CHAPTER2_ZONE1_LAB
   2304  0adc				  -	      byte	111,STAGE2_EXIT_LEFT,STAGE3_EXIT_LEFT,STAGE4_EXIT_LEFT,STAGE5_EXIT_LEFT
   2305  0adc					      ELSE
   2306  0adc		       4e 5a 63 63*	      byte.b	EXIT_LEFT,STAGE2_EXIT_LEFT,STAGE3_EXIT_LEFT,STAGE4_EXIT_LEFT,STAGE5_EXIT_LEFT
   2307  0ae1					      ENDIF
   2308  0ae1					      ENDIF
   2309  0ae1				   ExitYByStage
   2310  0ae1		       a1 9d a3 9f	      byte.b	EXIT_TOP,STAGE2_EXIT_TOP,STAGE3_EXIT_TOP,STAGE4_EXIT_TOP
   2311  0ae5		       9f		      byte.b	STAGE5_EXIT_TOP
   2312  0ae6
   2313  0ae6							; Exact solid depths, in color clocks, for the independent terrain halves.
   2314  0ae6				   TerrainLeftInsetByBand
   2315  0ae6				  -	      IFCONST	CHAPTER2_ZONE1_LAB
   2316  0ae6				  -			; Zone 2-1 adds a broad, stepped orange shelf from the left across
   2317  0ae6				  -			; bands 6-7. These depths exactly match TerrainLeftPF1 below.
   2318  0ae6				  -	      byte	80,32,28,24,20,16,48,28,24,20,16
   2319  0ae6				  -	      byte	16,16,20,24,20,16,20,24,28,32,80
   2320  0ae6					      ELSE
   2321  0ae6		       50 20 1c 18*	      byte.b	80,32,28,24,20,16,16,20,24,20,16
   2322  0af1		       10 10 14 18*	      byte.b	16,16,20,24,20,16,20,24,28,32,80
   2323  0afc					      ENDIF
   2324  0afc				   TerrainRightInsetByBand
   2325  0afc				  -	      IFCONST	CHAPTER2_ZONE1_LAB
   2326  0afc				  -			; A second ordinary shelf enters from the right across bands 9-10.
   2327  0afc				  -	      byte	80,20,16,16,16,20,24,28,24,48,32
   2328  0afc				  -	      byte	16,20,28,32,24,16,16,20,24,28,80
   2329  0afc					      ELSE
   2330  0afc		       50 14 10 10*	      byte.b	80,20,16,16,16,20,24,28,24,20,16
   2331  0b07		       10 14 1c 20*	      byte.b	16,20,28,32,24,16,16,20,24,28,80
   2332  0b12					      ENDIF
   2333  0b12				   Stage2LeftInsetByBand
   2334  0b12				  -	      IFCONST	CHAPTER2_ZONE2_LAB
   2335  0b12				  -	      byte	80,28,20,24,36,16,48,40,16,40,36
   2336  0b12				  -	      byte	16,28,36,24,20,32,48,44,28,28,80
   2337  0b12					      ELSE
   2338  0b12		       50 10 14 20*	      byte.b	80,16,20,32,44,48,36,24,16,20,36
   2339  0b1d		       30 28 1c 10*	      byte.b	48,40,28,16,20,28,36,44,48,40,80
   2340  0b28					      ENDIF
   2341  0b28				   Stage2RightInsetByBand
   2342  0b28				  -	      IFCONST	CHAPTER2_ZONE2_LAB
   2343  0b28				  -	      byte	80,24,24,40,48,16,24,20,24,36,28
   2344  0b28				  -	      byte	32,40,16,48,44,44,40,28,16,32,80
   2345  0b28					      ELSE
   2346  0b28		       50 30 28 20*	      byte.b	80,48,40,32,24,20,16,24,36,40,36
   2347  0b33		       1c 14 10 14*	      byte.b	28,20,16,20,28,40,48,40,32,24,80
   2348  0b3e					      ENDIF
   2349  0b3e				   Stage3LeftInsetByBand
   2350  0b3e					      IFCONST	CHAPTER2_ZONE3_LAB
   2351  0b3e		       50 18 14 10*	      byte.b	80,24,20,16,20,24,28,32,40,48,36
   2352  0b49		       2c 20 18 14*	      byte.b	44,32,24,20,16,24,28,32,36,28,80
   2353  0b54				  -	      ELSE
   2354  0b54				  -	      byte	80,24,20,16,20,28,36,28,20,16,24
   2355  0b54				  -	      byte	36,44,32,24,16,20,28,36,28,20,80
   2356  0b54					      ENDIF
   2357  0b54				   Stage3RightInsetByBand
   2358  0b54					      IFCONST	CHAPTER2_ZONE3_LAB
   2359  0b54		       50 1c 20 24*	      byte.b	80,28,32,36,28,24,20,16,16,16,16
   2360  0b5f		       10 10 10 10*	      byte.b	16,16,16,16,16,20,24,28,32,36,80
   2361  0b6a				  -	      ELSE
   2362  0b6a				  -	      byte	80,20,28,36,44,48,36,24,20,24,32
   2363  0b6a				  -	      byte	28,20,16,20,28,40,48,36,24,20,80
   2364  0b6a					      ENDIF
   2365  0b6a				   Stage4LeftInsetByBand
   2366  0b6a		       50 18 1c 18*	      byte.b	80,24,28,24,20,16,20,28,40,48,36
   2367  0b75		       18 10 14 1c*	      byte.b	24,16,20,28,40,48,36,28,20,16,80
   2368  0b80				   Stage4RightInsetByBand
   2369  0b80		       50 10 14 18*	      byte.b	80,16,20,24,32,40,36,36,24,16,20
   2370  0b8b		       1c 28 30 24*	      byte.b	28,40,48,36,24,16,20,28,40,32,80
   2371  0b96				   Stage5LeftInsetByBand
   2372  0b96		       50 18 1c 1c*	      byte.b	80,24,28,28,20,16,24,36,48,32,20
   2373  0ba1		       10 1c 2c 24*	      byte.b	16,28,44,36,24,16,28,40,48,32,80
   2374  0bac				   Stage5RightInsetByBand
   2375  0bac		       50 14 10 18*	      byte.b	80,20,16,24,36,48,36,28,16,24,40
   2376  0bb7		       2c 20 14 10*	      byte.b	44,32,20,16,28,44,36,24,16,28,80
   2377  0bc2
   2378  0bc2							; 64-position circular paths: tight radius 8, medium 13, wide 19.
   2379  0c00		       00 00 00 00*	      ALIGN	256
   2380  0c00				   OrbitXNear
   2381  0c00		       08 08 08 08*	      byte.b	8,8,8,8,7,7,6,6,6,5,5,4,3,2,2,1
   2382  0c10		       00 ff fe fe*	      byte.b	0,-1,-2,-2,-3,-4,-5,-5,-6,-6,-6,-7,-7,-8,-8,-8
   2383  0c20		       f8 f8 f8 f8*	      byte.b	-8,-8,-8,-8,-7,-7,-6,-6,-6,-5,-5,-4,-3,-2,-2,-1
   2384  0c30		       00 01 02 02*	      byte.b	0,1,2,2,3,4,5,5,6,6,6,7,7,8,8,8
   2385  0c40				   OrbitYNear
   2386  0c40		       00 01 02 02*	      byte.b	0,1,2,2,3,4,5,5,6,6,6,7,7,8,8,8
   2387  0c50		       08 08 08 08*	      byte.b	8,8,8,8,7,7,6,6,6,5,5,4,3,2,2,1
   2388  0c60		       00 ff fe fe*	      byte.b	0,-1,-2,-2,-3,-4,-5,-5,-6,-6,-6,-7,-7,-8,-8,-8
   2389  0c70		       f8 f8 f8 f8*	      byte.b	-8,-8,-8,-8,-7,-7,-6,-6,-6,-5,-5,-4,-3,-2,-2,-1
   2390  0c80				   OrbitXMid
   2391  0c80		       0d 0d 0d 0c*	      byte.b	13,13,13,12,12,11,11,10,9,8,7,6,5,4,3,1
   2392  0c90		       00 ff fd fc*	      byte.b	0,-1,-3,-4,-5,-6,-7,-8,-9,-10,-11,-11,-12,-12,-13,-13
   2393  0ca0		       f3 f3 f3 f4*	      byte.b	-13,-13,-13,-12,-12,-11,-11,-10,-9,-8,-7,-6,-5,-4,-3,-1
   2394  0cb0		       00 01 03 04*	      byte.b	0,1,3,4,5,6,7,8,9,10,11,11,12,12,13,13
   2395  0cc0				   OrbitYMid
   2396  0cc0		       00 01 03 04*	      byte.b	0,1,3,4,5,6,7,8,9,10,11,11,12,12,13,13
   2397  0cd0		       0d 0d 0d 0c*	      byte.b	13,13,13,12,12,11,11,10,9,8,7,6,5,4,3,1
   2398  0ce0		       00 ff fd fc*	      byte.b	0,-1,-3,-4,-5,-6,-7,-8,-9,-10,-11,-11,-12,-12,-13,-13
   2399  0cf0		       f3 f3 f3 f4*	      byte.b	-13,-13,-13,-12,-12,-11,-11,-10,-9,-8,-7,-6,-5,-4,-3,-1
   2400  0d00				   OrbitXFar
   2401  0d00		       13 13 13 12*	      byte.b	19,19,19,18,17,17,16,14,14,12,11,9,8,5,4,2
   2402  0d10		       00 fe fc fb*	      byte.b	0,-2,-4,-5,-8,-9,-11,-12,-14,-14,-16,-17,-17,-18,-19,-19
   2403  0d20		       ed ed ed ee*	      byte.b	-19,-19,-19,-18,-17,-17,-16,-14,-14,-12,-11,-9,-8,-5,-4,-2
   2404  0d30		       00 02 04 05*	      byte.b	0,2,4,5,8,9,11,12,14,14,16,17,17,18,19,19
   2405  0d40				   OrbitYFar
   2406  0d40		       00 02 04 05*	      byte.b	0,2,4,5,8,9,11,12,14,14,16,17,17,18,19,19
   2407  0d50		       13 13 13 12*	      byte.b	19,19,19,18,17,17,16,14,14,12,11,9,8,5,4,2
   2408  0d60		       00 fe fc fb*	      byte.b	0,-2,-4,-5,-8,-9,-11,-12,-14,-14,-16,-17,-17,-18,-19,-19
   2409  0d70		       ed ed ed ee*	      byte.b	-19,-19,-19,-18,-17,-17,-16,-14,-14,-12,-11,-9,-8,-5,-4,-2
   2410  0d80
   2411  0d80							; Sixteen equal-magnitude tangent release directions per tier.
   2412  0e00		       00 00 00 00*	      ALIGN	256
   2413  0e00				   ReleaseNearXHi
   2414  0e00		       00 ff ff fe*	      byte.b	$00,$FF,$FF,$FE,$FE,$FE,$FF,$FF,$00,$00,$00,$01,$01,$01,$00,$00
   2415  0e10				   ReleaseNearXLo
   2416  0e10		       00 80 12 ca*	      byte.b	$00,$80,$12,$CA,$B0,$CA,$12,$80,$00,$80,$EE,$36,$50,$36,$EE,$80
   2417  0e20				   ReleaseNearYHi
   2418  0e20		       01 01 01 00*	      byte.b	$01,$01,$01,$00,$00,$FF,$FE,$FE,$FE,$FE,$FE,$FF,$00,$00,$01,$01
   2419  0e30				   ReleaseNearYLo
   2420  0e30		       c0 9e 3d ab*	      byte.b	$C0,$9E,$3D,$AB,$00,$55,$C3,$62,$40,$62,$C3,$55,$00,$AB,$3D,$9E
   2421  0e40				   ReleaseMidXHi
   2422  0e40		       00 ff ff ff*	      byte.b	$00,$FF,$FF,$FF,$FE,$FF,$FF,$FF,$00,$00,$00,$00,$01,$00,$00,$00
   2423  0e50				   ReleaseMidXLo
   2424  0e50		       00 9b 45 0c*	      byte.b	$00,$9B,$45,$0C,$F8,$0C,$45,$9B,$00,$65,$BB,$F4,$08,$F4,$BB,$65
   2425  0e60				   ReleaseMidYHi
   2426  0e60		       01 01 00 00*	      byte.b	$01,$01,$00,$00,$00,$FF,$FF,$FE,$FE,$FE,$FF,$FF,$00,$00,$00,$01
   2427  0e70				   ReleaseMidYLo
   2428  0e70		       60 45 f9 87*	      byte.b	$60,$45,$F9,$87,$00,$79,$07,$BB,$A0,$BB,$07,$79,$00,$87,$F9,$45
   2429  0e80				   ReleaseFarXHi
   2430  0e80		       00 ff ff ff*	      byte.b	$00,$FF,$FF,$FF,$FF,$FF,$FF,$FF,$00,$00,$00,$00,$00,$00,$00,$00
   2431  0e90				   ReleaseFarXLo
   2432  0e90		       00 b6 78 4e*	      byte.b	$00,$B6,$78,$4E,$40,$4E,$78,$B6,$00,$4A,$88,$B2,$C0,$B2,$88,$4A
   2433  0ea0				   ReleaseFarYHi
   2434  0ea0		       01 00 00 00*	      byte.b	$01,$00,$00,$00,$00,$FF,$FF,$FF,$FF,$FF,$FF,$FF,$00,$00,$00,$00
   2435  0eb0				   ReleaseFarYLo
   2436  0eb0		       00 ed b5 62*	      byte.b	$00,$ED,$B5,$62,$00,$9E,$4B,$13,$00,$13,$4B,$9E,$00,$62,$B5,$ED
   2437  0ec0
   2438  0ec0							; Fixed cross-bank continuation. Bank 1 switches at $FFD0; execution arrives
   2439  0ec0							; here at $FFD3, performs physics, then selects bank 1 and lands on its RTS.
   2440  0fd3					      ORG	$0FD3
   2441  0fd3					      RORG	$FFD3
   2442  0fd3				   PhysicsBankEntry
   2443  0fd3		       20 06 f0 	      jsr	UpdatePhysics
   2444  0fd6		       ad fb ff 	      lda	$FFFB
   2445  0fd9
   2446  0ffa					      ORG	$0FFA
   2447  0ffa					      RORG	$FFFA
   2448  0ffa		       00 f0 00 f0*	      word.w	$F000,$F000,$F000
   2449  1000
   2450  1000							; ---------------------------------------------------------------------------
   2451  1000							; BANKS 1-5 — stage/chapter capacity reserved by the 0.7A migration.
   2452  1000							; Every bank has the same reset-safe landing pad and vectors. Future stage
   2453  1000							; loaders will use explicit call gates; no code relies on bank fall-through.
   2454  1000							; ---------------------------------------------------------------------------
   2455  2000 ????				      SEG	BANK1
   2456  1000					      ORG	$1000
   2457  1000					      RORG	$F000
   2458  1000				   Bank1Boot
   2459  1000		       ad fb ff 	      lda	$FFFB
   2460  1003		       4c 06 f0 	      jmp	$F006
   2461  1ffa					      ORG	$1FFA
   2462  1ffa					      RORG	$FFFA
   2463  1ffa		       00 f0 00 f0*	      word.w	$F000,$F000,$F000
   2464  2000
   2465  3000 ????				      SEG	BANK2
   2466  2000					      ORG	$2000
   2467  2000					      RORG	$F000
   2468  2000				   Bank2Boot
   2469  2000		       ad fb ff 	      lda	$FFFB
   2470  2003		       4c 06 f0 	      jmp	$F006
   2471  2006					      IFCONST	CHAPTER2_ZONE3_LAB
   2472  2006							; Unreachable lab-build signature.  Stella keys cartridge-specific debugger
   2473  2006							; state by ROM identity; keeping a distinct byte here prevents an interrupted
   2474  2006							; 2-3 debug session from being restored over the next clean playtest.
   2475  2006				   Zone23BuildSignature
   2476  2006		       23		      byte.b	$23
   2477  2007					      ENDIF
   2478  2ffa					      ORG	$2FFA
   2479  2ffa					      RORG	$FFFA
   2480  2ffa		       00 f0 00 f0*	      word.w	$F000,$F000,$F000
   2481  3000
   2482  4000 ????				      SEG	BANK3
   2483  3000					      ORG	$3000
   2484  3000					      RORG	$F000
   2485  3000				   Bank3Boot
   2486  3000		       ad fb ff 	      lda	$FFFB
   2487  3003		       4c 06 f0 	      jmp	$F006
   2488  3006
   2489  3006							; ---------------------------------------------------------------------------
   2490  3006							; STAGE 5 ROOM BANK
   2491  3006							;
   2492  3006							; Bank 6 owns a complete, scanline-stable room kernel and its own terrain
   2493  3006							; pages.  No bank switch occurs while the beam is drawing the room.  The
   2494  3006							; astronaut art is repeated at the same virtual addresses used by Bank 7, so
   2495  3006							; SelectPose can prepare one pointer format for both stages.
   2496  3006							; ---------------------------------------------------------------------------
   2497  3100					      ORG	$3100
   2498  3100					      RORG	$F100
   2499  3100				   Stage5RoomStart
   2500  3100		       ad 00 f8 	      lda	TerrainColor
   2501  3103		       85 08		      sta	COLUPF
   2502  3105		       a9 00		      lda	#0
   2503  3107		       85 1b		      sta	GRP0
   2504  3109		       85 1c		      sta	GRP1
   2505  310b		       85 1d		      sta	ENAM0
   2506  310d		       85 1e		      sta	ENAM1
   2507  310f		       a2 00		      ldx	#0
   2508  3111		       85 02		      sta	WSYNC
   2509  3113		       a9 f0		      lda	#$F0
   2510  3115		       85 0d		      sta	PF0
   2511  3117
   2512  3117				   Stage5RoomKernel
   2513  3117		       bd 00 f8 	      lda	TerrainColor,x
   2514  311a		       85 08		      sta	COLUPF
   2515  311c		       bd 00 f9 	      lda	TerrainLeftPF1,x
   2516  311f		       85 0e		      sta	PF1
   2517  3121		       bd 00 fb 	      lda	TerrainPF2,x
   2518  3124		       85 0f		      sta	PF2
   2519  3126		       bd 00 fa 	      lda	TerrainRightPF1,x
   2520  3129		       85 0e		      sta	PF1
   2521  312b
   2522  312b		       8a		      txa
   2523  312c		       38		      sec
   2524  312d		       e5 ad		      sbc	renderTomY
   2525  312f		       c9 0e		      cmp	#ASTRONAUT_H
   2526  3131		       90 0d		      bcc	Stage5DrawTom
   2527  3133		       bd 00 fc 	      lda	StarEnable,x
   2528  3136		       25 ae		      and	visorEnable
   2529  3138		       85 1d		      sta	ENAM0
   2530  313a		       a9 00		      lda	#0
   2531  313c		       85 1b		      sta	GRP0
   2532  313e		       f0 0c		      beq	Stage5StarEvenReady
   2533  3140				   Stage5DrawTom
   2534  3140		       4a		      lsr
   2535  3141		       a8		      tay
   2536  3142		       b1 ab		      lda	(suitPtr),y
   2537  3144		       85 1b		      sta	GRP0
   2538  3146		       a9 00		      lda	#0
   2539  3148		       85 1d		      sta	ENAM0
   2540  314a		       f0 02		      beq	Stage5EvenReady
   2541  314c				   Stage5StarEvenReady
   2542  314c		       85 1d		      sta	ENAM0	; shut the point off before the following line
   2543  314e				   Stage5EvenReady
   2544  314e		       85 02		      sta	WSYNC
   2545  3150		       e8		      inx
   2546  3151
   2547  3151		       bd 00 f6 	      lda	WorldGraphics,x
   2548  3154		       25 a0		      and	currentP1Mask
   2549  3156		       85 1c		      sta	GRP1
   2550  3158		       a5 a1		      lda	currentP1Color
   2551  315a		       85 07		      sta	COLUP1
   2552  315c		       bd 00 f9 	      lda	TerrainLeftPF1,x
   2553  315f		       85 0e		      sta	PF1
   2554  3161		       bd 00 f7 	      lda	ServiceCode,x
   2555  3164		       f0 5d		      beq	Stage5OrdinaryOdd
   2556  3166		       c9 04		      cmp	#4
   2557  3168		       b0 0f		      bcs	Stage5ServiceHigh
   2558  316a		       c9 02		      cmp	#2
   2559  316c		       90 05		      bcc	Stage5JumpDishA
   2560  316e		       f0 06		      beq	Stage5JumpCollect0
   2561  3170		       4c f3 f1 	      jmp	Stage5ServiceDishB
   2562  3173				   Stage5JumpDishA
   2563  3173		       4c c6 f1 	      jmp	Stage5ServiceDishA
   2564  3176				   Stage5JumpCollect0
   2565  3176		       4c dd f1 	      jmp	Stage5ServiceCollect0
   2566  3179
   2567  3179				   Stage5ServiceHigh
   2568  3179		       f0 45		      beq	Stage5JumpCollect1
   2569  317b		       c9 06		      cmp	#6
   2570  317d		       90 16		      bcc	Stage5ServiceDishC
   2571  317f		       f0 29		      beq	Stage5ServiceCollect2
   2572  3181
   2573  3181				   Stage5ServiceExit
   2574  3181		       a9 00		      lda	#$00
   2575  3183		       85 0e		      sta	PF1
   2576  3185		       ea		      nop
   2577  3186		       85 11		      sta	RESP1
   2578  3188		       a5 a7		      lda	exitDraw
   2579  318a		       85 a0		      sta	currentP1Mask
   2580  318c		       a5 a8		      lda	exitP1Color
   2581  318e		       85 a1		      sta	currentP1Color
   2582  3190		       85 02		      sta	WSYNC
   2583  3192		       4c 1f f2 	      jmp	Stage5OddNext
   2584  3195
   2585  3195				   Stage5ServiceDishC
   2586  3195		       85 12		      sta	RESM0
   2587  3197		       85 11		      sta	RESP1
   2588  3199		       a9 00		      lda	#$00
   2589  319b		       85 0e		      sta	PF1
   2590  319d		       a9 ff		      lda	#$FF
   2591  319f		       85 a0		      sta	currentP1Mask
   2592  31a1		       a5 a4		      lda	dishColorC
   2593  31a3		       85 a1		      sta	currentP1Color
   2594  31a5		       85 02		      sta	WSYNC
   2595  31a7		       4c 1f f2 	      jmp	Stage5OddNext
   2596  31aa
   2597  31aa				   Stage5ServiceCollect2
   2598  31aa		       ea		      nop
   2599  31ab		       85 11		      sta	RESP1
   2600  31ad		       85 12		      sta	RESM0
   2601  31af		       a9 f8		      lda	#$F8
   2602  31b1		       85 0e		      sta	PF1
   2603  31b3		       a5 9e		      lda	collectDraw2
   2604  31b5		       85 a0		      sta	currentP1Mask
   2605  31b7		       a5 a5		      lda	requiredP1Color
   2606  31b9		       85 a1		      sta	currentP1Color
   2607  31bb		       85 02		      sta	WSYNC
   2608  31bd		       4c 1f f2 	      jmp	Stage5OddNext
   2609  31c0
   2610  31c0				   Stage5JumpCollect1
   2611  31c0		       4c 08 f2 	      jmp	Stage5ServiceCollect1
   2612  31c3
   2613  31c3				   Stage5OrdinaryOdd
   2614  31c3		       4c b4 fd 	      jmp	Stage5StarOddControl
   2615  31c6
   2616  31c6							; Stage 5's authored X positions differ from Stage 1.	These handlers retain
   2617  31c6							; the identical state and WSYNC structure while moving only the RESP1 strobe.
   2618  31c6				   Stage5ServiceDishA
   2619  31c6		       a9 00		      lda	#$00
   2620  31c8		       85 0e		      sta	PF1
   2621  31ca		       ea		      nop
   2622  31cb		       ea		      nop
   2623  31cc		       85 11		      sta	RESP1
   2624  31ce		       85 12		      sta	RESM0
   2625  31d0		       a9 ff		      lda	#$FF
   2626  31d2		       85 a0		      sta	currentP1Mask
   2627  31d4		       a5 a2		      lda	dishColorA
   2628  31d6		       85 a1		      sta	currentP1Color
   2629  31d8		       85 02		      sta	WSYNC
   2630  31da		       4c 1f f2 	      jmp	Stage5OddNext
   2631  31dd
   2632  31dd				   Stage5ServiceCollect0
   2633  31dd		       a9 ff		      lda	#$FF
   2634  31df		       85 0e		      sta	PF1
   2635  31e1		       ea		      nop
   2636  31e2		       ea		      nop
   2637  31e3		       ea		      nop
   2638  31e4		       85 11		      sta	RESP1
   2639  31e6		       a5 9c		      lda	collectDraw0
   2640  31e8		       85 a0		      sta	currentP1Mask
   2641  31ea		       a5 a5		      lda	requiredP1Color
   2642  31ec		       85 a1		      sta	currentP1Color
   2643  31ee		       85 02		      sta	WSYNC
   2644  31f0		       4c 1f f2 	      jmp	Stage5OddNext
   2645  31f3
   2646  31f3				   Stage5ServiceDishB
   2647  31f3		       85 11		      sta	RESP1
   2648  31f5		       85 12		      sta	RESM0
   2649  31f7		       a9 e0		      lda	#$E0
   2650  31f9		       85 0e		      sta	PF1
   2651  31fb		       a9 ff		      lda	#$FF
   2652  31fd		       85 a0		      sta	currentP1Mask
   2653  31ff		       a5 a3		      lda	dishColorB
   2654  3201		       85 a1		      sta	currentP1Color
   2655  3203		       85 02		      sta	WSYNC
   2656  3205		       4c 1f f2 	      jmp	Stage5OddNext
   2657  3208
   2658  3208				   Stage5ServiceCollect1
   2659  3208		       a9 f0		      lda	#$F0
   2660  320a		       85 0e		      sta	PF1
   2661  320c		       ea		      nop
   2662  320d		       ea		      nop
   2663  320e		       85 11		      sta	RESP1
   2664  3210		       85 12		      sta	RESM0
   2665  3212		       a5 9d		      lda	collectDraw1
   2666  3214		       85 a0		      sta	currentP1Mask
   2667  3216		       a5 a5		      lda	requiredP1Color
   2668  3218		       85 a1		      sta	currentP1Color
   2669  321a		       85 02		      sta	WSYNC
   2670  321c		       4c 1f f2 	      jmp	Stage5OddNext
   2671  321f
   2672  321f				   Stage5OddNext
   2673  321f		       e8		      inx
   2674  3220		       e0 b0		      cpx	#ROOM_LINES
   2675  3222		       f0 03		      beq	Stage5OddDone
   2676  3224		       4c 17 f1 	      jmp	Stage5RoomKernel
   2677  3227				   Stage5OddDone
   2678  3227		       4c 2a f2 	      jmp	Stage5RoomDone
   2679  322a
   2680  322a				   Stage5RoomDone
   2681  322a		       a9 02		      lda	#2
   2682  322c		       85 01		      sta	VBLANK
   2683  322e		       a9 00		      lda	#0
   2684  3230		       85 0d		      sta	PF0
   2685  3232		       85 0e		      sta	PF1
   2686  3234		       85 0f		      sta	PF2
   2687  3236		       85 1b		      sta	GRP0
   2688  3238		       85 1c		      sta	GRP1
   2689  323a		       85 1e		      sta	ENAM1
   2690  323c		       85 1f		      sta	ENABL
   2691  323e		       a2 1e		      ldx	#30
   2692  3240				   Stage5OverscanLoop
   2693  3240		       85 02		      sta	WSYNC
   2694  3242		       ca		      dex
   2695  3243		       d0 fb		      bne	Stage5OverscanLoop
   2696  3245		       4c d8 fb 	      jmp	Stage5ReturnGate
   2697  3248
   2698  3587					      ORG	$3587
   2699  3587					      RORG	$F587
   2700  3587				   Stage5SuitUp
   2701  3587		       3c 7e 81 7e	      byte.b	%00111100,%01111110,%10000001,%01111110
   2702  358b		       ff 7e 66 	      byte.b	%11111111,%01111110,%01100110
   2703  358e				   Stage5SuitUpRight
   2704  358e		       3c 7e 81 7e	      byte.b	%00111100,%01111110,%10000001,%01111110
   2705  3592		       ff 7e 66 	      byte.b	%11111111,%01111110,%01100110
   2706  3595				   Stage5SuitRight
   2707  3595		       3c 7e 81 7e	      byte.b	%00111100,%01111110,%10000001,%01111110
   2708  3599		       ff 7e 66 	      byte.b	%11111111,%01111110,%01100110
   2709  359c				   Stage5SuitDownRight
   2710  359c		       3c 7e 81 7e	      byte.b	%00111100,%01111110,%10000001,%01111110
   2711  35a0		       ff 7e 66 	      byte.b	%11111111,%01111110,%01100110
   2712  35a3				   Stage5SuitDown
   2713  35a3		       3c 7e 81 7e	      byte.b	%00111100,%01111110,%10000001,%01111110
   2714  35a7		       ff 7e 66 	      byte.b	%11111111,%01111110,%01100110
   2715  35aa
   2716  35aa				   Stage5VisorEnable
   2717  35aa		       00 00 00 00*	      byte.b	0,0,0,0,0,0,0
   2718  35b1
   2719  3600					      ORG	$3600
   2720  3600					      RORG	$F600
------- FILE thursdays-child-stage5-objects.inc LEVEL 3 PASS 2
      0  3600					      include	"thursdays-child-stage5-objects.inc"
      1  3600							; Generated by tools/generate_stage_object_pages.py; do not hand-edit.
      2  3600				   Stage5WorldGraphics
      3  3600		       00 00 00 00*	      byte.b	$00,$00,$00,$00,$00,$00,$00,$00,$00,$10,$00,$18,$00,$7C,$00,$FE
      4  3610		       00 7c 00 18*	      byte.b	$00,$7C,$00,$18,$00,$10,$00,$00,$00,$00,$00,$00,$00,$3C,$00,$60
      5  3620		       00 c0 00 c0*	      byte.b	$00,$C0,$00,$C0,$00,$60,$00,$3C,$00,$18,$00,$3C,$00,$00,$00,$00
      6  3630		       00 38 00 78*	      byte.b	$00,$38,$00,$78,$00,$F0,$00,$F8,$00,$F0,$00,$78,$00,$38,$00,$00
      7  3640		       00 00 00 00*	      byte.b	$00,$00,$00,$00,$00,$00,$00,$00,$00,$00,$00,$00,$00,$00,$00,$00
      8  3650		       00 00 00 3c*	      byte.b	$00,$00,$00,$3C,$00,$60,$00,$C0,$00,$C0,$00,$60,$00,$3C,$00,$18
      9  3660		       00 3c 00 00*	      byte.b	$00,$3C,$00,$00,$00,$00,$00,$38,$00,$78,$00,$F0,$00,$F8,$00,$F0
     10  3670		       00 78 00 38*	      byte.b	$00,$78,$00,$38,$00,$00,$00,$00,$00,$00,$00,$00,$00,$3C,$00,$60
     11  3680		       00 c0 00 c0*	      byte.b	$00,$C0,$00,$C0,$00,$60,$00,$3C,$00,$18,$00,$3C,$00,$00,$00,$38
     12  3690		       00 78 00 f0*	      byte.b	$00,$78,$00,$F0,$00,$F8,$00,$F0,$00,$78,$00,$38,$00,$00,$00,$3C
     13  36a0		       00 7e 00 c3*	      byte.b	$00,$7E,$00,$C3,$00,$DB,$00,$DB,$00,$C3,$00,$3C,$00,$00,$00,$00
     14  36b0
     15  3700					      ORG	$3700
     16  3700					      RORG	$F700
     17  3700				   Stage5ServiceCode
     18  3700		       00 00 00 00*	      byte.b	$00,$00,$00,$00,$00,$00,$00,$00,$00,$00,$00,$00,$00,$00,$00,$00
     19  3710		       00 00 00 00*	      byte.b	$00,$00,$00,$00,$00,$00,$00,$01,$00,$00,$00,$00,$00,$00,$00,$00
     20  3720		       00 00 00 00*	      byte.b	$00,$00,$00,$00,$00,$00,$00,$00,$00,$00,$00,$00,$00,$02,$00,$00
     21  3730		       00 00 00 00*	      byte.b	$00,$00,$00,$00,$00,$00,$00,$00,$00,$00,$00,$00,$00,$00,$00,$03
     22  3740		       00 00 00 00*	      byte.b	$00,$00,$00,$00,$00,$00,$00,$00,$00,$00,$00,$00,$00,$00,$00,$00
     23  3750		       00 00 00 00*	      byte.b	$00,$00,$00,$00,$00,$00,$00,$00,$00,$00,$00,$00,$00,$00,$00,$00
     24  3760		       00 00 00 04*	      byte.b	$00,$00,$00,$04,$00,$00,$00,$00,$00,$00,$00,$00,$00,$00,$00,$00
     25  3770		       00 00 00 00*	      byte.b	$00,$00,$00,$00,$00,$05,$00,$00,$00,$00,$00,$00,$00,$00,$00,$00
     26  3780		       00 00 00 00*	      byte.b	$00,$00,$00,$00,$00,$00,$00,$00,$00,$00,$00,$00,$00,$06,$00,$00
     27  3790		       00 00 00 00*	      byte.b	$00,$00,$00,$00,$00,$00,$00,$00,$00,$00,$00,$00,$00,$07,$00,$00
     28  37a0		       00 00 00 00*	      byte.b	$00,$00,$00,$00,$00,$00,$00,$00,$00,$00,$00,$00,$00,$00,$00,$00
------- FILE thursdays-child.asm
   2722  37b0
   2723  3800					      ORG	$3800
   2724  3800					      RORG	$F800
   2725  3800				   Stage5TerrainColor
   2726  3800							; Deep-violet mastery room: the darkest member of Chapter One.
   2727  3800		       9e 9c 9a 98*	      byte.b	$9E,$9C,$9A,$98,$96,$98,$9A,$9C
   2728  3808		       72 72 72 72*	      ds	8,$72
   2729  3810		       74 74 74 74*	      ds	8,$74
   2730  3818		       76 76 76 76*	      ds	8,$76
   2731  3820		       78 78 78 78*	      ds	8,$78
   2732  3828		       7a 7a 7a 7a*	      ds	8,$7A
   2733  3830		       7c 7c 7c 7c*	      ds	8,$7C
   2734  3838		       7e 7e 7e 7e*	      ds	8,$7E
   2735  3840		       7c 7c 7c 7c*	      ds	8,$7C
   2736  3848		       7a 7a 7a 7a*	      ds	8,$7A
   2737  3850		       78 78 78 78*	      ds	8,$78
   2738  3858		       76 76 76 76*	      ds	8,$76
   2739  3860		       74 74 74 74*	      ds	8,$74
   2740  3868		       72 72 72 72*	      ds	8,$72
   2741  3870		       82 82 82 82*	      ds	8,$82
   2742  3878		       84 84 84 84*	      ds	8,$84
   2743  3880		       86 86 86 86*	      ds	8,$86
   2744  3888		       88 88 88 88*	      ds	8,$88
   2745  3890		       8a 8a 8a 8a*	      ds	8,$8A
   2746  3898		       88 88 88 88*	      ds	8,$88
   2747  38a0		       86 86 86 86*	      ds	8,$86
   2748  38a8		       84 84 84 84*	      ds	8,$84
   2749  38b0		       82 82 82 82*	      ds	8,$82
   2750  38b8
   2751  3900					      ORG	$3900
   2752  3900					      RORG	$F900
   2753  3900				   Stage5TerrainLeftPF1
   2754  3900		       ff ff ff ff*	      ds	8,$FF
   2755  3908		       00 00 00 00*	      ds	8,$00
   2756  3910		       e0 e0 e0 e0*	      ds	8,$E0
   2757  3918		       e0 e0 e0 e0*	      ds	8,$E0
   2758  3920		       80 80 80 80*	      ds	8,$80
   2759  3928		       00 00 00 00*	      ds	8,$00
   2760  3930		       00 00 00 00*	      ds	8,$00
   2761  3938		       f8 f8 f8 f8*	      ds	8,$F8
   2762  3940		       ff ff ff ff*	      ds	8,$FF
   2763  3948		       00 00 00 00*	      ds	8,$00
   2764  3950		       80 80 80 80*	      ds	8,$80
   2765  3958		       00 00 00 00*	      ds	8,$00
   2766  3960		       e0 e0 e0 e0*	      ds	8,$E0
   2767  3968		       fe fe fe fe*	      ds	8,$FE
   2768  3970		       f8 f8 f8 f8*	      ds	8,$F8
   2769  3978		       c0 c0 c0 c0*	      ds	8,$C0
   2770  3980		       00 00 00 00*	      ds	8,$00
   2771  3988		       e0 e0 e0 e0*	      ds	8,$E0
   2772  3990		       fc fc fc fc*	      ds	8,$FC
   2773  3998		       ff ff ff ff*	      ds	8,$FF
   2774  39a0		       00 00 00 00*	      ds	8,$00
   2775  39a8		       ff ff ff ff*	      ds	8,$FF
   2776  39b0
   2777  3a00					      ORG	$3A00
   2778  3a00					      RORG	$FA00
   2779  3a00				   Stage5TerrainRightPF1
   2780  3a00		       ff ff ff ff*	      ds	8,$FF
   2781  3a08		       80 80 80 80*	      ds	8,$80
   2782  3a10		       00 00 00 00*	      ds	8,$00
   2783  3a18		       c0 c0 c0 c0*	      ds	8,$C0
   2784  3a20		       f8 f8 f8 f8*	      ds	8,$F8
   2785  3a28		       ff ff ff ff*	      ds	8,$FF
   2786  3a30		       f8 f8 f8 f8*	      ds	8,$F8
   2787  3a38		       e0 e0 e0 e0*	      ds	8,$E0
   2788  3a40		       00 00 00 00*	      ds	8,$00
   2789  3a48		       c0 c0 c0 c0*	      ds	8,$C0
   2790  3a50		       fc fc fc fc*	      ds	8,$FC
   2791  3a58		       fe fe fe fe*	      ds	8,$FE
   2792  3a60		       f0 f0 f0 f0*	      ds	8,$F0
   2793  3a68		       80 80 80 80*	      ds	8,$80
   2794  3a70		       00 00 00 00*	      ds	8,$00
   2795  3a78		       e0 e0 e0 e0*	      ds	8,$E0
   2796  3a80		       fe fe fe fe*	      ds	8,$FE
   2797  3a88		       f8 f8 f8 f8*	      ds	8,$F8
   2798  3a90		       c0 c0 c0 c0*	      ds	8,$C0
   2799  3a98		       00 00 00 00*	      ds	8,$00
   2800  3aa0		       e0 e0 e0 e0*	      ds	8,$E0
   2801  3aa8		       ff ff ff ff*	      ds	8,$FF
   2802  3ab0
   2803  3b00					      ORG	$3B00
   2804  3b00					      RORG	$FB00
   2805  3b00				   Stage5TerrainPF2
   2806  3b00		       ff ff ff ff*	      ds	8,$FF
   2807  3b08		       00 00 00 00*	      ds	160,$00
   2808  3ba8		       ff ff ff ff*	      ds	8,$FF
   2809  3bb0
   2810  3bd3					      ORG	$3BD3
   2811  3bd3					      RORG	$FBD3
   2812  3bd3				   Stage5EntryLanding
   2813  3bd3		       4c 00 f1 	      jmp	Stage5RoomStart
   2814  3bd6
   2815  3bd8					      ORG	$3BD8
   2816  3bd8					      RORG	$FBD8
   2817  3bd8				   Stage5ReturnGate
   2818  3bd8		       ad fb ff 	      lda	$FFFB
   2819  3bdb
   2820  3c00					      ORG	$3C00
   2821  3c00					      RORG	$FC00
   2822  3c00				   Stage5StarEnable
   2823  3c00				  -	      IFCONST	STARFIELD_LAB
   2824  3c00				  -	      ds	16,0
   2825  3c00				  -	      byte	$02
   2826  3c00				  -	      ds	15,0
   2827  3c00				  -	      byte	$02
   2828  3c00				  -	      ds	19,0
   2829  3c00				  -	      byte	$02
   2830  3c00				  -	      ds	21,0
   2831  3c00				  -	      byte	$02
   2832  3c00				  -	      ds	13,0
   2833  3c00				  -	      byte	$02
   2834  3c00				  -	      ds	15,0
   2835  3c00				  -	      byte	$02
   2836  3c00				  -	      ds	19,0
   2837  3c00				  -	      byte	$02
   2838  3c00				  -	      ds	9,0
   2839  3c00				  -	      byte	$02
   2840  3c00				  -	      ds	15,0
   2841  3c00				  -	      byte	$02
   2842  3c00				  -	      ds	17,0
   2843  3c00				  -	      byte	$02
   2844  3c00				  -	      ds	7,0
   2845  3c00					      ELSE
   2846  3c00		       00 00 00 00*	      ds	176,0
   2847  3cb0					      ENDIF
   2848  3cb0
   2849  3d00					      ORG	$3D00
   2850  3d00					      RORG	$FD00
   2851  3d00				   Stage5StarControl
   2852  3d00				  -	      IFCONST	STARFIELD_LAB
   2853  3d00				  -	      ds	15,0
   2854  3d00				  -	      byte	$10,0,$80
   2855  3d00				  -	      ds	13,0
   2856  3d00				  -	      byte	$11,0,$80
   2857  3d00				  -	      ds	17,0
   2858  3d00				  -	      byte	$12,0,$80
   2859  3d00				  -	      ds	19,0
   2860  3d00				  -	      byte	$13,0,$80
   2861  3d00				  -	      ds	11,0
   2862  3d00				  -	      byte	$11,0,$80
   2863  3d00				  -	      ds	13,0
   2864  3d00				  -	      byte	$10,0,$80
   2865  3d00				  -	      ds	17,0
   2866  3d00				  -	      byte	$13,0,$80
   2867  3d00				  -	      ds	7,0
   2868  3d00				  -	      byte	$12,0,$80
   2869  3d00				  -	      ds	13,0
   2870  3d00				  -	      byte	$10,0,$80
   2871  3d00				  -	      ds	15,0
   2872  3d00				  -	      byte	$12,0,$80
   2873  3d00				  -	      ds	6,0
   2874  3d00					      ELSE
   2875  3d00		       00 00 00 00*	      ds	176,0
   2876  3db0					      ENDIF
   2877  3db0				   Stage5StarFadeColors
   2878  3db0		       02 02 02 00	      byte.b	$02,$02,$02,$00
   2879  3db4				   Stage5StarOddControl
   2880  3db4		       bd 00 fa 	      lda	TerrainRightPF1,x
   2881  3db7		       85 0e		      sta	PF1
   2882  3db9		       bd 00 fd 	      lda	Stage5StarControl,x
   2883  3dbc		       f0 17		      beq	.sync
   2884  3dbe		       30 0f		      bmi	.restore
   2885  3dc0		       45 b3		      eor	bestBeacon
   2886  3dc2		       29 03		      and	#3
   2887  3dc4		       a8		      tay
   2888  3dc5		       b9 b0 fd 	      lda	Stage5StarFadeColors,y
   2889  3dc8		       85 ae		      sta	visorEnable
   2890  3dca		       85 1d		      sta	ENAM0	; pre-stage the next even scanline's point
   2891  3dcc		       4c d5 fd 	      jmp	.sync
   2892  3dcf				   .restore
   2893  3dcf		       a9 00		      lda	#0
   2894  3dd1		       85 ae		      sta	visorEnable
   2895  3dd3		       85 1d		      sta	ENAM0
   2896  3dd5				   .sync
   2897  3dd5		       85 02		      sta	WSYNC
   2898  3dd7		       4c 1f f2 	      jmp	Stage5OddNext
   2899  3dda
   2900  3ffa					      ORG	$3FFA
   2901  3ffa					      RORG	$FFFA
   2902  3ffa		       00 f0 00 f0*	      word.w	$F000,$F000,$F000
   2903  4000
   2904  4000							; ---------------------------------------------------------------------------
   2905  4000							; BANK 7 — fixed reset, frame, renderer, room and astronaut art.
   2906  4000							; Its virtual addresses are unchanged from the approved F8 display bank.
   2907  4000							; ---------------------------------------------------------------------------
   2908  4000
   2909  5000 ????				      SEG	BANK4
   2910  4000					      ORG	$4000
   2911  4000					      RORG	$F000
   2912  4000				   Bank4Boot
   2913  4000		       ad fb ff 	      lda	$FFFB
   2914  4003		       4c 06 f0 	      jmp	$F006
   2915  4006
   2916  4006							; ---------------------------------------------------------------------------
   2917  4006							; STAGE 4 ROOM BANK
   2918  4006							;
   2919  4006							; Bank 6 owns a complete, scanline-stable room kernel and its own terrain
   2920  4006							; pages.  No bank switch occurs while the beam is drawing the room.  The
   2921  4006							; astronaut art is repeated at the same virtual addresses used by Bank 7, so
   2922  4006							; SelectPose can prepare one pointer format for both stages.
   2923  4006							; ---------------------------------------------------------------------------
   2924  4100					      ORG	$4100
   2925  4100					      RORG	$F100
   2926  4100				   Stage4RoomStart
   2927  4100		       ad 00 f8 	      lda	TerrainColor
   2928  4103		       85 08		      sta	COLUPF
   2929  4105		       a9 00		      lda	#0
   2930  4107		       85 1b		      sta	GRP0
   2931  4109		       85 1c		      sta	GRP1
   2932  410b		       85 1d		      sta	ENAM0
   2933  410d		       85 1e		      sta	ENAM1
   2934  410f		       a2 00		      ldx	#0
   2935  4111		       85 02		      sta	WSYNC
   2936  4113		       a9 f0		      lda	#$F0
   2937  4115		       85 0d		      sta	PF0
   2938  4117
   2939  4117				   Stage4RoomKernel
   2940  4117		       bd 00 f8 	      lda	TerrainColor,x
   2941  411a		       85 08		      sta	COLUPF
   2942  411c		       bd 00 f9 	      lda	TerrainLeftPF1,x
   2943  411f		       85 0e		      sta	PF1
   2944  4121		       bd 00 fb 	      lda	TerrainPF2,x
   2945  4124		       85 0f		      sta	PF2
   2946  4126		       bd 00 fa 	      lda	TerrainRightPF1,x
   2947  4129		       85 0e		      sta	PF1
   2948  412b
   2949  412b		       8a		      txa
   2950  412c		       38		      sec
   2951  412d		       e5 ad		      sbc	renderTomY
   2952  412f		       c9 0e		      cmp	#ASTRONAUT_H
   2953  4131		       90 0d		      bcc	Stage4DrawTom
   2954  4133		       bd 00 fc 	      lda	StarEnable,x
   2955  4136		       25 ae		      and	visorEnable
   2956  4138		       85 1d		      sta	ENAM0
   2957  413a		       a9 00		      lda	#0
   2958  413c		       85 1b		      sta	GRP0
   2959  413e		       f0 0c		      beq	Stage4StarEvenReady
   2960  4140				   Stage4DrawTom
   2961  4140		       4a		      lsr
   2962  4141		       a8		      tay
   2963  4142		       b1 ab		      lda	(suitPtr),y
   2964  4144		       85 1b		      sta	GRP0
   2965  4146		       a9 00		      lda	#0
   2966  4148		       85 1d		      sta	ENAM0
   2967  414a		       f0 02		      beq	Stage4EvenReady
   2968  414c				   Stage4StarEvenReady
   2969  414c		       85 1d		      sta	ENAM0
   2970  414e				   Stage4EvenReady
   2971  414e		       85 02		      sta	WSYNC
   2972  4150		       e8		      inx
   2973  4151
   2974  4151		       bd 00 f6 	      lda	WorldGraphics,x
   2975  4154		       25 a0		      and	currentP1Mask
   2976  4156		       85 1c		      sta	GRP1
   2977  4158		       a5 a1		      lda	currentP1Color
   2978  415a		       85 07		      sta	COLUP1
   2979  415c		       bd 00 f9 	      lda	TerrainLeftPF1,x
   2980  415f		       85 0e		      sta	PF1
   2981  4161		       bd 00 f7 	      lda	ServiceCode,x
   2982  4164		       f0 5d		      beq	Stage4OrdinaryOdd
   2983  4166		       c9 04		      cmp	#4
   2984  4168		       b0 0f		      bcs	Stage4ServiceHigh
   2985  416a		       c9 02		      cmp	#2
   2986  416c		       90 05		      bcc	Stage4JumpDishA
   2987  416e		       f0 06		      beq	Stage4JumpCollect0
   2988  4170		       4c ef f1 	      jmp	Stage4ServiceDishB
   2989  4173				   Stage4JumpDishA
   2990  4173		       4c c6 f1 	      jmp	Stage4ServiceDishA
   2991  4176				   Stage4JumpCollect0
   2992  4176		       4c db f1 	      jmp	Stage4ServiceCollect0
   2993  4179
   2994  4179				   Stage4ServiceHigh
   2995  4179		       f0 45		      beq	Stage4JumpCollect1
   2996  417b		       c9 06		      cmp	#6
   2997  417d		       90 16		      bcc	Stage4ServiceDishC
   2998  417f		       f0 2a		      beq	Stage4ServiceCollect2
   2999  4181
   3000  4181				   Stage4ServiceExit
   3001  4181		       a9 fc		      lda	#$FC
   3002  4183		       85 0e		      sta	PF1
   3003  4185		       ea		      nop
   3004  4186		       85 11		      sta	RESP1
   3005  4188		       a5 a7		      lda	exitDraw
   3006  418a		       85 a0		      sta	currentP1Mask
   3007  418c		       a5 a8		      lda	exitP1Color
   3008  418e		       85 a1		      sta	currentP1Color
   3009  4190		       85 02		      sta	WSYNC
   3010  4192		       4c 1b f2 	      jmp	Stage4OddNext
   3011  4195
   3012  4195				   Stage4ServiceDishC
   3013  4195		       a9 f8		      lda	#$F8
   3014  4197		       85 0e		      sta	PF1
   3015  4199		       ea		      nop
   3016  419a		       85 11		      sta	RESP1
   3017  419c		       85 12		      sta	RESM0
   3018  419e		       a9 ff		      lda	#$FF
   3019  41a0		       85 a0		      sta	currentP1Mask
   3020  41a2		       a5 a4		      lda	dishColorC
   3021  41a4		       85 a1		      sta	currentP1Color
   3022  41a6		       85 02		      sta	WSYNC
   3023  41a8		       4c 1b f2 	      jmp	Stage4OddNext
   3024  41ab
   3025  41ab				   Stage4ServiceCollect2
   3026  41ab		       a9 80		      lda	#$80
   3027  41ad		       85 0e		      sta	PF1
   3028  41af		       85 11		      sta	RESP1
   3029  41b1		       85 12		      sta	RESM0
   3030  41b3		       a5 9e		      lda	collectDraw2
   3031  41b5		       85 a0		      sta	currentP1Mask
   3032  41b7		       a5 a5		      lda	requiredP1Color
   3033  41b9		       85 a1		      sta	currentP1Color
   3034  41bb		       85 02		      sta	WSYNC
   3035  41bd		       4c 1b f2 	      jmp	Stage4OddNext
   3036  41c0
   3037  41c0				   Stage4JumpCollect1
   3038  41c0		       4c 04 f2 	      jmp	Stage4ServiceCollect1
   3039  41c3
   3040  41c3				   Stage4OrdinaryOdd
   3041  41c3		       4c b4 fd 	      jmp	Stage4StarOddControl
   3042  41c6
   3043  41c6							; Stage 4's authored X positions differ from Stage 1.	These handlers retain
   3044  41c6							; the identical state and WSYNC structure while moving only the RESP1 strobe.
   3045  41c6				   Stage4ServiceDishA
   3046  41c6		       85 11		      sta	RESP1
   3047  41c8		       85 12		      sta	RESM0
   3048  41ca		       a9 c0		      lda	#$C0
   3049  41cc		       85 0e		      sta	PF1
   3050  41ce		       a9 ff		      lda	#$FF
   3051  41d0		       85 a0		      sta	currentP1Mask
   3052  41d2		       a5 a2		      lda	dishColorA
   3053  41d4		       85 a1		      sta	currentP1Color
   3054  41d6		       85 02		      sta	WSYNC
   3055  41d8		       4c 1b f2 	      jmp	Stage4OddNext
   3056  41db
   3057  41db				   Stage4ServiceCollect0
   3058  41db		       a9 f8		      lda	#$F8
   3059  41dd		       85 0e		      sta	PF1
   3060  41df		       ea		      nop
   3061  41e0		       85 11		      sta	RESP1
   3062  41e2		       a5 9c		      lda	collectDraw0
   3063  41e4		       85 a0		      sta	currentP1Mask
   3064  41e6		       a5 a5		      lda	requiredP1Color
   3065  41e8		       85 a1		      sta	currentP1Color
   3066  41ea		       85 02		      sta	WSYNC
   3067  41ec		       4c 1b f2 	      jmp	Stage4OddNext
   3068  41ef
   3069  41ef				   Stage4ServiceDishB
   3070  41ef		       85 11		      sta	RESP1
   3071  41f1		       85 12		      sta	RESM0
   3072  41f3		       a9 c0		      lda	#$C0
   3073  41f5		       85 0e		      sta	PF1
   3074  41f7		       a9 ff		      lda	#$FF
   3075  41f9		       85 a0		      sta	currentP1Mask
   3076  41fb		       a5 a3		      lda	dishColorB
   3077  41fd		       85 a1		      sta	currentP1Color
   3078  41ff		       85 02		      sta	WSYNC
   3079  4201		       4c 1b f2 	      jmp	Stage4OddNext
   3080  4204
   3081  4204				   Stage4ServiceCollect1
   3082  4204		       ea		      nop
   3083  4205		       ea		      nop
   3084  4206		       85 11		      sta	RESP1
   3085  4208		       85 12		      sta	RESM0
   3086  420a		       a9 e0		      lda	#$E0
   3087  420c		       85 0e		      sta	PF1
   3088  420e		       a5 9d		      lda	collectDraw1
   3089  4210		       85 a0		      sta	currentP1Mask
   3090  4212		       a5 a5		      lda	requiredP1Color
   3091  4214		       85 a1		      sta	currentP1Color
   3092  4216		       85 02		      sta	WSYNC
   3093  4218		       4c 1b f2 	      jmp	Stage4OddNext
   3094  421b
   3095  421b				   Stage4OddNext
   3096  421b		       e8		      inx
   3097  421c		       e0 b0		      cpx	#ROOM_LINES
   3098  421e		       f0 03		      beq	Stage4OddDone
   3099  4220		       4c 17 f1 	      jmp	Stage4RoomKernel
   3100  4223				   Stage4OddDone
   3101  4223		       4c 26 f2 	      jmp	Stage4RoomDone
   3102  4226
   3103  4226				   Stage4RoomDone
   3104  4226		       a9 02		      lda	#2
   3105  4228		       85 01		      sta	VBLANK
   3106  422a		       a9 00		      lda	#0
   3107  422c		       85 0d		      sta	PF0
   3108  422e		       85 0e		      sta	PF1
   3109  4230		       85 0f		      sta	PF2
   3110  4232		       85 1b		      sta	GRP0
   3111  4234		       85 1c		      sta	GRP1
   3112  4236		       85 1e		      sta	ENAM1
   3113  4238		       85 1f		      sta	ENABL
   3114  423a		       a2 1e		      ldx	#30
   3115  423c				   Stage4OverscanLoop
   3116  423c		       85 02		      sta	WSYNC
   3117  423e		       ca		      dex
   3118  423f		       d0 fb		      bne	Stage4OverscanLoop
   3119  4241		       4c b8 fb 	      jmp	Stage4ReturnGate
   3120  4244
   3121  4587					      ORG	$4587
   3122  4587					      RORG	$F587
   3123  4587				   Stage4SuitUp
   3124  4587		       3c 7e 81 7e	      byte.b	%00111100,%01111110,%10000001,%01111110
   3125  458b		       ff 7e 66 	      byte.b	%11111111,%01111110,%01100110
   3126  458e				   Stage4SuitUpRight
   3127  458e		       3c 7e 81 7e	      byte.b	%00111100,%01111110,%10000001,%01111110
   3128  4592		       ff 7e 66 	      byte.b	%11111111,%01111110,%01100110
   3129  4595				   Stage4SuitRight
   3130  4595		       3c 7e 81 7e	      byte.b	%00111100,%01111110,%10000001,%01111110
   3131  4599		       ff 7e 66 	      byte.b	%11111111,%01111110,%01100110
   3132  459c				   Stage4SuitDownRight
   3133  459c		       3c 7e 81 7e	      byte.b	%00111100,%01111110,%10000001,%01111110
   3134  45a0		       ff 7e 66 	      byte.b	%11111111,%01111110,%01100110
   3135  45a3				   Stage4SuitDown
   3136  45a3		       3c 7e 81 7e	      byte.b	%00111100,%01111110,%10000001,%01111110
   3137  45a7		       ff 7e 66 	      byte.b	%11111111,%01111110,%01100110
   3138  45aa
   3139  45aa				   Stage4VisorEnable
   3140  45aa		       00 00 00 00*	      byte.b	0,0,0,0,0,0,0
   3141  45b1
   3142  4600					      ORG	$4600
   3143  4600					      RORG	$F600
------- FILE thursdays-child-stage4-objects.inc LEVEL 3 PASS 2
      0  4600					      include	"thursdays-child-stage4-objects.inc"
      1  4600							; Generated by tools/generate_stage_object_pages.py; do not hand-edit.
      2  4600				   Stage4WorldGraphics
      3  4600		       00 00 00 00*	      byte.b	$00,$00,$00,$00,$00,$00,$00,$00,$00,$00,$00,$00,$00,$10,$00,$18
      4  4610		       00 7c 00 fe*	      byte.b	$00,$7C,$00,$FE,$00,$7C,$00,$18,$00,$10,$00,$00,$00,$00,$00,$00
      5  4620		       00 3c 00 60*	      byte.b	$00,$3C,$00,$60,$00,$C0,$00,$C0,$00,$60,$00,$3C,$00,$18,$00,$3C
      6  4630		       00 00 00 00*	      byte.b	$00,$00,$00,$00,$00,$38,$00,$78,$00,$F0,$00,$F8,$00,$F0,$00,$78
      7  4640		       00 38 00 00*	      byte.b	$00,$38,$00,$00,$00,$00,$00,$00,$00,$00,$00,$00,$00,$00,$00,$3C
      8  4650		       00 60 00 c0*	      byte.b	$00,$60,$00,$C0,$00,$C0,$00,$60,$00,$3C,$00,$18,$00,$3C,$00,$00
      9  4660		       00 00 00 38*	      byte.b	$00,$00,$00,$38,$00,$78,$00,$F0,$00,$F8,$00,$F0,$00,$78,$00,$38
     10  4670		       00 00 00 00*	      byte.b	$00,$00,$00,$00,$00,$00,$00,$00,$00,$3C,$00,$60,$00,$C0,$00,$C0
     11  4680		       00 60 00 3c*	      byte.b	$00,$60,$00,$3C,$00,$18,$00,$3C,$00,$00,$00,$00,$00,$00,$00,$38
     12  4690		       00 78 00 f0*	      byte.b	$00,$78,$00,$F0,$00,$F8,$00,$F0,$00,$78,$00,$38,$00,$00,$00,$3C
     13  46a0		       00 7e 00 c3*	      byte.b	$00,$7E,$00,$C3,$00,$DB,$00,$DB,$00,$C3,$00,$3C,$00,$00,$00,$00
     14  46b0
     15  4700					      ORG	$4700
     16  4700					      RORG	$F700
     17  4700				   Stage4ServiceCode
     18  4700		       00 00 00 00*	      byte.b	$00,$00,$00,$00,$00,$00,$00,$00,$00,$00,$00,$00,$00,$00,$00,$00
     19  4710		       00 00 00 00*	      byte.b	$00,$00,$00,$00,$00,$00,$00,$00,$00,$00,$00,$01,$00,$00,$00,$00
     20  4720		       00 00 00 00*	      byte.b	$00,$00,$00,$00,$00,$00,$00,$00,$00,$00,$00,$00,$00,$00,$00,$00
     21  4730		       00 02 00 00*	      byte.b	$00,$02,$00,$00,$00,$00,$00,$00,$00,$00,$00,$00,$00,$00,$00,$00
     22  4740		       00 00 00 03*	      byte.b	$00,$00,$00,$03,$00,$00,$00,$00,$00,$00,$00,$00,$00,$00,$00,$00
     23  4750		       00 00 00 00*	      byte.b	$00,$00,$00,$00,$00,$00,$00,$00,$00,$00,$00,$00,$00,$00,$00,$04
     24  4760		       00 00 00 00*	      byte.b	$00,$00,$00,$00,$00,$00,$00,$00,$00,$00,$00,$00,$00,$00,$00,$00
     25  4770		       00 05 00 00*	      byte.b	$00,$05,$00,$00,$00,$00,$00,$00,$00,$00,$00,$00,$00,$00,$00,$00
     26  4780		       00 00 00 00*	      byte.b	$00,$00,$00,$00,$00,$00,$00,$00,$00,$06,$00,$00,$00,$00,$00,$00
     27  4790		       00 00 00 00*	      byte.b	$00,$00,$00,$00,$00,$00,$00,$00,$00,$00,$00,$00,$00,$07,$00,$00
     28  47a0		       00 00 00 00*	      byte.b	$00,$00,$00,$00,$00,$00,$00,$00,$00,$00,$00,$00,$00,$00,$00,$00
------- FILE thursdays-child.asm
   3145  47b0
   3146  4800					      ORG	$4800
   3147  4800					      RORG	$F800
   3148  4800				   Stage4TerrainColor
   3149  4800							; Mauve/blue variation four: brighter walls around a dark middle.
   3150  4800		       6e 6c 6a 68*	      byte.b	$6E,$6C,$6A,$68,$66,$68,$6A,$6C
   3151  4808		       82 82 82 82*	      ds	8,$82
   3152  4810		       84 84 84 84*	      ds	8,$84
   3153  4818		       86 86 86 86*	      ds	8,$86
   3154  4820		       88 88 88 88*	      ds	8,$88
   3155  4828		       8a 8a 8a 8a*	      ds	8,$8A
   3156  4830		       8c 8c 8c 8c*	      ds	8,$8C
   3157  4838		       8e 8e 8e 8e*	      ds	8,$8E
   3158  4840		       8c 8c 8c 8c*	      ds	8,$8C
   3159  4848		       8a 8a 8a 8a*	      ds	8,$8A
   3160  4850		       88 88 88 88*	      ds	8,$88
   3161  4858		       86 86 86 86*	      ds	8,$86
   3162  4860		       84 84 84 84*	      ds	8,$84
   3163  4868		       82 82 82 82*	      ds	8,$82
   3164  4870		       92 92 92 92*	      ds	8,$92
   3165  4878		       94 94 94 94*	      ds	8,$94
   3166  4880		       96 96 96 96*	      ds	8,$96
   3167  4888		       98 98 98 98*	      ds	8,$98
   3168  4890		       9a 9a 9a 9a*	      ds	8,$9A
   3169  4898		       98 98 98 98*	      ds	8,$98
   3170  48a0		       96 96 96 96*	      ds	8,$96
   3171  48a8		       94 94 94 94*	      ds	8,$94
   3172  48b0		       92 92 92 92*	      ds	8,$92
   3173  48b8
   3174  4900					      ORG	$4900
   3175  4900					      RORG	$F900
   3176  4900				   Stage4TerrainLeftPF1
   3177  4900		       ff ff ff ff*	      ds	8,$FF
   3178  4908		       c0 c0 c0 c0*	      ds	8,$C0
   3179  4910		       e0 e0 e0 e0*	      ds	8,$E0
   3180  4918		       c0 c0 c0 c0*	      ds	8,$C0
   3181  4920		       80 80 80 80*	      ds	8,$80
   3182  4928		       00 00 00 00*	      ds	8,$00
   3183  4930		       80 80 80 80*	      ds	8,$80
   3184  4938		       e0 e0 e0 e0*	      ds	8,$E0
   3185  4940		       fc fc fc fc*	      ds	8,$FC
   3186  4948		       f8 f8 f8 f8*	      ds	8,$F8
   3187  4950		       c0 c0 c0 c0*	      ds	8,$C0
   3188  4958		       00 00 00 00*	      ds	8,$00
   3189  4960		       80 80 80 80*	      ds	8,$80
   3190  4968		       e0 e0 e0 e0*	      ds	8,$E0
   3191  4970		       fc fc fc fc*	      ds	8,$FC
   3192  4978		       ff ff ff ff*	      ds	8,$FF
   3193  4980		       f8 f8 f8 f8*	      ds	8,$F8
   3194  4988		       e0 e0 e0 e0*	      ds	8,$E0
   3195  4990		       80 80 80 80*	      ds	8,$80
   3196  4998		       00 00 00 00*	      ds	8,$00
   3197  49a0		       ff ff ff ff*	      ds	8,$FF
   3198  49a8
   3199  4a00					      ORG	$4A00
   3200  4a00					      RORG	$FA00
   3201  4a00				   Stage4TerrainRightPF1
   3202  4a00		       ff ff ff ff*	      ds	8,$FF
   3203  4a08		       00 00 00 00*	      ds	8,$00
   3204  4a10		       80 80 80 80*	      ds	8,$80
   3205  4a18		       c0 c0 c0 c0*	      ds	8,$C0
   3206  4a20		       f0 f0 f0 f0*	      ds	8,$F0
   3207  4a28		       fc fc fc fc*	      ds	8,$FC
   3208  4a30		       f8 f8 f8 f8*	      ds	8,$F8
   3209  4a38		       f8 f8 f8 f8*	      ds	8,$F8
   3210  4a40		       c0 c0 c0 c0*	      ds	8,$C0
   3211  4a48		       00 00 00 00*	      ds	8,$00
   3212  4a50		       80 80 80 80*	      ds	8,$80
   3213  4a58		       e0 e0 e0 e0*	      ds	8,$E0
   3214  4a60		       fc fc fc fc*	      ds	8,$FC
   3215  4a68		       ff ff ff ff*	      ds	8,$FF
   3216  4a70		       f8 f8 f8 f8*	      ds	8,$F8
   3217  4a78		       c0 c0 c0 c0*	      ds	8,$C0
   3218  4a80		       00 00 00 00*	      ds	8,$00
   3219  4a88		       80 80 80 80*	      ds	8,$80
   3220  4a90		       e0 e0 e0 e0*	      ds	8,$E0
   3221  4a98		       fc fc fc fc*	      ds	8,$FC
   3222  4aa0		       f0 f0 f0 f0*	      ds	8,$F0
   3223  4aa8		       ff ff ff ff*	      ds	8,$FF
   3224  4ab0
   3225  4b00					      ORG	$4B00
   3226  4b00					      RORG	$FB00
   3227  4b00				   Stage4TerrainPF2
   3228  4b00		       ff ff ff ff*	      ds	8,$FF
   3229  4b08		       00 00 00 00*	      ds	160,$00
   3230  4ba8		       ff ff ff ff*	      ds	8,$FF
   3231  4bb0
   3232  4bb3					      ORG	$4BB3
   3233  4bb3					      RORG	$FBB3
   3234  4bb3				   Stage4EntryLanding
   3235  4bb3		       4c 00 f1 	      jmp	Stage4RoomStart
   3236  4bb6
   3237  4bb8					      ORG	$4BB8
   3238  4bb8					      RORG	$FBB8
   3239  4bb8				   Stage4ReturnGate
   3240  4bb8		       ad fb ff 	      lda	$FFFB
   3241  4bbb
   3242  4c00					      ORG	$4C00
   3243  4c00					      RORG	$FC00
   3244  4c00				   Stage4StarEnable
   3245  4c00				  -	      IFCONST	STARFIELD_LAB
   3246  4c00				  -	      ds	16,0
   3247  4c00				  -	      byte	$02
   3248  4c00				  -	      ds	15,0
   3249  4c00				  -	      byte	$02
   3250  4c00				  -	      ds	19,0
   3251  4c00				  -	      byte	$02
   3252  4c00				  -	      ds	21,0
   3253  4c00				  -	      byte	$02
   3254  4c00				  -	      ds	13,0
   3255  4c00				  -	      byte	$02
   3256  4c00				  -	      ds	15,0
   3257  4c00				  -	      byte	$02
   3258  4c00				  -	      ds	19,0
   3259  4c00				  -	      byte	$02
   3260  4c00				  -	      ds	9,0
   3261  4c00				  -	      byte	$02
   3262  4c00				  -	      ds	15,0
   3263  4c00				  -	      byte	$02
   3264  4c00				  -	      ds	17,0
   3265  4c00				  -	      byte	$02
   3266  4c00				  -	      ds	7,0
   3267  4c00					      ELSE
   3268  4c00		       00 00 00 00*	      ds	176,0
   3269  4cb0					      ENDIF
   3270  4cb0
   3271  4d00					      ORG	$4D00
   3272  4d00					      RORG	$FD00
   3273  4d00				   Stage4StarControl
   3274  4d00				  -	      IFCONST	STARFIELD_LAB
   3275  4d00				  -	      ds	15,0
   3276  4d00				  -	      byte	$10,0,$80
   3277  4d00				  -	      ds	13,0
   3278  4d00				  -	      byte	$11,0,$80
   3279  4d00				  -	      ds	17,0
   3280  4d00				  -	      byte	$12,0,$80
   3281  4d00				  -	      ds	19,0
   3282  4d00				  -	      byte	$13,0,$80
   3283  4d00				  -	      ds	11,0
   3284  4d00				  -	      byte	$11,0,$80
   3285  4d00				  -	      ds	13,0
   3286  4d00				  -	      byte	$10,0,$80
   3287  4d00				  -	      ds	17,0
   3288  4d00				  -	      byte	$13,0,$80
   3289  4d00				  -	      ds	7,0
   3290  4d00				  -	      byte	$12,0,$80
   3291  4d00				  -	      ds	13,0
   3292  4d00				  -	      byte	$10,0,$80
   3293  4d00				  -	      ds	15,0
   3294  4d00				  -	      byte	$12,0,$80
   3295  4d00				  -	      ds	6,0
   3296  4d00					      ELSE
   3297  4d00		       00 00 00 00*	      ds	176,0
   3298  4db0					      ENDIF
   3299  4db0				   Stage4StarFadeColors
   3300  4db0		       02 02 02 00	      byte.b	$02,$02,$02,$00
   3301  4db4				   Stage4StarOddControl
   3302  4db4		       bd 00 fa 	      lda	TerrainRightPF1,x
   3303  4db7		       85 0e		      sta	PF1
   3304  4db9		       bd 00 fd 	      lda	Stage4StarControl,x
   3305  4dbc		       f0 17		      beq	.sync
   3306  4dbe		       30 0f		      bmi	.restore
   3307  4dc0		       45 b3		      eor	bestBeacon
   3308  4dc2		       29 03		      and	#3
   3309  4dc4		       a8		      tay
   3310  4dc5		       b9 b0 fd 	      lda	Stage4StarFadeColors,y
   3311  4dc8		       85 ae		      sta	visorEnable
   3312  4dca		       85 1d		      sta	ENAM0
   3313  4dcc		       4c d5 fd 	      jmp	.sync
   3314  4dcf				   .restore
   3315  4dcf		       a9 00		      lda	#0
   3316  4dd1		       85 ae		      sta	visorEnable
   3317  4dd3		       85 1d		      sta	ENAM0
   3318  4dd5				   .sync
   3319  4dd5		       85 02		      sta	WSYNC
   3320  4dd7		       4c 1b f2 	      jmp	Stage4OddNext
   3321  4dda
   3322  4ffa					      ORG	$4FFA
   3323  4ffa					      RORG	$FFFA
   3324  4ffa		       00 f0 00 f0*	      word.w	$F000,$F000,$F000
   3325  5000
   3326  5000							; ---------------------------------------------------------------------------
   3327  5000							; BANK 7 — fixed reset, frame, renderer, room and astronaut art.
   3328  5000							; Its virtual addresses are unchanged from the approved F8 display bank.
   3329  5000							; ---------------------------------------------------------------------------
   3330  5000
   3331  6000 ????				      SEG	BANK5
   3332  5000					      ORG	$5000
   3333  5000					      RORG	$F000
   3334  5000				   Bank5Boot
   3335  5000		       ad fb ff 	      lda	$FFFB
   3336  5003		       4c 06 f0 	      jmp	$F006
   3337  5006
   3338  5006							; ---------------------------------------------------------------------------
   3339  5006							; STAGE 3 ROOM BANK
   3340  5006							;
   3341  5006							; Bank 6 owns a complete, scanline-stable room kernel and its own terrain
   3342  5006							; pages.  No bank switch occurs while the beam is drawing the room.  The
   3343  5006							; astronaut art is repeated at the same virtual addresses used by Bank 7, so
   3344  5006							; SelectPose can prepare one pointer format for both stages.
   3345  5006							; ---------------------------------------------------------------------------
   3346  5100					      ORG	$5100
   3347  5100					      RORG	$F100
   3348  5100				   Stage3RoomStart
   3349  5100		       ad 00 f8 	      lda	TerrainColor
   3350  5103		       85 08		      sta	COLUPF
   3351  5105		       a9 00		      lda	#0
   3352  5107		       85 1b		      sta	GRP0
   3353  5109		       85 1c		      sta	GRP1
   3354  510b		       85 1d		      sta	ENAM0
   3355  510d		       85 1e		      sta	ENAM1
   3356  510f		       a2 00		      ldx	#0
   3357  5111		       85 02		      sta	WSYNC
   3358  5113		       a9 f0		      lda	#$F0
   3359  5115		       85 0d		      sta	PF0
   3360  5117
   3361  5117				   Stage3RoomKernel
   3362  5117		       bd 00 f8 	      lda	TerrainColor,x
   3363  511a		       85 08		      sta	COLUPF
   3364  511c				   Stage3RoomGeometry
   3365  511c		       bd 00 f9 	      lda	TerrainLeftPF1,x
   3366  511f		       85 0e		      sta	PF1
   3367  5121		       bd 00 fb 	      lda	TerrainPF2,x
   3368  5124		       85 0f		      sta	PF2
   3369  5126		       bd 00 fa 	      lda	TerrainRightPF1,x
   3370  5129		       85 0e		      sta	PF1
   3371  512b
   3372  512b		       8a		      txa
   3373  512c		       38		      sec
   3374  512d		       e5 ad		      sbc	renderTomY
   3375  512f		       c9 0e		      cmp	#ASTRONAUT_H
   3376  5131		       90 0d		      bcc	Stage3DrawTom
   3377  5133		       bd 00 fc 	      lda	StarEnable,x
   3378  5136		       25 ae		      and	visorEnable
   3379  5138		       85 1d		      sta	ENAM0
   3380  513a		       a9 00		      lda	#0
   3381  513c		       85 1b		      sta	GRP0
   3382  513e		       f0 0c		      beq	Stage3StarEvenReady
   3383  5140				   Stage3DrawTom
   3384  5140		       4a		      lsr
   3385  5141		       a8		      tay
   3386  5142		       b1 ab		      lda	(suitPtr),y
   3387  5144		       85 1b		      sta	GRP0
   3388  5146		       a9 00		      lda	#0
   3389  5148		       85 1d		      sta	ENAM0
   3390  514a		       f0 02		      beq	Stage3EvenReady
   3391  514c				   Stage3StarEvenReady
   3392  514c		       85 1d		      sta	ENAM0
   3393  514e				   Stage3EvenReady
   3394  514e		       85 02		      sta	WSYNC
   3395  5150		       e8		      inx
   3396  5151
   3397  5151		       bd 00 f6 	      lda	WorldGraphics,x
   3398  5154		       25 a0		      and	currentP1Mask
   3399  5156		       85 1c		      sta	GRP1
   3400  5158		       a5 a1		      lda	currentP1Color
   3401  515a		       85 07		      sta	COLUP1
   3402  515c		       bd 00 f9 	      lda	TerrainLeftPF1,x
   3403  515f		       85 0e		      sta	PF1
   3404  5161		       bd 00 f7 	      lda	ServiceCode,x
   3405  5164		       f0 5b		      beq	Stage3OrdinaryOdd
   3406  5166		       c9 04		      cmp	#4
   3407  5168		       b0 0f		      bcs	Stage3ServiceHigh
   3408  516a		       c9 02		      cmp	#2
   3409  516c		       90 05		      bcc	Stage3JumpDishA
   3410  516e		       f0 06		      beq	Stage3JumpCollect0
   3411  5170		       4c ea f1 	      jmp	Stage3ServiceDishB
   3412  5173				   Stage3JumpDishA
   3413  5173		       4c c4 f1 	      jmp	Stage3ServiceDishA
   3414  5176				   Stage3JumpCollect0
   3415  5176		       4c d7 f1 	      jmp	Stage3ServiceCollect0
   3416  5179
   3417  5179				   Stage3ServiceHigh
   3418  5179		       f0 43		      beq	Stage3JumpCollect1
   3419  517b		       c9 06		      cmp	#6
   3420  517d		       90 19		      bcc	Stage3ServiceDishC
   3421  517f		       f0 2a		      beq	Stage3ServiceCollect2
   3422  5181
   3423  5181				   Stage3ServiceExit
   3424  5181					      IFCONST	CHAPTER2_ZONE3_LAB
   3425  5181		       24 af		      bit	temp
   3426  5183		       ea		      nop
   3427  5184		       ea		      nop
   3428  5185				  -	      ELSE
   3429  5185				  -	      nop
   3430  5185					      ENDIF
   3431  5185		       85 11		      sta	RESP1
   3432  5187					      IFCONST	CHAPTER2_ZONE3_LAB
   3433  5187		       a9 f8		      lda	#$F8
   3434  5189				  -	      ELSE
   3435  5189				  -	      lda	#$C0
   3436  5189					      ENDIF
   3437  5189		       85 0e		      sta	PF1
   3438  518b		       a5 a7		      lda	exitDraw
   3439  518d		       85 a0		      sta	currentP1Mask
   3440  518f		       a5 a8		      lda	exitP1Color
   3441  5191		       85 a1		      sta	currentP1Color
   3442  5193		       85 02		      sta	WSYNC
   3443  5195		       4c 17 f2 	      jmp	Stage3OddNext
   3444  5198
   3445  5198				   Stage3ServiceDishC
   3446  5198		       85 11		      sta	RESP1
   3447  519a				  -	      IFNCONST	CHAPTER2_ZONE3_LAB
   3448  519a				  -	      sta	RESM0
   3449  519a					      ENDIF
   3450  519a		       a9 00		      lda	#$00
   3451  519c		       85 0e		      sta	PF1
   3452  519e		       a9 ff		      lda	#$FF
   3453  51a0		       85 a0		      sta	currentP1Mask
   3454  51a2		       a5 a4		      lda	dishColorC
   3455  51a4		       85 a1		      sta	currentP1Color
   3456  51a6		       85 02		      sta	WSYNC
   3457  51a8		       4c 17 f2 	      jmp	Stage3OddNext
   3458  51ab
   3459  51ab				   Stage3ServiceCollect2
   3460  51ab					      IFCONST	CHAPTER2_ZONE3_LAB
   3461  51ab		       85 11		      sta	RESP1
   3462  51ad		       a9 e0		      lda	#$E0
   3463  51af		       85 0e		      sta	PF1
   3464  51b1				  -	      ELSE
   3465  51b1				  -	      lda	#$FC
   3466  51b1				  -	      sta	PF1
   3467  51b1				  -	      nop
   3468  51b1				  -	      sta	RESP1
   3469  51b1				  -	      sta	RESM0
   3470  51b1					      ENDIF
   3471  51b1		       a5 9e		      lda	collectDraw2
   3472  51b3		       85 a0		      sta	currentP1Mask
   3473  51b5		       a5 a5		      lda	requiredP1Color
   3474  51b7		       85 a1		      sta	currentP1Color
   3475  51b9		       85 02		      sta	WSYNC
   3476  51bb		       4c 17 f2 	      jmp	Stage3OddNext
   3477  51be
   3478  51be				   Stage3JumpCollect1
   3479  51be		       4c 01 f2 	      jmp	Stage3ServiceCollect1
   3480  51c1
   3481  51c1				   Stage3OrdinaryOdd
   3482  51c1		       4c b4 fd 	      jmp	Stage3StarOddControl
   3483  51c4
   3484  51c4							; Stage 3's authored X positions differ from Stage 1.	These handlers retain
   3485  51c4							; the identical state and WSYNC structure while moving only the RESP1 strobe.
   3486  51c4				   Stage3ServiceDishA
   3487  51c4					      IFCONST	CHAPTER2_ZONE3_LAB
   3488  51c4		       85 11		      sta	RESP1
   3489  51c6		       a9 f0		      lda	#$F0
   3490  51c8		       85 0e		      sta	PF1
   3491  51ca				  -	      ELSE
   3492  51ca				  -	      lda	#$F8
   3493  51ca				  -	      sta	PF1
   3494  51ca				  -	      nop
   3495  51ca				  -	      nop
   3496  51ca				  -	      sta	RESP1
   3497  51ca				  -	      sta	RESM0
   3498  51ca					      ENDIF
   3499  51ca		       a9 ff		      lda	#$FF
   3500  51cc		       85 a0		      sta	currentP1Mask
   3501  51ce		       a5 a2		      lda	dishColorA
   3502  51d0		       85 a1		      sta	currentP1Color
   3503  51d2		       85 02		      sta	WSYNC
   3504  51d4		       4c 17 f2 	      jmp	Stage3OddNext
   3505  51d7
   3506  51d7				   Stage3ServiceCollect0
   3507  51d7					      IFCONST	CHAPTER2_ZONE3_LAB
   3508  51d7		       85 11		      sta	RESP1
   3509  51d9		       a9 c0		      lda	#$C0
   3510  51db		       85 0e		      sta	PF1
   3511  51dd				  -	      ELSE
   3512  51dd				  -	      lda	#$F8
   3513  51dd				  -	      sta	PF1
   3514  51dd				  -	      sta	RESP1
   3515  51dd					      ENDIF
   3516  51dd		       a5 9c		      lda	collectDraw0
   3517  51df		       85 a0		      sta	currentP1Mask
   3518  51e1		       a5 a5		      lda	requiredP1Color
   3519  51e3		       85 a1		      sta	currentP1Color
   3520  51e5		       85 02		      sta	WSYNC
   3521  51e7		       4c 17 f2 	      jmp	Stage3OddNext
   3522  51ea
   3523  51ea				   Stage3ServiceDishB
   3524  51ea					      IFCONST	CHAPTER2_ZONE3_LAB
   3525  51ea		       a9 00		      lda	#$00
   3526  51ec		       85 0e		      sta	PF1
   3527  51ee		       ea		      nop
   3528  51ef		       ea		      nop
   3529  51f0		       ea		      nop
   3530  51f1		       ea		      nop
   3531  51f2				  -	      ELSE
   3532  51f2				  -	      lda	#$80
   3533  51f2				  -	      sta	PF1
   3534  51f2					      ENDIF
   3535  51f2		       85 11		      sta	RESP1
   3536  51f4				  -	      IFNCONST	CHAPTER2_ZONE3_LAB
   3537  51f4				  -	      sta	RESM0
   3538  51f4					      ENDIF
   3539  51f4		       a9 ff		      lda	#$FF
   3540  51f6		       85 a0		      sta	currentP1Mask
   3541  51f8		       a5 a3		      lda	dishColorB
   3542  51fa		       85 a1		      sta	currentP1Color
   3543  51fc		       85 02		      sta	WSYNC
   3544  51fe		       4c 17 f2 	      jmp	Stage3OddNext
   3545  5201
   3546  5201				   Stage3ServiceCollect1
   3547  5201					      IFCONST	CHAPTER2_ZONE3_LAB
   3548  5201		       a9 00		      lda	#$00
   3549  5203		       85 0e		      sta	PF1
   3550  5205		       24 af		      bit	temp
   3551  5207		       ea		      nop
   3552  5208		       85 11		      sta	RESP1
   3553  520a				  -	      ELSE
   3554  520a				  -	      sta	RESP1
   3555  520a				  -	      sta	RESM0
   3556  520a				  -	      lda	#$E0
   3557  520a				  -	      sta	PF1
   3558  520a					      ENDIF
   3559  520a		       a5 9d		      lda	collectDraw1
   3560  520c		       85 a0		      sta	currentP1Mask
   3561  520e		       a5 a5		      lda	requiredP1Color
   3562  5210		       85 a1		      sta	currentP1Color
   3563  5212		       85 02		      sta	WSYNC
   3564  5214		       4c 17 f2 	      jmp	Stage3OddNext
   3565  5217
   3566  5217				   Stage3OddNext
   3567  5217		       e8		      inx
   3568  5218					      IFCONST	CHAPTER2_ZONE3_LAB
   3569  5218		       e0 aa		      cpx	#170
   3570  521a		       f0 03		      beq	.zone3FloorReady
   3571  521c		       4c 17 f1 	      jmp	Stage3RoomKernel
   3572  521f				   .zone3FloorReady
   3573  521f		       4c b0 fc 	      jmp	Stage3ElasticFloorKernel
   3574  5222				  -	      ELSE
   3575  5222				  -	      cpx	#ROOM_LINES
   3576  5222				  -	      beq	Stage3OddDone
   3577  5222				  -	      jmp	Stage3RoomKernel
   3578  5222					      ENDIF
   3579  5222				   Stage3OddDone
   3580  5222		       4c 25 f2 	      jmp	Stage3RoomDone
   3581  5225
   3582  5225				   Stage3RoomDone
   3583  5225		       a9 02		      lda	#2
   3584  5227		       85 01		      sta	VBLANK
   3585  5229		       a9 00		      lda	#0
   3586  522b		       85 0d		      sta	PF0
   3587  522d		       85 0e		      sta	PF1
   3588  522f		       85 0f		      sta	PF2
   3589  5231		       85 1b		      sta	GRP0
   3590  5233		       85 1c		      sta	GRP1
   3591  5235		       85 1e		      sta	ENAM1
   3592  5237		       85 1f		      sta	ENABL
   3593  5239		       a2 1e		      ldx	#30
   3594  523b				   Stage3OverscanLoop
   3595  523b		       85 02		      sta	WSYNC
   3596  523d		       ca		      dex
   3597  523e		       d0 fb		      bne	Stage3OverscanLoop
   3598  5240		       4c c8 fb 	      jmp	Stage3ReturnGate
   3599  5243
   3600  5587					      ORG	$5587
   3601  5587					      RORG	$F587
   3602  5587				   Stage3SuitUp
   3603  5587		       3c 7e 81 7e	      byte.b	%00111100,%01111110,%10000001,%01111110
   3604  558b		       ff 7e 66 	      byte.b	%11111111,%01111110,%01100110
   3605  558e				   Stage3SuitUpRight
   3606  558e		       3c 7e 81 7e	      byte.b	%00111100,%01111110,%10000001,%01111110
   3607  5592		       ff 7e 66 	      byte.b	%11111111,%01111110,%01100110
   3608  5595				   Stage3SuitRight
   3609  5595		       3c 7e 81 7e	      byte.b	%00111100,%01111110,%10000001,%01111110
   3610  5599		       ff 7e 66 	      byte.b	%11111111,%01111110,%01100110
   3611  559c				   Stage3SuitDownRight
   3612  559c		       3c 7e 81 7e	      byte.b	%00111100,%01111110,%10000001,%01111110
   3613  55a0		       ff 7e 66 	      byte.b	%11111111,%01111110,%01100110
   3614  55a3				   Stage3SuitDown
   3615  55a3		       3c 7e 81 7e	      byte.b	%00111100,%01111110,%10000001,%01111110
   3616  55a7		       ff 7e 66 	      byte.b	%11111111,%01111110,%01100110
   3617  55aa
   3618  55aa				   Stage3VisorEnable
   3619  55aa		       00 00 00 00*	      byte.b	0,0,0,0,0,0,0
   3620  55b1
   3621  5600					      ORG	$5600
   3622  5600					      RORG	$F600
   3623  5600					      IFCONST	CHAPTER2_ZONE3_LAB
------- FILE thursdays-child-stage3-zone2-3-objects.inc LEVEL 3 PASS 2
      0  5600					      include	"thursdays-child-stage3-zone2-3-objects.inc"
      1  5600							; Generated by tools/generate_stage_object_pages.py; do not hand-edit.
      2  5600				   Stage3WorldGraphics
      3  5600		       00 00 00 00*	      byte.b	$00,$00,$00,$00,$00,$00,$00,$00,$00,$00,$00,$10,$00,$18,$00,$7C
      4  5610		       00 fe 00 7c*	      byte.b	$00,$FE,$00,$7C,$00,$18,$00,$10,$00,$00,$00,$3C,$00,$60,$00,$C0
      5  5620		       00 c0 00 60*	      byte.b	$00,$C0,$00,$60,$00,$3C,$00,$18,$00,$3C,$00,$00,$00,$00,$00,$00
      6  5630		       00 38 00 78*	      byte.b	$00,$38,$00,$78,$00,$F0,$00,$F8,$00,$F0,$00,$78,$00,$38,$00,$00
      7  5640		       00 00 00 00*	      byte.b	$00,$00,$00,$00,$00,$00,$00,$00,$00,$00,$00,$00,$00,$00,$00,$00
      8  5650		       00 3c 00 60*	      byte.b	$00,$3C,$00,$60,$00,$C0,$00,$C0,$00,$60,$00,$3C,$00,$18,$00,$3C
      9  5660		       00 00 00 38*	      byte.b	$00,$00,$00,$38,$00,$78,$00,$F0,$00,$F8,$00,$F0,$00,$78,$00,$38
     10  5670		       00 00 00 00*	      byte.b	$00,$00,$00,$00,$00,$00,$00,$00,$00,$00,$00,$00,$00,$00,$00,$00
     11  5680		       00 00 00 3c*	      byte.b	$00,$00,$00,$3C,$00,$60,$00,$C0,$00,$C0,$00,$60,$00,$3C,$00,$18
     12  5690		       00 3c 00 38*	      byte.b	$00,$3C,$00,$38,$00,$78,$00,$F0,$00,$F8,$00,$F0,$00,$78,$00,$38
     13  56a0		       00 00 00 3c*	      byte.b	$00,$00,$00,$3C,$00,$7E,$00,$C3,$00,$DB,$00,$DB,$00,$C3,$00,$3C
     14  56b0
     15  5700					      ORG	$5700
     16  5700					      RORG	$F700
     17  5700				   Stage3ServiceCode
     18  5700		       00 00 00 00*	      byte.b	$00,$00,$00,$00,$00,$00,$00,$00,$00,$00,$00,$00,$00,$00,$00,$00
     19  5710		       00 00 00 00*	      byte.b	$00,$00,$00,$00,$00,$01,$00,$00,$00,$00,$00,$00,$00,$00,$00,$00
     20  5720		       00 00 00 00*	      byte.b	$00,$00,$00,$00,$00,$00,$00,$00,$00,$00,$00,$02,$00,$00,$00,$00
     21  5730		       00 00 00 00*	      byte.b	$00,$00,$00,$00,$00,$00,$00,$00,$00,$00,$00,$00,$00,$00,$00,$00
     22  5740		       00 00 00 00*	      byte.b	$00,$00,$00,$00,$00,$00,$00,$00,$00,$03,$00,$00,$00,$00,$00,$00
     23  5750		       00 00 00 00*	      byte.b	$00,$00,$00,$00,$00,$00,$00,$00,$00,$00,$00,$00,$00,$00,$00,$00
     24  5760		       00 04 00 00*	      byte.b	$00,$04,$00,$00,$00,$00,$00,$00,$00,$00,$00,$00,$00,$00,$00,$00
     25  5770		       00 00 00 00*	      byte.b	$00,$00,$00,$00,$00,$00,$00,$05,$00,$00,$00,$00,$00,$00,$00,$00
     26  5780		       00 00 00 00*	      byte.b	$00,$00,$00,$00,$00,$00,$00,$00,$00,$00,$00,$00,$00,$00,$00,$00
     27  5790		       00 06 00 00*	      byte.b	$00,$06,$00,$00,$00,$00,$00,$00,$00,$00,$00,$00,$00,$00,$00,$00
     28  57a0		       00 07 00 00*	      byte.b	$00,$07,$00,$00,$00,$00,$00,$00,$00,$00,$00,$00,$00,$00,$00,$00
------- FILE thursdays-child.asm
   3625  57b0				  -	      ELSE
   3626  57b0				  -	      include	"thursdays-child-stage3-objects.inc"
   3627  57b0					      ENDIF
   3628  57b0
   3629  5800					      ORG	$5800
   3630  5800					      RORG	$F800
   3631  5800				   Stage3TerrainColor
   3632  5800					      IFCONST	CHAPTER2_ZONE3_LAB
   3633  5800							; Chapter Two's yellow divider and orange cavern frame surround three
   3634  5800							; medium center platforms. The upper/lower rainbow ramps are elastic;
   3635  5800							; the darker middle platform is ordinary rock.
   3636  5800		       2a 2c 2e 2c*	      byte.b	$2A,$2C,$2E,$2C,$2A,$28,$2A,$2C
   3637  5808		       3e 3e 3e 3e*	      ds	8,$3E
   3638  5810		       3c 3c 3c 3c*	      ds	8,$3C
   3639  5818		       3a 3a 3a 3a*	      ds	8,$3A
   3640  5820		       38 38 38 38*	      ds	8,$38
   3641  5828		       36 36 36 36*	      ds	8,$36
   3642  5830		       34 34 34 34*	      ds	8,$34
   3643  5838		       32 32 32 32*	      ds	8,$32
   3644  5840		       4c 3e 2e ce*	      byte.b	$4C,$3E,$2E,$CE,$AE,$8E,$6E,$5E
   3645  5848		       34 34 34 34*	      ds	8,$34
   3646  5850		       38 38 38 38*	      ds	8,$38
   3647  5858		       3c 3c 3c 3c*	      ds	8,$3C
   3648  5860		       3a 3a 3a 3a*	      ds	8,$3A
   3649  5868		       4c 3e 2e ce*	      byte.b	$4C,$3E,$2E,$CE,$AE,$8E,$6E,$5E
   3650  5870		       34 34 34 34*	      ds	8,$34
   3651  5878		       32 32 32 32*	      ds	8,$32
   3652  5880		       34 34 34 34*	      ds	8,$34
   3653  5888		       36 36 36 36*	      ds	8,$36
   3654  5890		       38 38 38 38*	      ds	8,$38
   3655  5898		       3a 3a 3a 3a*	      ds	8,$3A
   3656  58a0		       3c 3c 3c 3c*	      ds	8,$3C
   3657  58a8		       4c 3e 2e ce*	      byte.b	$4C,$3E,$2E,$CE,$AE,$8E,$6E,$5E
   3658  58b0				  -	      ELSE
   3659  58b0				  -			; Lavender/indigo variation three, with a darker hourglass center.
   3660  58b0				  -	      byte	$8E,$8C,$8A,$88,$86,$88,$8A,$8C
   3661  58b0				  -	      ds	8,$72
   3662  58b0				  -	      ds	8,$74
   3663  58b0				  -	      ds	8,$76
   3664  58b0				  -	      ds	8,$78
   3665  58b0				  -	      ds	8,$7A
   3666  58b0				  -	      ds	8,$7C
   3667  58b0				  -	      ds	8,$7E
   3668  58b0				  -	      ds	8,$7C
   3669  58b0				  -	      ds	8,$7A
   3670  58b0				  -	      ds	8,$78
   3671  58b0				  -	      ds	8,$76
   3672  58b0				  -	      ds	8,$74
   3673  58b0				  -	      ds	8,$72
   3674  58b0				  -	      ds	8,$82
   3675  58b0				  -	      ds	8,$84
   3676  58b0				  -	      ds	8,$86
   3677  58b0				  -	      ds	8,$88
   3678  58b0				  -	      ds	8,$8A
   3679  58b0				  -	      ds	8,$88
   3680  58b0				  -	      ds	8,$86
   3681  58b0				  -	      ds	8,$84
   3682  58b0				  -	      ds	8,$82
   3683  58b0					      ENDIF
   3684  58b0
   3685  5900					      ORG	$5900
   3686  5900					      RORG	$F900
   3687  5900				   Stage3TerrainLeftPF1
   3688  5900					      IFCONST	CHAPTER2_ZONE3_LAB
   3689  5900		       ff ff ff ff*	      ds	8,$FF
   3690  5908		       c0 c0 c0 c0*	      ds	8,$C0
   3691  5910		       80 80 80 80*	      ds	8,$80
   3692  5918		       00 00 00 00*	      ds	8,$00
   3693  5920		       80 80 80 80*	      ds	8,$80
   3694  5928		       c0 c0 c0 c0*	      ds	8,$C0
   3695  5930		       e0 e0 e0 e0*	      ds	8,$E0
   3696  5938		       f0 f0 f0 f0*	      ds	8,$F0
   3697  5940		       fc fc fc fc*	      ds	8,$FC
   3698  5948		       ff ff ff ff*	      ds	8,$FF
   3699  5950		       f8 f8 f8 f8*	      ds	8,$F8
   3700  5958		       fe fe fe fe*	      ds	8,$FE
   3701  5960		       f0 f0 f0 f0*	      ds	8,$F0
   3702  5968		       c0 c0 c0 c0*	      ds	8,$C0
   3703  5970		       80 80 80 80*	      ds	8,$80
   3704  5978		       00 00 00 00*	      ds	8,$00
   3705  5980		       c0 c0 c0 c0*	      ds	8,$C0
   3706  5988		       e0 e0 e0 e0*	      ds	8,$E0
   3707  5990		       f0 f0 f0 f0*	      ds	8,$F0
   3708  5998		       f8 f8 f8 f8*	      ds	8,$F8
   3709  59a0		       e0 e0 e0 e0*	      ds	8,$E0
   3710  59a8		       ff ff ff ff*	      ds	8,$FF
   3711  59b0				  -	      ELSE
   3712  59b0				  -	      ds	8,$FF
   3713  59b0				  -	      ds	8,$80
   3714  59b0				  -	      ds	8,$C0
   3715  59b0				  -	      ds	8,$00
   3716  59b0				  -	      ds	8,$80
   3717  59b0				  -	      ds	8,$E0
   3718  59b0				  -	      ds	8,$F8
   3719  59b0				  -	      ds	8,$E0
   3720  59b0				  -	      ds	8,$C0
   3721  59b0				  -	      ds	8,$00
   3722  59b0				  -	      ds	8,$C0
   3723  59b0				  -	      ds	8,$F8
   3724  59b0				  -	      ds	8,$FE
   3725  59b0				  -	      ds	8,$F0
   3726  59b0				  -	      ds	8,$C0
   3727  59b0				  -	      ds	8,$00
   3728  59b0				  -	      ds	8,$80
   3729  59b0				  -	      ds	8,$E0
   3730  59b0				  -	      ds	8,$F8
   3731  59b0				  -	      ds	8,$E0
   3732  59b0				  -	      ds	8,$C0
   3733  59b0				  -	      ds	8,$FF
   3734  59b0					      ENDIF
   3735  59b0
   3736  5a00					      ORG	$5A00
   3737  5a00					      RORG	$FA00
   3738  5a00				   Stage3TerrainRightPF1
   3739  5a00					      IFCONST	CHAPTER2_ZONE3_LAB
   3740  5a00		       ff ff ff ff*	      ds	8,$FF
   3741  5a08		       e0 e0 e0 e0*	      ds	8,$E0
   3742  5a10		       f0 f0 f0 f0*	      ds	8,$F0
   3743  5a18		       f8 f8 f8 f8*	      ds	8,$F8
   3744  5a20		       e0 e0 e0 e0*	      ds	8,$E0
   3745  5a28		       c0 c0 c0 c0*	      ds	8,$C0
   3746  5a30		       80 80 80 80*	      ds	8,$80
   3747  5a38		       00 00 00 00*	      ds	8,$00
   3748  5a40		       00 00 00 00*	      ds	8,$00
   3749  5a48		       00 00 00 00*	      ds	8,$00
   3750  5a50		       00 00 00 00*	      ds	8,$00
   3751  5a58		       00 00 00 00*	      ds	8,$00
   3752  5a60		       00 00 00 00*	      ds	8,$00
   3753  5a68		       00 00 00 00*	      ds	8,$00
   3754  5a70		       00 00 00 00*	      ds	8,$00
   3755  5a78		       00 00 00 00*	      ds	8,$00
   3756  5a80		       80 80 80 80*	      ds	8,$80
   3757  5a88		       c0 c0 c0 c0*	      ds	8,$C0
   3758  5a90		       e0 e0 e0 e0*	      ds	8,$E0
   3759  5a98		       f0 f0 f0 f0*	      ds	8,$F0
   3760  5aa0		       f8 f8 f8 f8*	      ds	8,$F8
   3761  5aa8		       ff ff ff ff*	      ds	8,$FF
   3762  5ab0				  -	      ELSE
   3763  5ab0				  -	      ds	8,$FF
   3764  5ab0				  -	      ds	8,$80
   3765  5ab0				  -	      ds	8,$E0
   3766  5ab0				  -	      ds	8,$F8
   3767  5ab0				  -	      ds	8,$FE
   3768  5ab0				  -	      ds	8,$FF
   3769  5ab0				  -	      ds	8,$F8
   3770  5ab0				  -	      ds	8,$C0
   3771  5ab0				  -	      ds	8,$80
   3772  5ab0				  -	      ds	8,$C0
   3773  5ab0				  -	      ds	8,$F0
   3774  5ab0				  -	      ds	8,$E0
   3775  5ab0				  -	      ds	8,$80
   3776  5ab0				  -	      ds	8,$00
   3777  5ab0				  -	      ds	8,$80
   3778  5ab0				  -	      ds	8,$E0
   3779  5ab0				  -	      ds	8,$FC
   3780  5ab0				  -	      ds	8,$FF
   3781  5ab0				  -	      ds	8,$F8
   3782  5ab0				  -	      ds	8,$C0
   3783  5ab0				  -	      ds	8,$80
   3784  5ab0				  -	      ds	8,$FF
   3785  5ab0					      ENDIF
   3786  5ab0
   3787  5b00					      ORG	$5B00
   3788  5b00					      RORG	$FB00
   3789  5b00				   Stage3TerrainPF2
   3790  5b00					      IFCONST	CHAPTER2_ZONE3_LAB
   3791  5b00		       ff ff ff ff*	      ds	8,$FF
   3792  5b08		       00 00 00 00*	      ds	56,$00
   3793  5b40		       f0 f0 f0 f0*	      ds	8,$F0
   3794  5b48		       00 00 00 00*	      ds	8,$00
   3795  5b50		       f0 f0 f0 f0*	      ds	8,$F0
   3796  5b58		       00 00 00 00*	      ds	16,$00
   3797  5b68		       f0 f0 f0 f0*	      ds	8,$F0
   3798  5b70		       00 00 00 00*	      ds	56,$00
   3799  5ba8		       ff ff ff ff*	      ds	8,$FF
   3800  5bb0				  -	      ELSE
   3801  5bb0				  -	      ds	8,$FF
   3802  5bb0				  -	      ds	160,$00
   3803  5bb0				  -	      ds	8,$FF
   3804  5bb0					      ENDIF
   3805  5bb0
   3806  5bc3					      ORG	$5BC3
   3807  5bc3					      RORG	$FBC3
   3808  5bc3				   Stage3EntryLanding
   3809  5bc3		       4c 00 f1 	      jmp	Stage3RoomStart
   3810  5bc6
   3811  5bc8					      ORG	$5BC8
   3812  5bc8					      RORG	$FBC8
   3813  5bc8				   Stage3ReturnGate
   3814  5bc8		       ad fb ff 	      lda	$FFFB
   3815  5bcb
   3816  5bcb					      IFCONST	CHAPTER2_ZONE3_LAB
   3817  5bd0					      ORG	$5BD0
   3818  5bd0					      RORG	$FBD0
   3819  5bd0				   Stage3ElasticFlowColors
   3820  5bd0		       4c 3e 2e ce*	      byte.b	$4C,$3E,$2E,$CE,$AE,$8E,$6E,$5E
   3821  5bd8					      ENDIF
   3822  5bd8
   3823  5c00					      ORG	$5C00
   3824  5c00					      RORG	$FC00
   3825  5c00				   Stage3StarEnable
   3826  5c00				  -	      IFCONST	STARFIELD_LAB
   3827  5c00				  -	      ds	16,0
   3828  5c00				  -	      byte	$02
   3829  5c00				  -	      ds	15,0
   3830  5c00				  -	      byte	$02
   3831  5c00				  -	      ds	19,0
   3832  5c00				  -	      byte	$02
   3833  5c00				  -	      ds	21,0
   3834  5c00				  -	      byte	$02
   3835  5c00				  -	      ds	13,0
   3836  5c00				  -	      byte	$02
   3837  5c00				  -	      ds	15,0
   3838  5c00				  -	      byte	$02
   3839  5c00				  -	      ds	19,0
   3840  5c00				  -	      byte	$02
   3841  5c00				  -	      ds	9,0
   3842  5c00				  -	      byte	$02
   3843  5c00				  -	      ds	15,0
   3844  5c00				  -	      byte	$02
   3845  5c00				  -	      ds	17,0
   3846  5c00				  -	      byte	$02
   3847  5c00				  -	      ds	7,0
   3848  5c00					      ELSE
   3849  5c00		       00 00 00 00*	      ds	176,0
   3850  5cb0					      ENDIF
   3851  5cb0
   3852  5cb0					      IFCONST	CHAPTER2_ZONE3_LAB
   3853  5cb0					      ORG	$5CB0
   3854  5cb0					      RORG	$FCB0
   3855  5cb0				   Stage3ElasticFloorKernel
   3856  5cb0		       a9 00		      lda	#0
   3857  5cb2		       85 1b		      sta	GRP0
   3858  5cb4		       a5 8c		      lda	frameCounter
   3859  5cb6		       4a		      lsr
   3860  5cb7		       4a		      lsr
   3861  5cb8		       4a		      lsr
   3862  5cb9		       18		      clc
   3863  5cba		       69 ab		      adc	#171
   3864  5cbc		       29 07		      and	#7
   3865  5cbe		       a8		      tay
   3866  5cbf		       b9 d0 fb 	      lda	Stage3ElasticFlowColors,y
   3867  5cc2		       85 b0		      sta	temp2
   3868  5cc4		       85 02		      sta	WSYNC
   3869  5cc6				   .floorLine
   3870  5cc6		       e8		      inx
   3871  5cc7		       a5 b0		      lda	temp2
   3872  5cc9		       85 08		      sta	COLUPF
   3873  5ccb		       8a		      txa
   3874  5ccc		       29 01		      and	#1
   3875  5cce		       f0 0a		      beq	.noObjectRow
   3876  5cd0		       bd 00 f6 	      lda	WorldGraphics,x
   3877  5cd3		       25 a0		      and	currentP1Mask
   3878  5cd5		       85 1c		      sta	GRP1
   3879  5cd7		       4c de fc 	      jmp	.objectReady
   3880  5cda				   .noObjectRow
   3881  5cda		       a9 00		      lda	#0
   3882  5cdc		       85 1b		      sta	GRP0
   3883  5cde				   .objectReady
   3884  5cde		       e0 af		      cpx	#175
   3885  5ce0		       f0 19		      beq	.floorDone
   3886  5ce2		       a5 8c		      lda	frameCounter
   3887  5ce4		       4a		      lsr
   3888  5ce5		       4a		      lsr
   3889  5ce6		       4a		      lsr
   3890  5ce7		       86 af		      stx	temp
   3891  5ce9		       18		      clc
   3892  5cea		       65 af		      adc	temp
   3893  5cec		       69 01		      adc	#1
   3894  5cee		       29 07		      and	#7
   3895  5cf0		       a8		      tay
   3896  5cf1		       b9 d0 fb 	      lda	Stage3ElasticFlowColors,y
   3897  5cf4		       85 b0		      sta	temp2
   3898  5cf6		       85 02		      sta	WSYNC
   3899  5cf8		       4c c6 fc 	      jmp	.floorLine
   3900  5cfb				   .floorDone
   3901  5cfb		       85 02		      sta	WSYNC
   3902  5cfd		       4c 25 f2 	      jmp	Stage3RoomDone
   3903  5d00					      ENDIF
   3904  5d00
   3905  5d00					      ORG	$5D00
   3906  5d00					      RORG	$FD00
   3907  5d00				   Stage3StarControl
   3908  5d00					      IFCONST	CHAPTER2_ZONE3_LAB
   3909  5d00		       00 00 00 00*	      ds	63,0
   3910  5d3f		       08 00 02 00*	      byte.b	8,0,2,0,4,0,6,0,$80
   3911  5d48		       00 00 00 00*	      ds	31,0
   3912  5d67		       08 00 02 00*	      byte.b	8,0,2,0,4,0,6,0,$80
   3913  5d70		       00 00 00 00*	      ds	64,0
   3914  5db0				  -	      ELSE
   3915  5db0				  -	      IFCONST	STARFIELD_LAB
   3916  5db0				  -	      ds	15,0
   3917  5db0				  -	      byte	$10,0,$80
   3918  5db0				  -	      ds	13,0
   3919  5db0				  -	      byte	$11,0,$80
   3920  5db0				  -	      ds	17,0
   3921  5db0				  -	      byte	$12,0,$80
   3922  5db0				  -	      ds	19,0
   3923  5db0				  -	      byte	$13,0,$80
   3924  5db0				  -	      ds	11,0
   3925  5db0				  -	      byte	$11,0,$80
   3926  5db0				  -	      ds	13,0
   3927  5db0				  -	      byte	$10,0,$80
   3928  5db0				  -	      ds	17,0
   3929  5db0				  -	      byte	$13,0,$80
   3930  5db0				  -	      ds	7,0
   3931  5db0				  -	      byte	$12,0,$80
   3932  5db0				  -	      ds	13,0
   3933  5db0				  -	      byte	$10,0,$80
   3934  5db0				  -	      ds	15,0
   3935  5db0				  -	      byte	$12,0,$80
   3936  5db0				  -	      ds	6,0
   3937  5db0				  -	      ELSE
   3938  5db0				  -	      ds	176,0
   3939  5db0				  -	      ENDIF
   3940  5db0					      ENDIF
   3941  5db0				   Stage3StarFadeColors
   3942  5db0		       02 02 02 00	      byte.b	$02,$02,$02,$00
   3943  5db4				   Stage3StarOddControl
   3944  5db4		       bd 00 fa 	      lda	TerrainRightPF1,x
   3945  5db7		       85 0e		      sta	PF1
   3946  5db9		       bd 00 fd 	      lda	Stage3StarControl,x
   3947  5dbc		       f0 13		      beq	Stage3StarOddSync
   3948  5dbe					      IFCONST	CHAPTER2_ZONE3_LAB
   3949  5dbe		       30 0c		      bmi	.platformRestore
   3950  5dc0		       18		      clc
   3951  5dc1		       65 ed		      adc	stageOffset
   3952  5dc3		       29 07		      and	#7
   3953  5dc5		       a8		      tay
   3954  5dc6		       b9 d0 fb 	      lda	Stage3ElasticFlowColors,y
   3955  5dc9		       4c d6 fd 	      jmp	Stage3PlatformColorReady
   3956  5dcc				   .platformRestore
   3957  5dcc		       a9 34		      lda	#$34	; rows 72 and 112 both return to this orange
   3958  5dce		       4c d6 fd 	      jmp	Stage3PlatformColorReady
   3959  5dd1				  -	      ELSE
   3960  5dd1				  -	      bmi	.restore
   3961  5dd1				  -	      eor	bestBeacon
   3962  5dd1				  -	      and	#3
   3963  5dd1				  -	      tay
   3964  5dd1				  -	      lda	Stage3StarFadeColors,y
   3965  5dd1				  -	      sta	visorEnable
   3966  5dd1				  -	      sta	ENAM0
   3967  5dd1				  -	      jmp	Stage3StarOddSync
   3968  5dd1				  -.restore
   3969  5dd1				  -	      lda	#0
   3970  5dd1				  -	      sta	visorEnable
   3971  5dd1				  -	      sta	ENAM0
   3972  5dd1					      ENDIF
   3973  5dd1				   Stage3StarOddSync
   3974  5dd1		       85 02		      sta	WSYNC
   3975  5dd3		       4c 17 f2 	      jmp	Stage3OddNext
   3976  5dd6
   3977  5dd6					      IFCONST	CHAPTER2_ZONE3_LAB
   3978  5dd6				   Stage3PlatformColorReady
   3979  5dd6		       85 02		      sta	WSYNC
   3980  5dd8		       85 08		      sta	COLUPF
   3981  5dda		       e8		      inx
   3982  5ddb		       ea		      nop
   3983  5ddc		       ea		      nop
   3984  5ddd		       ea		      nop
   3985  5dde		       ea		      nop
   3986  5ddf		       ea		      nop
   3987  5de0		       4c 1c f1 	      jmp	Stage3RoomGeometry
   3988  5de3					      ENDIF
   3989  5de3
   3990  5ffa					      ORG	$5FFA
   3991  5ffa					      RORG	$FFFA
   3992  5ffa		       00 f0 00 f0*	      word.w	$F000,$F000,$F000
   3993  6000
   3994  6000							; ---------------------------------------------------------------------------
   3995  6000							; BANK 7 — fixed reset, frame, renderer, room and astronaut art.
   3996  6000							; Its virtual addresses are unchanged from the approved F8 display bank.
   3997  6000							; ---------------------------------------------------------------------------
   3998  6000
   3999  7000 ????				      SEG	BANK6
   4000  6000					      ORG	$6000
   4001  6000					      RORG	$F000
   4002  6000				   Bank6Boot
   4003  6000		       ad fb ff 	      lda	$FFFB
   4004  6003		       4c 06 f0 	      jmp	$F006
   4005  6006
   4006  6006							; ---------------------------------------------------------------------------
   4007  6006							; STAGE 2 ROOM BANK
   4008  6006							;
   4009  6006							; Bank 6 owns a complete, scanline-stable room kernel and its own terrain
   4010  6006							; pages.  No bank switch occurs while the beam is drawing the room.  The
   4011  6006							; astronaut art is repeated at the same virtual addresses used by Bank 7, so
   4012  6006							; SelectPose can prepare one pointer format for both stages.
   4013  6006							; ---------------------------------------------------------------------------
   4014  6100					      ORG	$6100
   4015  6100					      RORG	$F100
   4016  6100				   Stage2RoomStart
   4017  6100		       ad 00 f8 	      lda	TerrainColor
   4018  6103		       85 08		      sta	COLUPF
   4019  6105		       a9 00		      lda	#0
   4020  6107		       85 1b		      sta	GRP0
   4021  6109		       85 1c		      sta	GRP1
   4022  610b		       85 1d		      sta	ENAM0
   4023  610d		       85 1e		      sta	ENAM1
   4024  610f		       a2 00		      ldx	#0
   4025  6111		       85 02		      sta	WSYNC
   4026  6113		       a9 f0		      lda	#$F0
   4027  6115		       85 0d		      sta	PF0
   4028  6117
   4029  6117				   Stage2RoomKernel
   4030  6117		       bd 00 f8 	      lda	TerrainColor,x
   4031  611a		       85 08		      sta	COLUPF
   4032  611c				   Stage2RoomGeometry
   4033  611c		       bd 00 f9 	      lda	TerrainLeftPF1,x
   4034  611f		       85 0e		      sta	PF1
   4035  6121		       bd 00 fb 	      lda	TerrainPF2,x
   4036  6124		       85 0f		      sta	PF2
   4037  6126		       bd 00 fa 	      lda	TerrainRightPF1,x
   4038  6129		       85 0e		      sta	PF1
   4039  612b
   4040  612b		       8a		      txa
   4041  612c		       38		      sec
   4042  612d		       e5 ad		      sbc	renderTomY
   4043  612f		       c9 0e		      cmp	#ASTRONAUT_H
   4044  6131		       90 0d		      bcc	Stage2DrawTom
   4045  6133		       bd 00 fc 	      lda	StarEnable,x
   4046  6136		       25 ae		      and	visorEnable
   4047  6138		       85 1d		      sta	ENAM0
   4048  613a		       a9 00		      lda	#0
   4049  613c		       85 1b		      sta	GRP0
   4050  613e		       f0 0c		      beq	Stage2StarEvenReady
   4051  6140				   Stage2DrawTom
   4052  6140		       4a		      lsr
   4053  6141		       a8		      tay
   4054  6142		       b1 ab		      lda	(suitPtr),y
   4055  6144		       85 1b		      sta	GRP0
   4056  6146		       a9 00		      lda	#0
   4057  6148		       85 1d		      sta	ENAM0
   4058  614a		       f0 02		      beq	Stage2EvenReady
   4059  614c				   Stage2StarEvenReady
   4060  614c		       85 1d		      sta	ENAM0
   4061  614e				   Stage2EvenReady
   4062  614e		       85 02		      sta	WSYNC
   4063  6150		       e8		      inx
   4064  6151
   4065  6151		       bd 00 f6 	      lda	WorldGraphics,x
   4066  6154		       25 a0		      and	currentP1Mask
   4067  6156		       85 1c		      sta	GRP1
   4068  6158		       a5 a1		      lda	currentP1Color
   4069  615a		       85 07		      sta	COLUP1
   4070  615c		       bd 00 f9 	      lda	TerrainLeftPF1,x
   4071  615f		       85 0e		      sta	PF1
   4072  6161		       bd 00 f7 	      lda	ServiceCode,x
   4073  6164		       f0 5f		      beq	Stage2OrdinaryOdd
   4074  6166		       c9 04		      cmp	#4
   4075  6168		       b0 0f		      bcs	Stage2ServiceHigh
   4076  616a		       c9 02		      cmp	#2
   4077  616c		       90 05		      bcc	Stage2JumpDishA
   4078  616e				  -	      IFCONST	CHAPTER2_ZONE2_LAB
   4079  616e				  -	      beq	Stage2Zone2Collect0Early
   4080  616e					      ELSE
   4081  616e		       f0 06		      beq	Stage2JumpCollect0
   4082  6170					      ENDIF
   4083  6170		       4c f3 f1 	      jmp	Stage2ServiceDishB
   4084  6173				  -	      IFCONST	CHAPTER2_ZONE2_LAB
   4085  6173				  -Stage2Zone2Collect0Early
   4086  6173				  -	      nop
   4087  6173				  -	      nop
   4088  6173				  -	      sta	RESP1
   4089  6173				  -	      lda	#$00
   4090  6173				  -	      sta	PF1
   4091  6173				  -	      jmp	Stage2ServiceCollect0Positioned
   4092  6173					      ENDIF
   4093  6173				   Stage2JumpDishA
   4094  6173		       4c c8 f1 	      jmp	Stage2ServiceDishA
   4095  6176				   Stage2JumpCollect0
   4096  6176		       4c dd f1 	      jmp	Stage2ServiceCollect0
   4097  6179
   4098  6179				   Stage2ServiceHigh
   4099  6179				  -	      IFCONST	CHAPTER2_ZONE2_LAB
   4100  6179				  -	      beq	Stage2Zone2Collect1Early
   4101  6179				  -	      cmp	#6
   4102  6179				  -	      bcc	Stage2ServiceDishC
   4103  6179				  -	      beq	Stage2ServiceCollect2
   4104  6179				  -	      jmp	Stage2Zone2ExitEarly
   4105  6179				  -Stage2Zone2Collect1Early
   4106  6179				  -	      sta	RESP1
   4107  6179				  -	      jmp	Stage2ServiceCollect1Positioned
   4108  6179				  -Stage2Zone2ExitEarly
   4109  6179				  -	      sta	RESP1
   4110  6179				  -	      jmp	Stage2ServiceExitPositioned
   4111  6179					      ELSE
   4112  6179		       f0 47		      beq	Stage2JumpCollect1
   4113  617b		       c9 06		      cmp	#6
   4114  617d		       90 17		      bcc	Stage2ServiceDishC
   4115  617f		       f0 2b		      beq	Stage2ServiceCollect2
   4116  6181					      ENDIF
   4117  6181
   4118  6181				   Stage2ServiceExit
   4119  6181		       ea		      nop
   4120  6182		       ea		      nop
   4121  6183		       85 11		      sta	RESP1
   4122  6185				   Stage2ServiceExitPositioned
   4123  6185				  -	      IFCONST	CHAPTER2_ZONE2_LAB
   4124  6185				  -	      lda	#$00
   4125  6185					      ELSE
   4126  6185		       a9 f0		      lda	#$F0
   4127  6187					      ENDIF
   4128  6187		       85 0e		      sta	PF1
   4129  6189		       a5 a7		      lda	exitDraw
   4130  618b		       85 a0		      sta	currentP1Mask
   4131  618d		       a5 a8		      lda	exitP1Color
   4132  618f		       85 a1		      sta	currentP1Color
   4133  6191		       85 02		      sta	WSYNC
   4134  6193		       4c 20 f2 	      jmp	Stage2OddNext
   4135  6196
   4136  6196				   Stage2ServiceDishC
   4137  6196				  -	      IFCONST	CHAPTER2_ZONE2_LAB
   4138  6196				  -	      sta	RESP1
   4139  6196				  -	      sta	RESM0
   4140  6196				  -	      lda	#$00
   4141  6196				  -	      sta	PF1
   4142  6196					      ELSE
   4143  6196		       a9 00		      lda	#$00
   4144  6198		       85 0e		      sta	PF1
   4145  619a		       ea		      nop
   4146  619b		       85 11		      sta	RESP1
   4147  619d		       85 12		      sta	RESM0
   4148  619f					      ENDIF
   4149  619f		       a9 ff		      lda	#$FF
   4150  61a1		       85 a0		      sta	currentP1Mask
   4151  61a3		       a5 a4		      lda	dishColorC
   4152  61a5		       85 a1		      sta	currentP1Color
   4153  61a7		       85 02		      sta	WSYNC
   4154  61a9		       4c 20 f2 	      jmp	Stage2OddNext
   4155  61ac
   4156  61ac				   Stage2ServiceCollect2
   4157  61ac				  -	      IFCONST	CHAPTER2_ZONE2_LAB
   4158  61ac				  -	      lda	#$FE
   4159  61ac					      ELSE
   4160  61ac		       a9 fc		      lda	#$FC
   4161  61ae					      ENDIF
   4162  61ae		       85 0e		      sta	PF1
   4163  61b0		       ea		      nop
   4164  61b1		       85 11		      sta	RESP1
   4165  61b3		       85 12		      sta	RESM0
   4166  61b5				   Stage2ServiceCollect2Positioned
   4167  61b5		       a5 9e		      lda	collectDraw2
   4168  61b7		       85 a0		      sta	currentP1Mask
   4169  61b9		       a5 a5		      lda	requiredP1Color
   4170  61bb		       85 a1		      sta	currentP1Color
   4171  61bd		       85 02		      sta	WSYNC
   4172  61bf		       4c 20 f2 	      jmp	Stage2OddNext
   4173  61c2
   4174  61c2				   Stage2JumpCollect1
   4175  61c2		       4c 0a f2 	      jmp	Stage2ServiceCollect1
   4176  61c5
   4177  61c5				   Stage2OrdinaryOdd
   4178  61c5		       4c b4 fd 	      jmp	Stage2StarOddControl
   4179  61c8
   4180  61c8							; Stage 2's authored X positions differ from Stage 1.	These handlers retain
   4181  61c8							; the identical state and WSYNC structure while moving only the RESP1 strobe.
   4182  61c8				   Stage2ServiceDishA
   4183  61c8		       85 11		      sta	RESP1
   4184  61ca		       85 12		      sta	RESM0
   4185  61cc				  -	      IFCONST	CHAPTER2_ZONE2_LAB
   4186  61cc				  -	      lda	#$C0
   4187  61cc					      ELSE
   4188  61cc		       a9 fc		      lda	#$FC
   4189  61ce					      ENDIF
   4190  61ce		       85 0e		      sta	PF1
   4191  61d0		       a9 ff		      lda	#$FF
   4192  61d2		       85 a0		      sta	currentP1Mask
   4193  61d4		       a5 a2		      lda	dishColorA
   4194  61d6		       85 a1		      sta	currentP1Color
   4195  61d8		       85 02		      sta	WSYNC
   4196  61da		       4c 20 f2 	      jmp	Stage2OddNext
   4197  61dd
   4198  61dd				   Stage2ServiceCollect0
   4199  61dd				  -	      IFCONST	CHAPTER2_ZONE2_LAB
   4200  61dd				  -	      lda	#$00
   4201  61dd					      ELSE
   4202  61dd		       a9 80		      lda	#$80
   4203  61df					      ENDIF
   4204  61df		       85 0e		      sta	PF1
   4205  61e1		       ea		      nop
   4206  61e2		       ea		      nop
   4207  61e3		       ea		      nop
   4208  61e4		       85 11		      sta	RESP1
   4209  61e6				   Stage2ServiceCollect0Positioned
   4210  61e6		       a5 9c		      lda	collectDraw0
   4211  61e8		       85 a0		      sta	currentP1Mask
   4212  61ea		       a5 a5		      lda	requiredP1Color
   4213  61ec		       85 a1		      sta	currentP1Color
   4214  61ee		       85 02		      sta	WSYNC
   4215  61f0		       4c 20 f2 	      jmp	Stage2OddNext
   4216  61f3
   4217  61f3				   Stage2ServiceDishB
   4218  61f3		       ea		      nop
   4219  61f4		       ea		      nop
   4220  61f5		       85 11		      sta	RESP1
   4221  61f7		       85 12		      sta	RESM0
   4222  61f9				  -	      IFCONST	CHAPTER2_ZONE2_LAB
   4223  61f9				  -	      lda	#$C0
   4224  61f9					      ELSE
   4225  61f9		       a9 f8		      lda	#$F8
   4226  61fb					      ENDIF
   4227  61fb		       85 0e		      sta	PF1
   4228  61fd		       a9 ff		      lda	#$FF
   4229  61ff		       85 a0		      sta	currentP1Mask
   4230  6201		       a5 a3		      lda	dishColorB
   4231  6203		       85 a1		      sta	currentP1Color
   4232  6205		       85 02		      sta	WSYNC
   4233  6207		       4c 20 f2 	      jmp	Stage2OddNext
   4234  620a
   4235  620a				   Stage2ServiceCollect1
   4236  620a		       ea		      nop
   4237  620b		       85 11		      sta	RESP1
   4238  620d		       85 12		      sta	RESM0
   4239  620f				   Stage2ServiceCollect1Positioned
   4240  620f				  -	      IFCONST	CHAPTER2_ZONE2_LAB
   4241  620f				  -	      lda	#$F0
   4242  620f					      ELSE
   4243  620f		       a9 e0		      lda	#$E0
   4244  6211					      ENDIF
   4245  6211		       85 0e		      sta	PF1
   4246  6213		       a5 9d		      lda	collectDraw1
   4247  6215		       85 a0		      sta	currentP1Mask
   4248  6217		       a5 a5		      lda	requiredP1Color
   4249  6219		       85 a1		      sta	currentP1Color
   4250  621b		       85 02		      sta	WSYNC
   4251  621d		       4c 20 f2 	      jmp	Stage2OddNext
   4252  6220
   4253  6220				   Stage2OddNext
   4254  6220		       e8		      inx
   4255  6221				  -	      IFCONST	CHAPTER2_ZONE2_LAB
   4256  6221				  -	      cpx	#170
   4257  6221				  -	      beq	.zone2FloorReady
   4258  6221				  -	      jmp	Stage2RoomKernel
   4259  6221				  -.zone2FloorReady
   4260  6221				  -	      jmp	Stage2ElasticFloorKernel
   4261  6221					      ELSE
   4262  6221		       e0 b0		      cpx	#ROOM_LINES
   4263  6223		       f0 03		      beq	Stage2OddDone
   4264  6225		       4c 17 f1 	      jmp	Stage2RoomKernel
   4265  6228					      ENDIF
   4266  6228				   Stage2OddDone
   4267  6228		       4c 2b f2 	      jmp	Stage2RoomDone
   4268  622b
   4269  622b				   Stage2RoomDone
   4270  622b		       a9 02		      lda	#2
   4271  622d		       85 01		      sta	VBLANK
   4272  622f		       a9 00		      lda	#0
   4273  6231		       85 0d		      sta	PF0
   4274  6233		       85 0e		      sta	PF1
   4275  6235		       85 0f		      sta	PF2
   4276  6237		       85 1b		      sta	GRP0
   4277  6239		       85 1c		      sta	GRP1
   4278  623b		       85 1e		      sta	ENAM1
   4279  623d		       85 1f		      sta	ENABL
   4280  623f		       a2 1e		      ldx	#30
   4281  6241				   Stage2OverscanLoop
   4282  6241		       85 02		      sta	WSYNC
   4283  6243		       ca		      dex
   4284  6244		       d0 fb		      bne	Stage2OverscanLoop
   4285  6246		       4c f0 fb 	      jmp	Stage2ReturnGate
   4286  6249
   4287  6587					      ORG	$6587
   4288  6587					      RORG	$F587
   4289  6587				   Stage2SuitUp
   4290  6587		       3c 7e 81 7e	      byte.b	%00111100,%01111110,%10000001,%01111110
   4291  658b		       ff 7e 66 	      byte.b	%11111111,%01111110,%01100110
   4292  658e				   Stage2SuitUpRight
   4293  658e		       3c 7e 81 7e	      byte.b	%00111100,%01111110,%10000001,%01111110
   4294  6592		       ff 7e 66 	      byte.b	%11111111,%01111110,%01100110
   4295  6595				   Stage2SuitRight
   4296  6595		       3c 7e 81 7e	      byte.b	%00111100,%01111110,%10000001,%01111110
   4297  6599		       ff 7e 66 	      byte.b	%11111111,%01111110,%01100110
   4298  659c				   Stage2SuitDownRight
   4299  659c		       3c 7e 81 7e	      byte.b	%00111100,%01111110,%10000001,%01111110
   4300  65a0		       ff 7e 66 	      byte.b	%11111111,%01111110,%01100110
   4301  65a3				   Stage2SuitDown
   4302  65a3		       3c 7e 81 7e	      byte.b	%00111100,%01111110,%10000001,%01111110
   4303  65a7		       ff 7e 66 	      byte.b	%11111111,%01111110,%01100110
   4304  65aa
   4305  65aa				   Stage2VisorEnable
   4306  65aa		       00 00 00 00*	      byte.b	0,0,0,0,0,0,0
   4307  65b1
   4308  6600					      ORG	$6600
   4309  6600					      RORG	$F600
------- FILE thursdays-child-stage2-objects.inc LEVEL 3 PASS 2
      0  6600					      include	"thursdays-child-stage2-objects.inc"
      1  6600							; Generated by tools/generate_stage_object_pages.py; do not hand-edit.
      2  6600				   Stage2WorldGraphics
      3  6600		       00 00 00 00*	      byte.b	$00,$00,$00,$00,$00,$00,$00,$00,$00,$10,$00,$18,$00,$7C,$00,$FE
      4  6610		       00 7c 00 18*	      byte.b	$00,$7C,$00,$18,$00,$10,$00,$00,$00,$00,$00,$00,$00,$00,$00,$3C
      5  6620		       00 60 00 c0*	      byte.b	$00,$60,$00,$C0,$00,$C0,$00,$60,$00,$3C,$00,$18,$00,$3C,$00,$00
      6  6630		       00 00 00 38*	      byte.b	$00,$00,$00,$38,$00,$78,$00,$F0,$00,$F8,$00,$F0,$00,$78,$00,$38
      7  6640		       00 00 00 00*	      byte.b	$00,$00,$00,$00,$00,$00,$00,$00,$00,$00,$00,$3C,$00,$60,$00,$C0
      8  6650		       00 c0 00 60*	      byte.b	$00,$C0,$00,$60,$00,$3C,$00,$18,$00,$3C,$00,$00,$00,$00,$00,$38
      9  6660		       00 78 00 f0*	      byte.b	$00,$78,$00,$F0,$00,$F8,$00,$F0,$00,$78,$00,$38,$00,$00,$00,$00
     10  6670		       00 00 00 00*	      byte.b	$00,$00,$00,$00,$00,$00,$00,$3C,$00,$60,$00,$C0,$00,$C0,$00,$60
     11  6680		       00 3c 00 18*	      byte.b	$00,$3C,$00,$18,$00,$3C,$00,$00,$00,$00,$00,$00,$00,$38,$00,$78
     12  6690		       00 f0 00 f8*	      byte.b	$00,$F0,$00,$F8,$00,$F0,$00,$78,$00,$38,$00,$00,$00,$3C,$00,$7E
     13  66a0		       00 c3 00 db*	      byte.b	$00,$C3,$00,$DB,$00,$DB,$00,$C3,$00,$3C,$00,$00,$00,$00,$00,$00
     14  66b0
     15  6700					      ORG	$6700
     16  6700					      RORG	$F700
     17  6700				   Stage2ServiceCode
     18  6700		       00 00 00 00*	      byte.b	$00,$00,$00,$00,$00,$00,$00,$00,$00,$00,$00,$00,$00,$00,$00,$00
     19  6710		       00 00 00 00*	      byte.b	$00,$00,$00,$00,$00,$00,$00,$01,$00,$00,$00,$00,$00,$00,$00,$00
     20  6720		       00 00 00 00*	      byte.b	$00,$00,$00,$00,$00,$00,$00,$00,$00,$00,$00,$00,$00,$00,$00,$02
     21  6730		       00 00 00 00*	      byte.b	$00,$00,$00,$00,$00,$00,$00,$00,$00,$00,$00,$00,$00,$00,$00,$00
     22  6740		       00 00 00 03*	      byte.b	$00,$00,$00,$03,$00,$00,$00,$00,$00,$00,$00,$00,$00,$00,$00,$00
     23  6750		       00 00 00 00*	      byte.b	$00,$00,$00,$00,$00,$00,$00,$00,$00,$00,$00,$04,$00,$00,$00,$00
     24  6760		       00 00 00 00*	      byte.b	$00,$00,$00,$00,$00,$00,$00,$00,$00,$00,$00,$00,$00,$00,$00,$05
     25  6770		       00 00 00 00*	      byte.b	$00,$00,$00,$00,$00,$00,$00,$00,$00,$00,$00,$00,$00,$00,$00,$00
     26  6780		       00 00 00 00*	      byte.b	$00,$00,$00,$00,$00,$00,$00,$06,$00,$00,$00,$00,$00,$00,$00,$00
     27  6790		       00 00 00 00*	      byte.b	$00,$00,$00,$00,$00,$00,$00,$00,$00,$00,$00,$07,$00,$00,$00,$00
     28  67a0		       00 00 00 00*	      byte.b	$00,$00,$00,$00,$00,$00,$00,$00,$00,$00,$00,$00,$00,$00,$00,$00
------- FILE thursdays-child.asm
   4311  67b0
   4312  6800					      ORG	$6800
   4313  6800					      RORG	$F800
   4314  6800				   Stage2TerrainColor
   4315  6800				  -	      IFCONST	CHAPTER2_ZONE2_LAB
   4316  6800				  -			; Yellow HUD divider, an orange cavern family, and the rainbow elastic
   4317  6800				  -			; floor. No chamber-spanning ledge is permitted in this zone.
   4318  6800				  -	      byte	$2A,$2C,$2E,$2C,$2A,$28,$2A,$2C
   4319  6800				  -	      ds	8,$3E
   4320  6800				  -	      ds	8,$3C
   4321  6800				  -	      ds	8,$3A
   4322  6800				  -	      ds	8,$38
   4323  6800				  -	      ds	8,$36
   4324  6800				  -	      ds	8,$34
   4325  6800				  -	      ds	8,$32
   4326  6800				  -	      ds	8,$34
   4327  6800				  -			; Two side-only collision bands read as elastic material because PF2
   4328  6800				  -			; remains empty through their center. Their opposing rainbow ramps
   4329  6800				  -			; distinguish them immediately from the orange rock teeth.
   4330  6800				  -	      byte	$4C,$3E,$2E,$CE,$AE,$8E,$6E,$5E
   4331  6800				  -	      byte	$5E,$6E,$8E,$AE,$CE,$2E,$3E,$4C
   4332  6800				  -	      ds	8,$3A
   4333  6800				  -	      ds	8,$3C
   4334  6800				  -	      byte	$3E,$3C,$3A,$38,$36,$34
   4335  6800				  -	      byte	$34,$36,$38,$3A,$3C,$3E,$3C,$3A
   4336  6800				  -	      ds	2,$36
   4337  6800				  -	      ds	8,$34
   4338  6800				  -	      ds	8,$32
   4339  6800				  -	      ds	8,$34
   4340  6800				  -	      ds	8,$36
   4341  6800				  -	      ds	8,$38
   4342  6800				  -	      ds	8,$3A
   4343  6800				  -	      byte	$4C,$3E,$2E,$CE,$AE,$8E,$6E,$5E
   4344  6800					      ELSE
   4345  6800							; Blue-violet variation two: related to Stage 1, never identical.
   4346  6800		       7e 7c 7a 78*	      byte.b	$7E,$7C,$7A,$78,$76,$78,$7A,$7C
   4347  6808		       62 62 62 62*	      ds	8,$62
   4348  6810		       64 64 64 64*	      ds	8,$64
   4349  6818		       66 66 66 66*	      ds	8,$66
   4350  6820		       68 68 68 68*	      ds	8,$68
   4351  6828		       6a 6a 6a 6a*	      ds	8,$6A
   4352  6830		       6c 6c 6c 6c*	      ds	8,$6C
   4353  6838		       6e 6e 6e 6e*	      ds	8,$6E
   4354  6840		       6c 6c 6c 6c*	      ds	8,$6C
   4355  6848		       6a 6a 6a 6a*	      ds	8,$6A
   4356  6850		       68 68 68 68*	      ds	8,$68
   4357  6858		       66 66 66 66*	      ds	8,$66
   4358  6860		       64 64 64 64*	      ds	8,$64
   4359  6868		       62 62 62 62*	      ds	8,$62
   4360  6870		       72 72 72 72*	      ds	8,$72
   4361  6878		       74 74 74 74*	      ds	8,$74
   4362  6880		       76 76 76 76*	      ds	8,$76
   4363  6888		       78 78 78 78*	      ds	8,$78
   4364  6890		       7a 7a 7a 7a*	      ds	8,$7A
   4365  6898		       78 78 78 78*	      ds	8,$78
   4366  68a0		       76 76 76 76*	      ds	8,$76
   4367  68a8		       74 74 74 74*	      ds	8,$74
   4368  68b0		       72 72 72 72*	      ds	8,$72
   4369  68b8					      ENDIF
   4370  68b8
   4371  6900					      ORG	$6900
   4372  6900					      RORG	$F900
   4373  6900				   Stage2TerrainLeftPF1
   4374  6900				  -	      IFCONST	CHAPTER2_ZONE2_LAB
   4375  6900				  -	      ds	8,$FF
   4376  6900				  -	      ds	8,$E0
   4377  6900				  -	      ds	8,$80
   4378  6900				  -	      ds	8,$C0
   4379  6900				  -	      ds	8,$F8
   4380  6900				  -	      ds	8,$00
   4381  6900				  -	      ds	8,$FF
   4382  6900				  -	      ds	8,$FC
   4383  6900				  -	      ds	8,$00
   4384  6900				  -	      ds	8,$FC
   4385  6900				  -	      ds	8,$F8
   4386  6900				  -	      ds	8,$00
   4387  6900				  -	      ds	8,$E0
   4388  6900				  -	      ds	8,$F8
   4389  6900				  -	      ds	8,$C0
   4390  6900				  -	      ds	8,$80
   4391  6900				  -	      ds	8,$F0
   4392  6900				  -	      ds	8,$FF
   4393  6900				  -	      ds	8,$FE
   4394  6900				  -	      ds	8,$E0
   4395  6900				  -	      ds	8,$E0
   4396  6900				  -	      ds	8,$FF
   4397  6900					      ELSE
   4398  6900		       ff ff ff ff*	      ds	8,$FF
   4399  6908		       00 00 00 00*	      ds	8,$00
   4400  6910		       80 80 80 80*	      ds	8,$80
   4401  6918		       f0 f0 f0 f0*	      ds	8,$F0
   4402  6920		       fe fe fe fe*	      ds	8,$FE
   4403  6928		       ff ff ff ff*	      ds	8,$FF
   4404  6930		       f8 f8 f8 f8*	      ds	8,$F8
   4405  6938		       c0 c0 c0 c0*	      ds	8,$C0
   4406  6940		       00 00 00 00*	      ds	8,$00
   4407  6948		       80 80 80 80*	      ds	8,$80
   4408  6950		       f8 f8 f8 f8*	      ds	8,$F8
   4409  6958		       ff ff ff ff*	      ds	8,$FF
   4410  6960		       fc fc fc fc*	      ds	8,$FC
   4411  6968		       e0 e0 e0 e0*	      ds	8,$E0
   4412  6970		       00 00 00 00*	      ds	8,$00
   4413  6978		       80 80 80 80*	      ds	8,$80
   4414  6980		       e0 e0 e0 e0*	      ds	8,$E0
   4415  6988		       f8 f8 f8 f8*	      ds	8,$F8
   4416  6990		       fe fe fe fe*	      ds	8,$FE
   4417  6998		       ff ff ff ff*	      ds	8,$FF
   4418  69a0		       fc fc fc fc*	      ds	8,$FC
   4419  69a8		       ff ff ff ff*	      ds	8,$FF
   4420  69b0					      ENDIF
   4421  69b0
   4422  6a00					      ORG	$6A00
   4423  6a00					      RORG	$FA00
   4424  6a00				   Stage2TerrainRightPF1
   4425  6a00				  -	      IFCONST	CHAPTER2_ZONE2_LAB
   4426  6a00				  -	      ds	8,$FF
   4427  6a00				  -	      ds	8,$C0
   4428  6a00				  -	      ds	8,$C0
   4429  6a00				  -	      ds	8,$FC
   4430  6a00				  -	      ds	8,$FF
   4431  6a00				  -	      ds	8,$00
   4432  6a00				  -	      ds	8,$C0
   4433  6a00				  -	      ds	8,$80
   4434  6a00				  -	      ds	8,$C0
   4435  6a00				  -	      ds	8,$F8
   4436  6a00				  -	      ds	8,$E0
   4437  6a00				  -	      ds	8,$F0
   4438  6a00				  -	      ds	8,$FC
   4439  6a00				  -	      ds	8,$00
   4440  6a00				  -	      ds	8,$FF
   4441  6a00				  -	      ds	8,$FE
   4442  6a00				  -	      ds	8,$FE
   4443  6a00				  -	      ds	8,$FC
   4444  6a00				  -	      ds	8,$E0
   4445  6a00				  -	      ds	8,$00
   4446  6a00				  -	      ds	8,$F0
   4447  6a00				  -	      ds	8,$FF
   4448  6a00					      ELSE
   4449  6a00		       ff ff ff ff*	      ds	8,$FF
   4450  6a08		       ff ff ff ff*	      ds	8,$FF
   4451  6a10		       fc fc fc fc*	      ds	8,$FC
   4452  6a18		       f0 f0 f0 f0*	      ds	8,$F0
   4453  6a20		       c0 c0 c0 c0*	      ds	8,$C0
   4454  6a28		       80 80 80 80*	      ds	8,$80
   4455  6a30		       00 00 00 00*	      ds	8,$00
   4456  6a38		       c0 c0 c0 c0*	      ds	8,$C0
   4457  6a40		       f8 f8 f8 f8*	      ds	8,$F8
   4458  6a48		       fc fc fc fc*	      ds	8,$FC
   4459  6a50		       f8 f8 f8 f8*	      ds	8,$F8
   4460  6a58		       e0 e0 e0 e0*	      ds	8,$E0
   4461  6a60		       80 80 80 80*	      ds	8,$80
   4462  6a68		       00 00 00 00*	      ds	8,$00
   4463  6a70		       80 80 80 80*	      ds	8,$80
   4464  6a78		       e0 e0 e0 e0*	      ds	8,$E0
   4465  6a80		       fc fc fc fc*	      ds	8,$FC
   4466  6a88		       ff ff ff ff*	      ds	8,$FF
   4467  6a90		       fc fc fc fc*	      ds	8,$FC
   4468  6a98		       f0 f0 f0 f0*	      ds	8,$F0
   4469  6aa0		       c0 c0 c0 c0*	      ds	8,$C0
   4470  6aa8		       ff ff ff ff*	      ds	8,$FF
   4471  6ab0					      ENDIF
   4472  6ab0
   4473  6b00					      ORG	$6B00
   4474  6b00					      RORG	$FB00
   4475  6b00				   Stage2TerrainPF2
   4476  6b00				  -	      IFCONST	CHAPTER2_ZONE2_LAB
   4477  6b00				  -	      ds	8,$FF
   4478  6b00				  -	      ds	160,$00
   4479  6b00				  -	      ds	8,$FF
   4480  6b00					      ELSE
   4481  6b00		       ff ff ff ff*	      ds	8,$FF
   4482  6b08		       00 00 00 00*	      ds	160,$00
   4483  6ba8		       ff ff ff ff*	      ds	8,$FF
   4484  6bb0					      ENDIF
   4485  6bb0
   4486  6be3					      ORG	$6BE3
   4487  6be3					      RORG	$FBE3
   4488  6be3				   Stage2EntryLanding
   4489  6be3		       4c 00 f1 	      jmp	Stage2RoomStart
   4490  6be6
   4491  6bf0					      ORG	$6BF0
   4492  6bf0					      RORG	$FBF0
   4493  6bf0				   Stage2ReturnGate
   4494  6bf0		       ad fb ff 	      lda	$FFFB
   4495  6bf3
   4496  6bf3				  -	      IFCONST	CHAPTER2_ZONE2_LAB
   4497  6bf3				  -	      ORG	$6BF4
   4498  6bf3				  -	      RORG	$FBF4
   4499  6bf3				  -Stage2ElasticFlowColors
   4500  6bf3				  -	      byte	$4C,$3E,$2E,$CE,$AE,$8E,$6E,$5E
   4501  6bf3					      ENDIF
   4502  6bf3
   4503  6c00					      ORG	$6C00
   4504  6c00					      RORG	$FC00
   4505  6c00				   Stage2StarEnable
   4506  6c00				  -	      IFCONST	STARFIELD_LAB
   4507  6c00				  -	      ds	16,0
   4508  6c00				  -	      byte	$02
   4509  6c00				  -	      ds	15,0
   4510  6c00				  -	      byte	$02
   4511  6c00				  -	      ds	19,0
   4512  6c00				  -	      byte	$02
   4513  6c00				  -	      ds	21,0
   4514  6c00				  -	      byte	$02
   4515  6c00				  -	      ds	13,0
   4516  6c00				  -	      byte	$02
   4517  6c00				  -	      ds	15,0
   4518  6c00				  -	      byte	$02
   4519  6c00				  -	      ds	19,0
   4520  6c00				  -	      byte	$02
   4521  6c00				  -	      ds	9,0
   4522  6c00				  -	      byte	$02
   4523  6c00				  -	      ds	15,0
   4524  6c00				  -	      byte	$02
   4525  6c00				  -	      ds	17,0
   4526  6c00				  -	      byte	$02
   4527  6c00				  -	      ds	7,0
   4528  6c00					      ELSE
   4529  6c00		       00 00 00 00*	      ds	176,0
   4530  6cb0					      ENDIF
   4531  6cb0
   4532  6cb0				  -	      IFCONST	CHAPTER2_ZONE2_LAB
   4533  6cb0				  -	      ORG	$6CB0
   4534  6cb0				  -	      RORG	$FCB0
   4535  6cb0				  -			; Zone 2-2 retains Zone 2-1's clean flowing elastic floor. Only color phase
   4536  6cb0				  -			; moves; collision geometry stays fixed at the room's approved bottom limit.
   4537  6cb0				  -Stage2ElasticFloorKernel
   4538  6cb0				  -	      lda	#0
   4539  6cb0				  -	      sta	GRP0
   4540  6cb0				  -	      lda	frameCounter
   4541  6cb0				  -	      lsr
   4542  6cb0				  -	      lsr
   4543  6cb0				  -	      lsr
   4544  6cb0				  -	      clc
   4545  6cb0				  -	      adc	#171
   4546  6cb0				  -	      and	#7
   4547  6cb0				  -	      tay
   4548  6cb0				  -	      lda	Stage2ElasticFlowColors,y
   4549  6cb0				  -	      sta	temp2
   4550  6cb0				  -	      sta	WSYNC
   4551  6cb0				  -.floorLine
   4552  6cb0				  -	      inx
   4553  6cb0				  -	      lda	temp2
   4554  6cb0				  -	      sta	COLUPF
   4555  6cb0				  -	      txa
   4556  6cb0				  -	      and	#1
   4557  6cb0				  -	      beq	.noObjectRow
   4558  6cb0				  -	      lda	WorldGraphics,x
   4559  6cb0				  -	      and	currentP1Mask
   4560  6cb0				  -	      sta	GRP1
   4561  6cb0				  -	      jmp	.objectReady
   4562  6cb0				  -.noObjectRow
   4563  6cb0				  -	      lda	#0
   4564  6cb0				  -	      sta	GRP0
   4565  6cb0				  -.objectReady
   4566  6cb0				  -	      cpx	#175
   4567  6cb0				  -	      beq	.floorDone
   4568  6cb0				  -	      lda	frameCounter
   4569  6cb0				  -	      lsr
   4570  6cb0				  -	      lsr
   4571  6cb0				  -	      lsr
   4572  6cb0				  -	      stx	temp
   4573  6cb0				  -	      clc
   4574  6cb0				  -	      adc	temp
   4575  6cb0				  -	      adc	#1
   4576  6cb0				  -	      and	#7
   4577  6cb0				  -	      tay
   4578  6cb0				  -	      lda	Stage2ElasticFlowColors,y
   4579  6cb0				  -	      sta	temp2
   4580  6cb0				  -	      sta	WSYNC
   4581  6cb0				  -	      jmp	.floorLine
   4582  6cb0				  -.floorDone
   4583  6cb0				  -	      sta	WSYNC
   4584  6cb0				  -	      jmp	Stage2RoomDone
   4585  6cb0				  -
   4586  6cb0					      ENDIF
   4587  6cb0
   4588  6d00					      ORG	$6D00
   4589  6d00					      RORG	$FD00
   4590  6d00				   Stage2StarControl
   4591  6d00				  -	      IFCONST	CHAPTER2_ZONE2_LAB
   4592  6d00				  -			; On each odd row, pre-stage the following even row's flowing shelf
   4593  6d00				  -			; color. $80 restores the ordinary orange color before row 88.
   4594  6d00				  -	      ds	71,0
   4595  6d00				  -	      byte	8,0,2,0,4,0,6,0,7,0,5,0,3,0,1,0,$80
   4596  6d00				  -	      ds	88,0
   4597  6d00					      ELSE
   4598  6d00				  -	      IFCONST	STARFIELD_LAB
   4599  6d00				  -	      ds	15,0
   4600  6d00				  -	      byte	$10,0,$80
   4601  6d00				  -	      ds	13,0
   4602  6d00				  -	      byte	$11,0,$80
   4603  6d00				  -	      ds	17,0
   4604  6d00				  -	      byte	$12,0,$80
   4605  6d00				  -	      ds	19,0
   4606  6d00				  -	      byte	$13,0,$80
   4607  6d00				  -	      ds	11,0
   4608  6d00				  -	      byte	$11,0,$80
   4609  6d00				  -	      ds	13,0
   4610  6d00				  -	      byte	$10,0,$80
   4611  6d00				  -	      ds	17,0
   4612  6d00				  -	      byte	$13,0,$80
   4613  6d00				  -	      ds	7,0
   4614  6d00				  -	      byte	$12,0,$80
   4615  6d00				  -	      ds	13,0
   4616  6d00				  -	      byte	$10,0,$80
   4617  6d00				  -	      ds	15,0
   4618  6d00				  -	      byte	$12,0,$80
   4619  6d00				  -	      ds	6,0
   4620  6d00					      ELSE
   4621  6d00		       00 00 00 00*	      ds	176,0
   4622  6db0					      ENDIF
   4623  6db0					      ENDIF
   4624  6db0				   Stage2StarFadeColors
   4625  6db0		       02 02 02 00	      byte.b	$02,$02,$02,$00
   4626  6db4				   Stage2StarOddControl
   4627  6db4		       bd 00 fa 	      lda	TerrainRightPF1,x
   4628  6db7		       85 0e		      sta	PF1
   4629  6db9		       bd 00 fd 	      lda	Stage2StarControl,x
   4630  6dbc		       f0 17		      beq	Stage2StarOddSync
   4631  6dbe				  -	      IFCONST	CHAPTER2_ZONE2_LAB
   4632  6dbe				  -	      bmi	.shelfRestore
   4633  6dbe				  -	      clc
   4634  6dbe				  -	      adc	stageOffset
   4635  6dbe				  -	      and	#7
   4636  6dbe				  -	      tay
   4637  6dbe				  -	      lda	Stage2ElasticFlowColors,y
   4638  6dbe				  -	      jmp	Stage2ShelfColorReady
   4639  6dbe				  -.shelfRestore
   4640  6dbe				  -	      lda	#$3A	; Stage2TerrainColor row 88
   4641  6dbe				  -	      jmp	Stage2ShelfColorReady
   4642  6dbe					      ELSE
   4643  6dbe		       30 0f		      bmi	.restore
   4644  6dc0		       45 b3		      eor	bestBeacon
   4645  6dc2		       29 03		      and	#3
   4646  6dc4		       a8		      tay
   4647  6dc5		       b9 b0 fd 	      lda	Stage2StarFadeColors,y
   4648  6dc8		       85 ae		      sta	visorEnable
   4649  6dca		       85 1d		      sta	ENAM0
   4650  6dcc		       4c d5 fd 	      jmp	Stage2StarOddSync
   4651  6dcf				   .restore
   4652  6dcf		       a9 00		      lda	#0
   4653  6dd1		       85 ae		      sta	visorEnable
   4654  6dd3		       85 1d		      sta	ENAM0
   4655  6dd5					      ENDIF
   4656  6dd5				   Stage2StarOddSync
   4657  6dd5		       85 02		      sta	WSYNC
   4658  6dd7		       4c 20 f2 	      jmp	Stage2OddNext
   4659  6dda
   4660  6dda				  -	      IFCONST	CHAPTER2_ZONE2_LAB
   4661  6dda				  -Stage2ShelfColorReady
   4662  6dda				  -			; Hold the prepared color in A across WSYNC, then commit it during
   4663  6dda				  -			; horizontal blank. Jump past the ordinary table load so neither side
   4664  6dda				  -			; shelf can change color while visible pixels are being drawn.
   4665  6dda				  -	      sta	WSYNC
   4666  6dda				  -	      sta	COLUPF
   4667  6dda				  -	      inx
   4668  6dda				  -			; Match the ordinary kernel's cycle-25 left PF1 slot exactly. Both an
   4669  6dda				  -			; early and a late reflected-playfield write create visible fragments.
   4670  6dda				  -	      nop
   4671  6dda				  -	      nop
   4672  6dda				  -	      nop
   4673  6dda				  -	      nop
   4674  6dda				  -	      nop
   4675  6dda				  -	      jmp	Stage2RoomGeometry
   4676  6dda					      ENDIF
   4677  6dda
   4678  6ffa					      ORG	$6FFA
   4679  6ffa					      RORG	$FFFA
   4680  6ffa		       00 f0 00 f0*	      word.w	$F000,$F000,$F000
   4681  7000
   4682  7000							; ---------------------------------------------------------------------------
   4683  7000							; BANK 7 — fixed reset, frame, renderer, room and astronaut art.
   4684  7000							; Its virtual addresses are unchanged from the approved F8 display bank.
   4685  7000							; ---------------------------------------------------------------------------
   4686  8000 ????				      SEG	BANK7
   4687  7000					      ORG	$7000
   4688  7000					      RORG	$F000
   4689  7000				   Bank7Boot
   4690  7000		       ad fb ff 	      lda	$FFFB
   4691  7003		       4c 06 f0 	      jmp	Reset
   4692  7006
   4693  7006					      ORG	$7006
   4694  7006					      RORG	$F006
   4695  7006				   Reset
   4696  7006		       78		      sei
   4697  7007		       d8		      cld
   4698  7008		       a2 ff		      ldx	#$FF
   4699  700a		       9a		      txs
   4700  700b		       a9 00		      lda	#0
   4701  700d				   .clearRAM
   4702  700d		       95 00		      sta	$00,x
   4703  700f		       ca		      dex
   4704  7010		       d0 fb		      bne	.clearRAM
   4705  7012
   4706  7012				  -	      IFCONST	CHAPTER2_ZONE1_LAB
   4707  7012				  -	      lda	#40
   4708  7012					      ELSE
   4709  7012		       a9 32		      lda	#SPAWN_X
   4710  7014					      ENDIF
   4711  7014		       85 80		      sta	tomXHi
   4712  7016		       85 88		      sta	safeXHi
   4713  7018				  -	      IFCONST	CHAPTER2_ZONE1_LAB
   4714  7018				  -	      lda	#136
   4715  7018					      ELSE
   4716  7018		       a9 10		      lda	#SPAWN_Y
   4717  701a					      ENDIF
   4718  701a		       85 82		      sta	tomYHi
   4719  701c		       85 8a		      sta	safeYHi
   4720  701e				  -	      IFCONST	CHAPTER2_ZONE1_LAB
   4721  701e				  -	      lda	#$C0
   4722  701e					      ELSE
   4723  701e		       a9 60		      lda	#$60
   4724  7020					      ENDIF
   4725  7020		       85 85		      sta	velXLo
   4726  7022				  -	      IFCONST	CHAPTER2_ZONE1_LAB
   4727  7022				  -	      lda	#$FF
   4728  7022				  -	      sta	velXHi
   4729  7022					      ENDIF
   4730  7022		       a9 ff		      lda	#$FF
   4731  7024		       85 86		      sta	velYHi
   4732  7026				  -	      IFCONST	CHAPTER2_ZONE1_LAB
   4733  7026				  -	      lda	#$80
   4734  7026					      ELSE
   4735  7026		       a9 a0		      lda	#$A0
   4736  7028					      ENDIF
   4737  7028		       85 87		      sta	velYLo
   4738  702a		       a9 ff		      lda	#NO_BEACON
   4739  702c		       85 8f		      sta	readyBeacon
   4740  702e		       a9 ff		      lda	#$FF
   4741  7030		       85 9c		      sta	collectDraw0
   4742  7032		       85 9d		      sta	collectDraw1
   4743  7034		       85 9e		      sta	collectDraw2
   4744  7036		       85 9f		      sta	collectDraw3
   4745  7038		       a9 a4		      lda	#OPTIONAL_LEFT+P1_POSITION_BIAS
   4746  703a		       85 f5		      sta	optionalXAdjusted
   4747  703c		       a9 90		      lda	#$90
   4748  703e		       85 f6		      sta	optionalFineMotion
   4749  7040
   4750  7040							; P0 alone draws Major Tom. The enclosed center of the helmet remains
   4751  7040							; black, giving P1 exclusive color ownership for mission objects.
   4752  7040		       a9 00		      lda	#$00	; single P0 copy; one-color-clock Missile 0
   4753  7042		       85 04		      sta	NUSIZ0
   4754  7044		       a9 20		      lda	#$20
   4755  7046		       85 05		      sta	NUSIZ1
   4756  7048		       a9 01		      lda	#1
   4757  704a		       85 25		      sta	VDELP0
   4758  704c		       a9 00		      lda	#0
   4759  704e		       85 26		      sta	VDELP1
   4760  7050		       a9 0e		      lda	#SUIT_COLOR
   4761  7052		       85 06		      sta	COLUP0
   4762  7054		       a9 8c		      lda	#SIGNAL_COLOR
   4763  7056		       85 07		      sta	COLUP1
   4764  7058		       a9 01		      lda	#$01	; reflected order; halves are rewritten apart
   4765  705a		       85 0a		      sta	CTRLPF
   4766  705c		       a9 00		      lda	#0
   4767  705e		       85 09		      sta	COLUBK
   4768  7060		       85 0d		      sta	PF0
   4769  7062		       85 0e		      sta	PF1
   4770  7064		       85 0f		      sta	PF2
   4771  7066		       85 1b		      sta	GRP0
   4772  7068		       85 1c		      sta	GRP1
   4773  706a		       85 1d		      sta	ENAM0
   4774  706c		       85 1e		      sta	ENAM1
   4775  706e		       85 1f		      sta	ENABL
   4776  7070
   4777  7070							; Zone 2-2 boots directly into the independently banked second room.
   4778  7070							; LoadCurrentStage establishes its beacon triplet, launch, and P1
   4779  7070							; positioning through the same path used by production transitions.
   4780  7070				  -	      IFCONST	CHAPTER2_ZONE2_LAB
   4781  7070				  -	      lda	#1
   4782  7070				  -	      sta	currentStage
   4783  7070				  -	      jsr	LoadCurrentStage
   4784  7070					      ENDIF
   4785  7070					      IFCONST	CHAPTER2_ZONE3_LAB
   4786  7070		       a9 02		      lda	#2
   4787  7072		       85 ec		      sta	currentStage
   4788  7074		       20 c7 f1 	      jsr	LoadCurrentStage
   4789  7077					      ENDIF
   4790  7077
   4791  7077							; Static HUD outlines are prepared once, outside all frame timing.
   4792  7077		       20 4f f3 	      jsr	InitHudBuffers
   4793  707a
   4794  707a				   Frame
   4795  707a		       a9 02		      lda	#2
   4796  707c		       85 01		      sta	VBLANK
   4797  707e		       85 00		      sta	VSYNC
   4798  7080		       85 02		      sta	WSYNC
   4799  7082		       85 02		      sta	WSYNC
   4800  7084		       85 02		      sta	WSYNC
   4801  7086		       a9 00		      lda	#0
   4802  7088		       85 00		      sta	VSYNC
   4803  708a
   4804  708a		       a9 2b		      lda	#43
   4805  708c		       8d 96 02 	      sta	TIM64T
   4806  708f
   4807  708f		       ad 82 02 	      lda	SWCHB
   4808  7092		       4a		      lsr
   4809  7093		       b0 03		      bcs	.noReset
   4810  7095		       4c 06 f0 	      jmp	Reset
   4811  7098				   .noReset
   4812  7098		       20 d0 ff 	      jsr	CallPhysics
   4813  709b		       a5 ef		      lda	stageSetupPending
   4814  709d		       10 07		      bpl	.presentationReady
   4815  709f		       a9 00		      lda	#0
   4816  70a1		       85 ef		      sta	stageSetupPending
   4817  70a3		       20 4f f3 	      jsr	InitHudBuffers
   4818  70a6				   .presentationReady
   4819  70a6		       20 38 f4 	      jsr	SelectPose
   4820  70a9
   4821  70a9							; Objects now have distinct animation roles. Collectibles shimmer at
   4822  70a9							; the familiar four-frame cadence by changing luminance. Satellite
   4823  70a9							; silhouettes never flip; only the dish in capture range breathes at
   4824  70a9							; a much slower sixteen-frame cadence.
   4825  70a9		       a9 00		      lda	#0
   4826  70ab		       85 0c		      sta	REFP1
   4827  70ad		       a9 28		      lda	#REQUIRED_DIM_COLOR
   4828  70af		       85 a5		      sta	requiredP1Color
   4829  70b1		       a5 8c		      lda	frameCounter
   4830  70b3		       29 04		      and	#4
   4831  70b5		       f0 04		      beq	.requiredColorReady
   4832  70b7		       a9 2e		      lda	#REQUIRED_COLOR
   4833  70b9		       85 a5		      sta	requiredP1Color
   4834  70bb				   .requiredColorReady
   4835  70bb							; The Space Relic uses a separate, slower sixteen-frame cycle, offset
   4836  70bb							; from the required-object shimmer so it reads as a special pickup.
   4837  70bb		       a9 ce		      lda	#OPTIONAL_COLOR
   4838  70bd		       85 a6		      sta	optionalP1Color
   4839  70bf		       a5 8c		      lda	frameCounter
   4840  70c1		       29 08		      and	#8
   4841  70c3		       f0 04		      beq	.collectibleColorsReady
   4842  70c5		       a9 c8		      lda	#OPTIONAL_DIM_COLOR
   4843  70c7		       85 a6		      sta	optionalP1Color
   4844  70c9				   .collectibleColorsReady
   4845  70c9		       a9 86		      lda	#DISH_DIM_COLOR
   4846  70cb		       85 a2		      sta	dishColorA
   4847  70cd		       85 a3		      sta	dishColorB
   4848  70cf		       85 a4		      sta	dishColorC
   4849  70d1		       a5 8f		      lda	readyBeacon
   4850  70d3		       c9 ff		      cmp	#NO_BEACON
   4851  70d5		       f0 0b		      beq	.dishColorsReady
   4852  70d7		       aa		      tax
   4853  70d8		       a5 8c		      lda	frameCounter
   4854  70da		       29 10		      and	#$10
   4855  70dc		       f0 04		      beq	.dishColorsReady
   4856  70de		       a9 8c		      lda	#SIGNAL_COLOR
   4857  70e0		       95 a2		      sta	dishColorA,x
   4858  70e2				   .dishColorsReady
   4859  70e2							; The extraction gate is a separate final P1 object. It is completely
   4860  70e2							; absent until all three required objects are secured, then breathes
   4861  70e2							; through a four-step blue luminance ramp. Completion turns it white.
   4862  70e2		       a9 00		      lda	#0
   4863  70e4		       85 a7		      sta	exitDraw
   4864  70e6		       a5 a9		      lda	objectiveDone
   4865  70e8		       f0 04		      beq	.exitMaskReady
   4866  70ea		       a9 ff		      lda	#$FF
   4867  70ec		       85 a7		      sta	exitDraw
   4868  70ee				   .exitMaskReady
   4869  70ee		       a5 8c		      lda	frameCounter
   4870  70f0		       4a		      lsr
   4871  70f1		       4a		      lsr
   4872  70f2		       4a		      lsr
   4873  70f3		       29 03		      and	#3
   4874  70f5		       aa		      tax
   4875  70f6		       bd b0 f7 	      lda	ExitColorTable,x
   4876  70f9		       85 a8		      sta	exitP1Color
   4877  70fb		       a5 aa		      lda	stageComplete
   4878  70fd		       f0 04		      beq	.exitColorReady
   4879  70ff		       a9 0e		      lda	#EXIT_DONE_COLOR
   4880  7101		       85 a8		      sta	exitP1Color
   4881  7103				   .exitColorReady
   4882  7103		       a5 9f		      lda	collectDraw3
   4883  7105		       85 a0		      sta	currentP1Mask
   4884  7107		       a5 a6		      lda	optionalP1Color
   4885  7109		       85 a1		      sta	currentP1Color
   4886  710b
   4887  710b							; P0 uses one-line vertical delay. Odd room lines latch the row prepared
   4888  710b							; on the preceding even line, eliminating center-screen tearing.
   4889  710b		       a5 82		      lda	tomYHi
   4890  710d		       38		      sec
   4891  710e		       e9 01		      sbc	#1
   4892  7110		       85 ad		      sta	renderTomY
   4893  7112
   4894  7112							; A normal frame performs only a mask comparison. When collection
   4895  7112							; changes, at most five visible icon bytes and one pointer are updated.
   4896  7112		       20 e5 f3 	      jsr	UpdateHudState
   4897  7115		       20 a8 f4 	      jsr	PrepareTomFineMotion
   4898  7118
   4899  7118							; Refresh P1 from immutable Bank 7 data after physics. The three-byte
   4900  7118							; call replaces the former three-byte HudEntry padding jump, keeping
   4901  7118							; every timing-critical room address in its approved ROM-page phase.
   4902  7118		       20 ee fd 	      jsr	RefreshOptionalPosition
   4903  711b
   4904  711b							; Position P0/P1 for the approved interleaved 48-pixel HUD. After the
   4905  711b							; two information bands, the final four HUD/setup lines restore their
   4906  711b							; unrelated gameplay positions before the 176-line room begins.
   4907  711b		       a9 00		      lda	#0
   4908  711d		       85 0b		      sta	REFP0
   4909  711f		       85 0c		      sta	REFP1
   4910  7121		       85 02		      sta	WSYNC
   4911  7123		       a9 03		      lda	#3
   4912  7125		       85 04		      sta	NUSIZ0
   4913  7127		       85 05		      sta	NUSIZ1
   4914  7129		       a9 0e		      lda	#HUD_TEXT_COLOR
   4915  712b		       24 af		      bit	temp
   4916  712d		       85 06		      sta	COLUP0
   4917  712f		       85 07		      sta	COLUP1
   4918  7131		       85 2b		      sta	HMCLR
   4919  7133		       a9 80		      lda	#$80
   4920  7135		       85 20		      sta	HMP0
   4921  7137		       a9 90		      lda	#$90
   4922  7139		       85 21		      sta	HMP1
   4923  713b		       ea		      nop
   4924  713c		       85 10		      sta	RESP0
   4925  713e		       85 11		      sta	RESP1
   4926  7140		       85 02		      sta	WSYNC
   4927  7142		       85 2a		      sta	HMOVE
   4928  7144
   4929  7144				   .waitVBlank
   4930  7144		       ad 84 02 	      lda	INTIM
   4931  7147		       d0 fb		      bne	.waitVBlank
   4932  7149		       85 02		      sta	WSYNC
   4933  714b		       85 2b		      sta	HMCLR
   4934  714d
   4935  714d		       a9 00		      lda	#0
   4936  714f		       85 01		      sta	VBLANK
   4937  7151		       85 09		      sta	COLUBK
   4938  7153		       85 1b		      sta	GRP0
   4939  7155		       85 1c		      sta	GRP1
   4940  7157		       85 1d		      sta	ENAM0
   4941  7159		       85 1e		      sta	ENAM1
   4942  715b		       85 1f		      sta	ENABL
   4943  715d
   4944  715d							; Keep RoomKernel in the exact ROM-page phase approved in 0.5A-R5.
   4945  715d							; RefreshOptionalPosition now consumes the former three padding bytes.
   4946  715d				   HudEntry
   4947  715d
   4948  715d							; Keep the timing-critical room kernel in its approved ROM-page phase.
   4949  715d							; The complete 16-line status renderer lives after RoomDone.
   4950  715d		       20 a1 f2 	      jsr	DrawHud
   4951  7160
   4952  7160							; Preserve the approved Stage 1 kernel's exact ROM-page phase. Later
   4953  7160							; room selection continues in a non-visible dispatch routine.
   4954  7160		       a5 ec		      lda	currentStage
   4955  7162		       f0 03		      beq	.drawStage1Room
   4956  7164		       4c e3 f4 	      jmp	DispatchOtherRooms
   4957  7167				   .drawStage1Room
   4958  7167
   4959  7167							; ---------------------------------------------------------------
   4960  7167							; One two-line kernel renders all 176 room lines. The room's first
   4961  7167							; full-width violet terrain band now doubles as the material divider
   4962  7167							; beneath the black status deck—depth without an extra scanline.
   4963  7167							; ---------------------------------------------------------------
   4964  7167		       ad 00 f8 	      lda	TerrainColor
   4965  716a		       85 08		      sta	COLUPF
   4966  716c		       a9 00		      lda	#0
   4967  716e		       85 1b		      sta	GRP0
   4968  7170		       85 1c		      sta	GRP1
   4969  7172		       85 1d		      sta	ENAM0
   4970  7174		       85 1e		      sta	ENAM1
   4971  7176		       a2 00		      ldx	#0
   4972  7178							; The sixteenth HUD/setup line remains completely black.
   4973  7178		       85 02		      sta	WSYNC
   4974  717a		       a9 f0		      lda	#$F0
   4975  717c		       85 0d		      sta	PF0
   4976  717e
   4977  717e				   RoomKernel
   4978  717e		       bd 00 f8 	      lda	TerrainColor,x
   4979  7181		       85 08		      sta	COLUPF
   4980  7183		       bd 00 f9 	      lda	TerrainLeftPF1,x
   4981  7186		       85 0e		      sta	PF1
   4982  7188		       bd 00 fb 	      lda	TerrainPF2,x
   4983  718b		       85 0f		      sta	PF2
   4984  718d		       bd 00 fa 	      lda	TerrainRightPF1,x
   4985  7190		       85 0e		      sta	PF1
   4986  7192
   4987  7192		       8a		      txa
   4988  7193		       38		      sec
   4989  7194		       e5 ad		      sbc	renderTomY
   4990  7196		       c9 0e		      cmp	#ASTRONAUT_H
   4991  7198		       90 0d		      bcc	RoomDrawTom
   4992  719a		       bd 00 fc 	      lda	StarEnable,x
   4993  719d		       25 ae		      and	visorEnable
   4994  719f		       85 1d		      sta	ENAM0
   4995  71a1		       a9 00		      lda	#0
   4996  71a3		       85 1b		      sta	GRP0
   4997  71a5		       f0 0c		      beq	RoomStarEvenReady
   4998  71a7				   RoomDrawTom
   4999  71a7		       4a		      lsr
   5000  71a8		       a8		      tay
   5001  71a9		       b1 ab		      lda	(suitPtr),y
   5002  71ab		       85 1b		      sta	GRP0
   5003  71ad		       a9 00		      lda	#0
   5004  71af		       85 1d		      sta	ENAM0
   5005  71b1		       f0 02		      beq	RoomEvenReady
   5006  71b3				   RoomStarEvenReady
   5007  71b3		       85 1d		      sta	ENAM0
   5008  71b5				   RoomEvenReady
   5009  71b5		       85 02		      sta	WSYNC
   5010  71b7		       e8		      inx
   5011  71b8
   5012  71b8							; With Missile 1 retired, the real P1 row can be written during
   5013  71b8							; horizontal blank. This one early GRP1 write both transfers Major
   5014  71b8							; Tom's delayed P0 row before visibility and preserves every mission
   5015  71b8							; object's pixels. The path reaches PF1 at its approved cycle 25.
   5016  71b8		       bd 00 f6 	      lda	WorldGraphics,x
   5017  71bb		       25 a0		      and	currentP1Mask
   5018  71bd		       85 1c		      sta	GRP1
   5019  71bf		       a5 a1		      lda	currentP1Color
   5020  71c1		       85 07		      sta	COLUP1
   5021  71c3		       bd 00 f9 	      lda	TerrainLeftPF1,x
   5022  71c6		       85 0e		      sta	PF1
   5023  71c8
   5024  71c8							; A zero is an ordinary odd line. Codes 1..6 identify the blank
   5025  71c8							; service lines between vertically adjacent P1 objects.
   5026  71c8		       bd 00 f7 	      lda	ServiceCode,x
   5027  71cb		       f0 52		      beq	RoomOrdinaryOdd
   5028  71cd		       c9 04		      cmp	#4
   5029  71cf		       b0 0f		      bcs	RoomServiceHigh
   5030  71d1				   RoomServiceLow
   5031  71d1				  -	      IFCONST	CHAPTER2_ZONE1_LAB
   5032  71d1				  -			; Prioritize the middle satellite before the usual low-half tree.
   5033  71d1				  -			; Removing the late absolute JMP places this Zone 2 object decisively
   5034  71d1				  -			; on the left half of the chamber without altering Chapter One.
   5035  71d1				  -	      cmp	#3
   5036  71d1				  -	      beq	LabServiceDishBEarly
   5037  71d1				  -	      cmp	#2
   5038  71d1				  -	      bcc	ServiceDishA
   5039  71d1				  -	      beq	ServiceCollect0
   5040  71d1					      ELSE
   5041  71d1		       c9 02		      cmp	#2
   5042  71d3		       90 05		      bcc	RoomJumpDishA
   5043  71d5		       f0 06		      beq	RoomJumpCollect0
   5044  71d7		       4c 4c f2 	      jmp	ServiceDishB
   5045  71da					      ENDIF
   5046  71da				  -	      IFCONST	CHAPTER2_ZONE1_LAB
   5047  71da				  -LabServiceDishBEarly
   5048  71da				  -	      sta	RESP1
   5049  71da				  -	      jmp	ServiceDishB
   5050  71da					      ELSE
   5051  71da				   RoomJumpDishA
   5052  71da		       4c 22 f2 	      jmp	ServiceDishA
   5053  71dd				   RoomJumpCollect0
   5054  71dd		       4c 38 f2 	      jmp	ServiceCollect0
   5055  71e0					      ENDIF
   5056  71e0
   5057  71e0				   RoomServiceHigh
   5058  71e0		       f0 3a		      beq	RoomJumpCollect1
   5059  71e2		       c9 06		      cmp	#6
   5060  71e4		       90 15		      bcc	ServiceDishC
   5061  71e6		       f0 1f		      beq	ServiceCollect2
   5062  71e8
   5063  71e8				   ServiceExit
   5064  71e8							; Code 7 is deliberately handled inline. Avoiding another JMP keeps
   5065  71e8							; the final repositioning line inside one NTSC scanline.
   5066  71e8				  -	      IFCONST	CHAPTER2_ZONE1_LAB
   5067  71e8				  -	      lda	#$C0
   5068  71e8				  -	      sta	PF1
   5069  71e8				  -	      nop
   5070  71e8				  -	      nop
   5071  71e8				  -	      nop
   5072  71e8				  -	      sta	RESP1
   5073  71e8					      ELSE
   5074  71e8		       85 11		      sta	RESP1
   5075  71ea		       a9 c0		      lda	#$C0	; fixed right PF1 on room line 159
   5076  71ec		       85 0e		      sta	PF1
   5077  71ee					      ENDIF
   5078  71ee		       a5 a7		      lda	exitDraw
   5079  71f0		       85 a0		      sta	currentP1Mask
   5080  71f2		       a5 a8		      lda	exitP1Color
   5081  71f4		       85 a1		      sta	currentP1Color
   5082  71f6		       85 02		      sta	WSYNC
   5083  71f8		       4c 78 f2 	      jmp	RoomOddNext
   5084  71fb
   5085  71fb				   ServiceDishC
   5086  71fb				  -	      IFCONST	CHAPTER2_ZONE1_LAB
   5087  71fb				  -			; Position this satellite before restoring the right playfield. That
   5088  71fb				  -			; shifts the third anchor toward screen center while retaining the
   5089  71fb				  -			; same collision-safe service scanline.
   5090  71fb				  -	      sta	RESP1
   5091  71fb				  -	      sta	RESM0
   5092  71fb				  -	      lda	#$F0
   5093  71fb				  -	      sta	PF1
   5094  71fb					      ELSE
   5095  71fb		       a9 f0		      lda	#$F0	; fixed right PF1 on room line 115
   5096  71fd		       85 0e		      sta	PF1
   5097  71ff		       ea		      nop
   5098  7200		       85 11		      sta	RESP1
   5099  7202		       85 12		      sta	RESM0
   5100  7204					      ENDIF
   5101  7204		       4c fb fd 	      jmp	Stage1ServiceDishCFinish
   5102  7207
   5103  7207							; Keep the timing-sensitive entry on the branch's original ROM page. The
   5104  7207							; remainder may live in the star laboratory's spare page without moving P1.
   5105  7207				   ServiceCollect2
   5106  7207		       85 11		      sta	RESP1
   5107  7209		       85 12		      sta	RESM0
   5108  720b							; Room line 139 is authored with a zero right PF1. Loading that known
   5109  720b							; value immediately saves the two cycles needed by the eighth object.
   5110  720b		       a9 00		      lda	#0
   5111  720d		       85 0e		      sta	PF1
   5112  720f		       a5 9e		      lda	collectDraw2
   5113  7211		       85 a0		      sta	currentP1Mask
   5114  7213		       a5 a5		      lda	requiredP1Color
   5115  7215		       85 a1		      sta	currentP1Color
   5116  7217		       85 02		      sta	WSYNC
   5117  7219		       4c 78 f2 	      jmp	RoomOddNext
   5118  721c
   5119  721c				   RoomJumpCollect1
   5120  721c		       4c 63 f2 	      jmp	ServiceCollect1
   5121  721f
   5122  721f				   RoomOrdinaryOdd
   5123  721f							; PF2 was written on the preceding even line. Stage data is authored
   5124  721f							; in two-line pairs, so retaining it here buys the exact cycles needed
   5125  721f							; for stable color ownership without altering any visible pixel.
   5126  721f		       4c b4 fd 	      jmp	StarOddControl
   5127  7222
   5128  7222							; RESP1 timing gives every service band a different authored horizontal
   5129  7222							; coordinate.	Crucially, every handler restores the right-hand PF1 value no
   5130  7222							; later than cycle 59.  The old 0.4 handlers performed this write after their
   5131  7222							; state work, producing the photographed black cuts through the terrain.
   5132  7222				   ServiceDishA
   5133  7222		       a9 00		      lda	#0	; fixed right PF1 on room line 23
   5134  7224		       85 0e		      sta	PF1
   5135  7226		       ea		      nop
   5136  7227				  -	      IFCONST	CHAPTER2_ZONE1_LAB
   5137  7227				  -	      nop
   5138  7227					      ENDIF
   5139  7227		       85 11		      sta	RESP1
   5140  7229		       85 12		      sta	RESM0
   5141  722b		       a9 ff		      lda	#$FF
   5142  722d		       85 a0		      sta	currentP1Mask
   5143  722f		       a5 a2		      lda	dishColorA
   5144  7231		       85 a1		      sta	currentP1Color
   5145  7233		       85 02		      sta	WSYNC
   5146  7235		       4c 78 f2 	      jmp	RoomOddNext
   5147  7238
   5148  7238				   ServiceCollect0
   5149  7238		       a9 80		      lda	#$80	; fixed right PF1 on room line 45
   5150  723a		       85 0e		      sta	PF1
   5151  723c		       ea		      nop
   5152  723d		       85 11		      sta	RESP1
   5153  723f		       a5 9c		      lda	collectDraw0
   5154  7241		       85 a0		      sta	currentP1Mask
   5155  7243		       a5 a5		      lda	requiredP1Color
   5156  7245		       85 a1		      sta	currentP1Color
   5157  7247		       85 02		      sta	WSYNC
   5158  7249		       4c 78 f2 	      jmp	RoomOddNext
   5159  724c
   5160  724c				   ServiceDishB
   5161  724c				  -	      IFCONST	CHAPTER2_ZONE1_LAB
   5162  724c				  -	      sta	RESM0
   5163  724c				  -	      lda	#$C0
   5164  724c				  -	      sta	PF1
   5165  724c					      ELSE
   5166  724c		       a9 c0		      lda	#$C0	; fixed right PF1 on room line 65
   5167  724e		       85 0e		      sta	PF1
   5168  7250		       24 af		      bit	temp
   5169  7252		       85 11		      sta	RESP1
   5170  7254		       85 12		      sta	RESM0
   5171  7256					      ENDIF
   5172  7256				   ServiceDishBFinish
   5173  7256		       a9 ff		      lda	#$FF
   5174  7258		       85 a0		      sta	currentP1Mask
   5175  725a		       a5 a3		      lda	dishColorB
   5176  725c		       85 a1		      sta	currentP1Color
   5177  725e		       85 02		      sta	WSYNC
   5178  7260		       4c 78 f2 	      jmp	RoomOddNext
   5179  7263
   5180  7263				   ServiceCollect1
   5181  7263		       85 11		      sta	RESP1
   5182  7265		       85 12		      sta	RESM0
   5183  7267				   ServiceCollect1Finish
   5184  7267		       a9 00		      lda	#0	; fixed right PF1 on room line 93
   5185  7269		       85 0e		      sta	PF1
   5186  726b		       a5 9d		      lda	collectDraw1
   5187  726d		       85 a0		      sta	currentP1Mask
   5188  726f		       a5 a5		      lda	requiredP1Color
   5189  7271		       85 a1		      sta	currentP1Color
   5190  7273		       85 02		      sta	WSYNC
   5191  7275		       4c 78 f2 	      jmp	RoomOddNext
   5192  7278
   5193  7278							; Every odd scanline—ordinary or service—takes this identical twelve-cycle
   5194  7278							; route into the next even scanline.  That removes the former two-cycle phase
   5195  7278							; change that distorted Major Tom whenever he crossed a service band.
   5196  7278				   RoomOddNext
   5197  7278		       e8		      inx
   5198  7279				  -	      IFCONST	CHAPTER2_ZONE1_LAB
   5199  7279				  -	      cpx	#170
   5200  7279					      ELSE
   5201  7279		       e0 b0		      cpx	#ROOM_LINES
   5202  727b					      ENDIF
   5203  727b		       f0 03		      beq	RoomOddDone
   5204  727d		       4c 7e f1 	      jmp	RoomKernel
   5205  7280				   RoomOddDone
   5206  7280				  -	      IFCONST	CHAPTER2_ZONE1_LAB
   5207  7280				  -	      jmp	ElasticFloorKernel
   5208  7280					      ELSE
   5209  7280		       4c 83 f2 	      jmp	RoomDone
   5210  7283					      ENDIF
   5211  7283
   5212  7283				   RoomDone
   5213  7283							; Overscan: exactly thirty lines.
   5214  7283		       a9 02		      lda	#2
   5215  7285		       85 01		      sta	VBLANK
   5216  7287		       a9 00		      lda	#0
   5217  7289		       85 0d		      sta	PF0
   5218  728b		       85 0e		      sta	PF1
   5219  728d		       85 0f		      sta	PF2
   5220  728f		       85 1b		      sta	GRP0
   5221  7291		       85 1c		      sta	GRP1
   5222  7293		       85 1e		      sta	ENAM1
   5223  7295		       85 1f		      sta	ENABL
   5224  7297		       a2 1e		      ldx	#30
   5225  7299				   Stage1OverscanLoop
   5226  7299		       85 02		      sta	WSYNC
   5227  729b		       ca		      dex
   5228  729c		       d0 fb		      bne	Stage1OverscanLoop
   5229  729e		       4c 7a f0 	      jmp	Frame
   5230  72a1
   5231  72a1							; Production HUD: five compact icon lines followed immediately by the
   5232  72a1							; approved seven-line "1 0000" numeric face. Its final four lines restore
   5233  72a1							; P0 and P1 to their gameplay positions and preserve the 16-line allocation.
   5234  72a1				   DrawHud
   5235  72a1		       a9 2c		      lda	#HUD_ICON_COLOR
   5236  72a3		       85 06		      sta	COLUP0
   5237  72a5		       85 07		      sta	COLUP1
   5238  72a7		       a9 01		      lda	#1
   5239  72a9		       85 25		      sta	VDELP0
   5240  72ab		       85 26		      sta	VDELP1
   5241  72ad		       a9 05		      lda	#5
   5242  72af		       85 af		      sta	temp
   5243  72b1				   .iconRow
   5244  72b1		       a4 af		      ldy	temp
   5245  72b3		       b9 b4 00 	      lda	hudIcon0,y
   5246  72b6		       85 02		      sta	WSYNC
   5247  72b8		       85 1b		      sta	GRP0
   5248  72ba		       b9 ba 00 	      lda	hudIcon1,y
   5249  72bd		       85 1c		      sta	GRP1
   5250  72bf		       b9 c0 00 	      lda	hudIcon2,y
   5251  72c2		       85 1b		      sta	GRP0
   5252  72c4		       b9 c6 00 	      lda	hudIcon3,y
   5253  72c7		       85 b0		      sta	temp2
   5254  72c9		       b9 cc 00 	      lda	hudIcon4,y
   5255  72cc		       aa		      tax
   5256  72cd		       b9 d2 00 	      lda	hudIcon5,y
   5257  72d0		       a4 b0		      ldy	temp2
   5258  72d2		       ea		      nop
   5259  72d3		       e4 80		      cpx	$80
   5260  72d5		       84 1c		      sty	GRP1
   5261  72d7		       86 1b		      stx	GRP0
   5262  72d9		       85 1c		      sta	GRP1
   5263  72db		       85 1b		      sta	GRP0
   5264  72dd		       c6 af		      dec	temp
   5265  72df		       d0 d0		      bne	.iconRow
   5266  72e1
   5267  72e1		       a9 0e		      lda	#HUD_TEXT_COLOR
   5268  72e3		       85 06		      sta	COLUP0
   5269  72e5		       85 07		      sta	COLUP1
   5270  72e7		       a9 07		      lda	#7
   5271  72e9		       85 af		      sta	temp
   5272  72eb				   .numericRow
   5273  72eb		       a4 af		      ldy	temp
   5274  72ed		       b9 d8 00 	      lda	hudStageGlyph,y
   5275  72f0		       85 02		      sta	WSYNC
   5276  72f2		       85 1b		      sta	GRP0
   5277  72f4		       b9 00 f5 	      lda	HudSpacer,y
   5278  72f7		       85 1c		      sta	GRP1
   5279  72f9		       b1 f1		      lda	(hudStagePtr),y
   5280  72fb		       85 1b		      sta	GRP0
   5281  72fd		       b9 e0 00 	      lda	hudHundredsGlyph,y
   5282  7300		       85 b0		      sta	temp2
   5283  7302		       b1 e9		      lda	(hudScorePtr),y
   5284  7304		       aa		      tax
   5285  7305		       b9 10 f5 	      lda	HudZeroD,y
   5286  7308		       a4 b0		      ldy	temp2
   5287  730a		       dd 00 f5 	      cmp	HudBlank,x
   5288  730d		       84 1c		      sty	GRP1
   5289  730f		       86 1b		      stx	GRP0
   5290  7311		       85 1c		      sta	GRP1
   5291  7313		       85 1b		      sta	GRP0
   5292  7315		       c6 af		      dec	temp
   5293  7317		       d0 d2		      bne	.numericRow
   5294  7319
   5295  7319		       a9 00		      lda	#0
   5296  731b		       85 1b		      sta	GRP0
   5297  731d		       85 1c		      sta	GRP1
   5298  731f		       85 25		      sta	VDELP0
   5299  7321		       85 26		      sta	VDELP1
   5300  7323		       85 0d		      sta	PF0
   5301  7325		       85 0e		      sta	PF1
   5302  7327		       85 0f		      sta	PF2
   5303  7329
   5304  7329							; The HUD is always unreflected. Restore Major Tom's gameplay-facing
   5305  7329							; direction before his P0 position is applied to the room.
   5306  7329							; All production horizontal speeds use $00/$01 when moving right and
   5307  7329							; $FE/$FF when moving left, so bit 3 is a branchless REFP0 value.
   5308  7329							; Both directions now consume exactly the same cycles before WSYNC.
   5309  7329		       a5 84		      lda	velXHi
   5310  732b		       29 08		      and	#8
   5311  732d		       85 0b		      sta	REFP0
   5312  732f		       a9 00		      lda	#0
   5313  7331		       85 0c		      sta	REFP1
   5314  7333
   5315  7333		       a9 10		      lda	#$10
   5316  7335		       85 04		      sta	NUSIZ0
   5317  7337		       a9 20		      lda	#$20
   5318  7339		       85 05		      sta	NUSIZ1
   5319  733b		       a9 01		      lda	#1
   5320  733d		       85 25		      sta	VDELP0
   5321  733f		       a9 00		      lda	#0
   5322  7341		       85 26		      sta	VDELP1
   5323  7343		       a9 0e		      lda	#SUIT_COLOR
   5324  7345		       85 06		      sta	COLUP0
   5325  7347		       a5 a1		      lda	currentP1Color
   5326  7349		       85 07		      sta	COLUP1
   5327  734b		       20 bd f4 	      jsr	PositionGameplayObjects
   5328  734e		       60		      rts
   5329  734f
   5330  734f							; Reset-time construction is deliberately outside the 262-line frame. Icon
   5331  734f							; row zero is not rendered; hudIcon5 row zero safely stores scoreTensHi.
   5332  734f				   InitHudBuffers
   5333  734f		       a2 05		      ldx	#5
   5334  7351				   .initOutlines
   5335  7351		       bd 58 f5 	      lda	HudRequiredOutline,x
   5336  7354		       95 b4		      sta	hudIcon0,x
   5337  7356		       95 ba		      sta	hudIcon1,x
   5338  7358		       95 c0		      sta	hudIcon2,x
   5339  735a		       bd 68 f5 	      lda	HudOptionalOutline,x
   5340  735d		       95 c6		      sta	hudIcon3,x
   5341  735f		       bd 00 f5 	      lda	HudBlank,x
   5342  7362		       95 cc		      sta	hudIcon4,x
   5343  7364		       e0 00		      cpx	#0
   5344  7366		       f0 02		      beq	.keepScoreHigh
   5345  7368		       95 d2		      sta	hudIcon5,x
   5346  736a				   .keepScoreHigh
   5347  736a		       ca		      dex
   5348  736b		       10 e4		      bpl	.initOutlines
   5349  736d		       a9 00		      lda	#0
   5350  736f		       85 ef		      sta	stageSetupPending
   5351  7371		       20 75 f3 	      jsr	UpdateHudPointers
   5352  7374		       60		      rts
   5353  7375
   5354  7375				   UpdateHudPointers
   5355  7375							; Copy the zone digit before reusing hudStagePtr for score thousands.
   5356  7375		       a6 ec		      ldx	currentStage
   5357  7377		       bd 82 f5 	      lda	HudStageDigitLow,x
   5358  737a		       85 f1		      sta	hudStagePtr
   5359  737c		       a9 f5		      lda	#>HudDigit0
   5360  737e		       85 f2		      sta	hudStagePtr+1
   5361  7380		       a0 07		      ldy	#7
   5362  7382				   .copyZoneGlyph
   5363  7382		       b1 f1		      lda	(hudStagePtr),y
   5364  7384		       99 d8 00 	      sta	hudStageGlyph,y
   5365  7387		       88		      dey
   5366  7388		       10 f8		      bpl	.copyZoneGlyph
   5367  738a
   5368  738a							; Convert the 16-bit count of ten-point units into the three changing
   5369  738a							; decimal digits. The fixed final zero is still drawn from ROM.
   5370  738a		       a5 f0		      lda	scoreTens
   5371  738c		       85 af		      sta	temp
   5372  738e		       a5 d2		      lda	scoreTensHi
   5373  7390		       85 b0		      sta	temp2
   5374  7392		       a2 00		      ldx	#0
   5375  7394				   .findThousands
   5376  7394		       a5 b0		      lda	temp2
   5377  7396		       d0 06		      bne	.subtractHundredUnits
   5378  7398		       a5 af		      lda	temp
   5379  739a		       c9 64		      cmp	#100
   5380  739c		       90 10		      bcc	.thousandsReady
   5381  739e				   .subtractHundredUnits
   5382  739e		       38		      sec
   5383  739f		       a5 af		      lda	temp
   5384  73a1		       e9 64		      sbc	#100
   5385  73a3		       85 af		      sta	temp
   5386  73a5		       a5 b0		      lda	temp2
   5387  73a7		       e9 00		      sbc	#0
   5388  73a9		       85 b0		      sta	temp2
   5389  73ab		       e8		      inx
   5390  73ac		       d0 e6		      bne	.findThousands
   5391  73ae				   .thousandsReady
   5392  73ae		       bd 78 f5 	      lda	HudScoreDigitLow,x
   5393  73b1		       85 f1		      sta	hudStagePtr
   5394  73b3		       a9 f5		      lda	#>HudDigit0
   5395  73b5		       85 f2		      sta	hudStagePtr+1
   5396  73b7
   5397  73b7		       a2 00		      ldx	#0
   5398  73b9				   .findHundreds
   5399  73b9		       a5 af		      lda	temp
   5400  73bb		       c9 0a		      cmp	#10
   5401  73bd		       90 07		      bcc	.hundredsReady
   5402  73bf		       e9 0a		      sbc	#10
   5403  73c1		       85 af		      sta	temp
   5404  73c3		       e8		      inx
   5405  73c4		       d0 f3		      bne	.findHundreds
   5406  73c6				   .hundredsReady
   5407  73c6		       bd 78 f5 	      lda	HudScoreDigitLow,x
   5408  73c9		       85 f3		      sta	hudHundredsPtr
   5409  73cb		       a9 f5		      lda	#>HudDigit0
   5410  73cd		       85 f4		      sta	hudHundredsPtr+1
   5411  73cf
   5412  73cf		       a6 af		      ldx	temp
   5413  73d1		       bd 78 f5 	      lda	HudScoreDigitLow,x
   5414  73d4		       85 e9		      sta	hudScorePtr
   5415  73d6		       a9 f5		      lda	#>HudDigit0
   5416  73d8		       85 ea		      sta	hudScorePtr+1
   5417  73da		       a0 07		      ldy	#7
   5418  73dc				   .copyChangingGlyphs
   5419  73dc		       b1 f3		      lda	(hudHundredsPtr),y
   5420  73de		       99 e0 00 	      sta	hudHundredsGlyph,y
   5421  73e1		       88		      dey
   5422  73e2		       10 f8		      bpl	.copyChangingGlyphs
   5423  73e4		       60		      rts
   5424  73e5
   5425  73e5							; Ordinary frames take only the compare/return path. A newly collected object
   5426  73e5							; copies five displayed rows once; score changes by selecting an existing ROM
   5427  73e5							; digit rather than rebuilding another eight-byte graphic every frame.
   5428  73e5				   UpdateHudState
   5429  73e5		       a5 9a		      lda	collectMask
   5430  73e7		       c5 ef		      cmp	stageSetupPending
   5431  73e9		       d0 01		      bne	.stateChanged
   5432  73eb		       60		      rts
   5433  73ec				   .stateChanged
   5434  73ec		       45 ef		      eor	stageSetupPending
   5435  73ee		       85 b0		      sta	temp2
   5436  73f0		       a5 9a		      lda	collectMask
   5437  73f2		       85 ef		      sta	stageSetupPending
   5438  73f4
   5439  73f4		       a5 b0		      lda	temp2
   5440  73f6		       29 01		      and	#1
   5441  73f8		       f0 0a		      beq	.checkRequired2
   5442  73fa		       a2 05		      ldx	#5
   5443  73fc				   .fillRequired1
   5444  73fc		       bd 60 f5 	      lda	HudRequiredFilled,x
   5445  73ff		       95 b4		      sta	hudIcon0,x
   5446  7401		       ca		      dex
   5447  7402		       d0 f8		      bne	.fillRequired1
   5448  7404				   .checkRequired2
   5449  7404		       a5 b0		      lda	temp2
   5450  7406		       29 02		      and	#2
   5451  7408		       f0 0a		      beq	.checkRequired3
   5452  740a		       a2 05		      ldx	#5
   5453  740c				   .fillRequired2
   5454  740c		       bd 60 f5 	      lda	HudRequiredFilled,x
   5455  740f		       95 ba		      sta	hudIcon1,x
   5456  7411		       ca		      dex
   5457  7412		       d0 f8		      bne	.fillRequired2
   5458  7414				   .checkRequired3
   5459  7414		       a5 b0		      lda	temp2
   5460  7416		       29 04		      and	#4
   5461  7418		       f0 0a		      beq	HudUpdateCheckOptional
   5462  741a		       a2 05		      ldx	#5
   5463  741c				   .fillRequired3
   5464  741c		       bd 60 f5 	      lda	HudRequiredFilled,x
   5465  741f		       95 c0		      sta	hudIcon2,x
   5466  7421		       ca		      dex
   5467  7422		       d0 f8		      bne	.fillRequired3
   5468  7424				   HudUpdateCheckOptional
   5469  7424		       a5 b0		      lda	temp2
   5470  7426		       29 08		      and	#8
   5471  7428		       f0 0a		      beq	.chooseScore
   5472  742a		       a2 05		      ldx	#5
   5473  742c				   .fillOptional
   5474  742c		       bd 70 f5 	      lda	HudOptionalFilled,x
   5475  742f		       95 c6		      sta	hudIcon3,x
   5476  7431		       ca		      dex
   5477  7432		       d0 f8		      bne	.fillOptional
   5478  7434
   5479  7434				   .chooseScore
   5480  7434		       20 75 f3 	      jsr	UpdateHudPointers
   5481  7437		       60		      rts
   5482  7438
   5483  7438							; Choose one of five authored poses. Horizontal reflection supplies the three
   5484  7438							; corresponding left-facing directions for eight readable travel directions.
   5485  7438				   SelectPose
   5486  7438		       a9 00		      lda	#0
   5487  743a		       85 0b		      sta	REFP0
   5488  743c		       a5 84		      lda	velXHi
   5489  743e		       10 04		      bpl	.poseFacingRight
   5490  7440		       a9 08		      lda	#8
   5491  7442		       85 0b		      sta	REFP0
   5492  7444				   .poseFacingRight
   5493  7444		       a5 86		      lda	velYHi
   5494  7446		       30 0b		      bmi	.poseMovingUp
   5495  7448		       d0 3a		      bne	.poseDown
   5496  744a		       a5 87		      lda	velYLo
   5497  744c		       c9 70		      cmp	#$70
   5498  744e		       b0 2b		      bcs	.poseDownRight
   5499  7450		       4c 72 f4 	      jmp	.poseRight
   5500  7453				   .poseMovingUp
   5501  7453		       a5 84		      lda	velXHi
   5502  7455		       f0 09		      beq	.poseUp
   5503  7457		       a5 85		      lda	velXLo
   5504  7459		       c9 60		      cmp	#$60
   5505  745b		       b0 03		      bcs	.poseUp
   5506  745d		       4c 69 f4 	      jmp	.poseUpRight
   5507  7460				   .poseUp
   5508  7460		       a9 87		      lda	#<SuitUp
   5509  7462		       85 ab		      sta	suitPtr
   5510  7464		       a9 f5		      lda	#>SuitUp
   5511  7466		       85 ac		      sta	suitPtr+1
   5512  7468		       60		      rts
   5513  7469				   .poseUpRight
   5514  7469		       a9 8e		      lda	#<SuitUpRight
   5515  746b		       85 ab		      sta	suitPtr
   5516  746d		       a9 f5		      lda	#>SuitUpRight
   5517  746f		       85 ac		      sta	suitPtr+1
   5518  7471		       60		      rts
   5519  7472				   .poseRight
   5520  7472		       a9 95		      lda	#<SuitRight
   5521  7474		       85 ab		      sta	suitPtr
   5522  7476		       a9 f5		      lda	#>SuitRight
   5523  7478		       85 ac		      sta	suitPtr+1
   5524  747a		       60		      rts
   5525  747b				   .poseDownRight
   5526  747b		       a9 9c		      lda	#<SuitDownRight
   5527  747d		       85 ab		      sta	suitPtr
   5528  747f		       a9 f5		      lda	#>SuitDownRight
   5529  7481		       85 ac		      sta	suitPtr+1
   5530  7483		       60		      rts
   5531  7484				   .poseDown
   5532  7484		       a9 a3		      lda	#<SuitDown
   5533  7486		       85 ab		      sta	suitPtr
   5534  7488		       a9 f5		      lda	#>SuitDown
   5535  748a		       85 ac		      sta	suitPtr+1
   5536  748c		       60		      rts
   5537  748d
   5538  748d							; A=visible X, X=0 P0, 1 P1, 2 M0, 3 M1, 4 Ball.
   5539  748d				   PositionObject
   5540  748d		       e0 02		      cpx	#2
   5541  748f		       69 00		      adc	#0
   5542  7491		       18		      clc
   5543  7492		       69 31		      adc	#POSITION_BIAS
   5544  7494		       38		      sec
   5545  7495		       85 02		      sta	WSYNC
   5546  7497				   .divide15
   5547  7497		       e9 0f		      sbc	#15
   5548  7499		       b0 fc		      bcs	.divide15
   5549  749b		       95 10		      sta	RESP0,x
   5550  749d		       49 ff		      eor	#$FF
   5551  749f		       69 f9		      adc	#$F9
   5552  74a1		       0a		      asl
   5553  74a2		       0a		      asl
   5554  74a3		       0a		      asl
   5555  74a4		       0a		      asl
   5556  74a5		       95 20		      sta	HMP0,x
   5557  74a7		       60		      rts
   5558  74a8
   5559  74a8							; Calculate only the fine-motion nibble during timer-controlled VBLANK. The
   5560  74a8							; visible routine below never performs this variable-length work after RESP0.
   5561  74a8				   PrepareTomFineMotion
   5562  74a8		       a5 80		      lda	tomXHi
   5563  74aa		       18		      clc
   5564  74ab							; With this exact instruction schedule, a bias of 49 makes the RESP0
   5565  74ab							; coarse position plus HMOVE fine motion equal tomXHi at every X.
   5566  74ab							; Major Tom's rendered eight-pixel rectangle therefore matches the
   5567  74ab							; software collision rectangle at both walls and every terrain edge.
   5568  74ab		       69 31		      adc	#POSITION_BIAS
   5569  74ad		       38		      sec
   5570  74ae				   .fineDivide15
   5571  74ae		       e9 0f		      sbc	#15
   5572  74b0		       b0 fc		      bcs	.fineDivide15
   5573  74b2		       49 ff		      eor	#$FF
   5574  74b4		       69 f9		      adc	#$F9
   5575  74b6		       0a		      asl
   5576  74b7		       0a		      asl
   5577  74b8		       0a		      asl
   5578  74b9		       0a		      asl
   5579  74ba		       85 eb		      sta	tomFineMotion
   5580  74bc		       60		      rts
   5581  74bd
   5582  74bd							; Restore P0 and the stage-authored upper P1 object in exactly three
   5583  74bd							; synchronized HUD/setup lines. P1's RAM load and SEC consume five cycles
   5584  74bd							; before its divide loop, so P1_POSITION_BIAS begins it fifteen color clocks
   5585  74bd							; earlier than P0's loop. Both fine values are prepared during VBLANK.
   5586  74bd				   PositionGameplayObjects
   5587  74bd		       a5 80		      lda	tomXHi
   5588  74bf		       18		      clc
   5589  74c0		       69 31		      adc	#POSITION_BIAS
   5590  74c2		       38		      sec
   5591  74c3		       85 02		      sta	WSYNC
   5592  74c5				   .gameP0Divide15
   5593  74c5		       e9 0f		      sbc	#15
   5594  74c7		       b0 fc		      bcs	.gameP0Divide15
   5595  74c9		       85 10		      sta	RESP0
   5596  74cb		       a5 eb		      lda	tomFineMotion
   5597  74cd		       85 20		      sta	HMP0
   5598  74cf							; End P0's longest right-edge path immediately.  No instruction may
   5599  74cf							; be inserted before this WSYNC: at RIGHT_LIMIT it arrives on cycle
   5600  74cf							; 73, leaving only the three-cycle WSYNC store inside the scanline.
   5601  74cf		       85 02		      sta	WSYNC
   5602  74d1
   5603  74d1		       a5 f5		      lda	optionalXAdjusted
   5604  74d3		       38		      sec
   5605  74d4				   .gameP1Divide15
   5606  74d4		       e9 0f		      sbc	#15
   5607  74d6		       b0 fc		      bcs	.gameP1Divide15
   5608  74d8		       85 11		      sta	RESP1
   5609  74da		       a5 f6		      lda	optionalFineMotion
   5610  74dc		       85 21		      sta	HMP1
   5611  74de		       85 02		      sta	WSYNC
   5612  74e0		       85 2a		      sta	HMOVE
   5613  74e2		       60		      rts
   5614  74e3
   5615  74e3							; This runs before a later room's first synchronizing WSYNC, so its branching
   5616  74e3							; cannot alter visible scanline timing. Stage 1 never enters this routine.
   5617  74e3				   DispatchOtherRooms
   5618  74e3		       a5 ec		      lda	currentStage
   5619  74e5		       c9 01		      cmp	#1
   5620  74e7		       f0 11		      beq	.dispatchStage2
   5621  74e9		       c9 02		      cmp	#2
   5622  74eb		       f0 0a		      beq	.dispatchStage3
   5623  74ed		       c9 03		      cmp	#3
   5624  74ef		       f0 03		      beq	.dispatchStage4
   5625  74f1		       4c d0 fb 	      jmp	Stage5RoomGate
   5626  74f4				   .dispatchStage4
   5627  74f4		       4c b0 fb 	      jmp	Stage4RoomGate
   5628  74f7				   .dispatchStage3
   5629  74f7		       4c c0 fb 	      jmp	Stage3RoomGate
   5630  74fa				   .dispatchStage2
   5631  74fa		       4c e0 fb 	      jmp	Stage2RoomGate
   5632  74fd
   5633  74fd							; ---------------------------------------------------------------------------
   5634  74fd							; Major Tom production silhouette. Seven logical rows are doubled to fourteen
   5635  74fd							; physical lines. The visor row contains two white helmet-edge pixels around
   5636  74fd							; a black/transparent window, leaving Player 1 entirely to mission objects.
   5637  74fd							; All pose labels intentionally share this neutral art in Thursday's Child.
   5638  74fd							; ---------------------------------------------------------------------------
   5639  7500		       00 00 00 	      ALIGN	256
   5640  7500							; HUD cells share one page so both the visible absolute-indexed loads and the
   5641  7500							; VBLANK score-pointer copy retain predictable timing.
   5642  7500				   HudBlank
   5643  7500				   HudSpacer
   5644  7500		       00 00 00 00*	      byte.b	$00,$00,$00,$00,$00,$00,$00,$00
   5645  7508				   HudStageOne
   5646  7508				   HudDigit1
   5647  7508		       00 3c 18 18*	      byte.b	$00,$3C,$18,$18,$18,$18,$38,$18
   5648  7510				   HudZeroA
   5649  7510				   HudZeroB
   5650  7510				   HudZeroD
   5651  7510				   HudDigit0
   5652  7510		       00 3c 66 66*	      byte.b	$00,$3C,$66,$66,$66,$66,$66,$3C
   5653  7518				   HudDigit2
   5654  7518		       00 7e 40 7e*	      byte.b	$00,$7E,$40,$7E,$02,$42,$3C,$00
   5655  7520				   HudDigit3
   5656  7520		       00 7e 02 1e*	      byte.b	$00,$7E,$02,$1E,$02,$42,$3C,$00
   5657  7528				   HudDigit4
   5658  7528		       00 04 04 7e*	      byte.b	$00,$04,$04,$7E,$44,$24,$14,$0C
   5659  7530				   HudDigit5
   5660  7530		       00 7e 02 3e*	      byte.b	$00,$7E,$02,$3E,$40,$40,$7E,$00
   5661  7538				   HudDigit6
   5662  7538		       00 3c 66 7c*	      byte.b	$00,$3C,$66,$7C,$60,$30,$1C,$00
   5663  7540				   HudDigit7
   5664  7540		       00 10 10 08*	      byte.b	$00,$10,$10,$08,$04,$42,$7E,$00
   5665  7548				   HudDigit8
   5666  7548		       00 3c 66 3c*	      byte.b	$00,$3C,$66,$3C,$66,$66,$3C,$00
   5667  7550				   HudDigit9
   5668  7550		       00 38 0c 3e*	      byte.b	$00,$38,$0C,$3E,$66,$66,$3C,$00
   5669  7558				   HudRequiredOutline
   5670  7558		       00 18 24 42*	      byte.b	$00,$18,$24,$42,$24,$18,$00,$00
   5671  7560				   HudRequiredFilled
   5672  7560		       00 18 3c 7e*	      byte.b	$00,$18,$3C,$7E,$3C,$18,$00,$00
   5673  7568				   HudOptionalOutline
   5674  7568		       00 24 18 7e*	      byte.b	$00,$24,$18,$7E,$18,$24,$00,$00
   5675  7570				   HudOptionalFilled
   5676  7570		       00 24 3c 7e*	      byte.b	$00,$24,$3C,$7E,$3C,$24,$00,$00
   5677  7578
   5678  7578				   HudScoreDigitLow
   5679  7578		       10 08 18 20*	      byte.b	<HudDigit0,<HudDigit1,<HudDigit2,<HudDigit3,<HudDigit4
   5680  757d		       30 38 40 48*	      byte.b	<HudDigit5,<HudDigit6,<HudDigit7,<HudDigit8,<HudDigit9
   5681  7582				   HudStageDigitLow
   5682  7582		       08 18 20 28*	      byte.b	<HudDigit1,<HudDigit2,<HudDigit3,<HudDigit4,<HudDigit5
   5683  7587
   5684  7587				   SuitUp
   5685  7587		       3c 7e 81 7e	      byte.b	%00111100,%01111110,%10000001,%01111110
   5686  758b		       ff 7e 66 	      byte.b	%11111111,%01111110,%01100110
   5687  758e				   SuitUpRight
   5688  758e		       3c 7e 81 7e	      byte.b	%00111100,%01111110,%10000001,%01111110
   5689  7592		       ff 7e 66 	      byte.b	%11111111,%01111110,%01100110
   5690  7595				   SuitRight
   5691  7595		       3c 7e 81 7e	      byte.b	%00111100,%01111110,%10000001,%01111110
   5692  7599		       ff 7e 66 	      byte.b	%11111111,%01111110,%01100110
   5693  759c				   SuitDownRight
   5694  759c		       3c 7e 81 7e	      byte.b	%00111100,%01111110,%10000001,%01111110
   5695  75a0		       ff 7e 66 	      byte.b	%11111111,%01111110,%01100110
   5696  75a3				   SuitDown
   5697  75a3		       3c 7e 81 7e	      byte.b	%00111100,%01111110,%10000001,%01111110
   5698  75a7		       ff 7e 66 	      byte.b	%11111111,%01111110,%01100110
   5699  75aa
   5700  75aa				   VisorEnable
   5701  75aa		       00 00 00 00*	      byte.b	0,0,0,0,0,0,0
   5702  75b1
   5703  75b1							; P1 is rewritten on odd scanlines. The optional cross occupies the first
   5704  75b1							; band; three required objects alternate with the three side-facing dishes.
   5705  75b1							; A final full-height gate occupies the lowest band after objective activation.
   5706  7600		       00 00 00 00*	      ALIGN	256
   5707  7600				   WorldGraphics
   5708  7600		       00 00 00 00*	      ds	9,0
   5709  7609		       10		      byte.b	%00010000
   5710  760a		       00		      ds	1,0
   5711  760b		       18		      byte.b	%00011000
   5712  760c		       00		      ds	1,0
   5713  760d		       7c		      byte.b	%01111100
   5714  760e		       00		      ds	1,0
   5715  760f		       fe		      byte.b	%11111110
   5716  7610		       00		      ds	1,0
   5717  7611		       7c		      byte.b	%01111100
   5718  7612		       00		      ds	1,0
   5719  7613		       18		      byte.b	%00011000
   5720  7614		       00		      ds	1,0
   5721  7615		       10		      byte.b	%00010000
   5722  7616		       00 00 00 00*	      ds	7,0
   5723  761d
   5724  761d							; Satellite A
   5725  761d		       3c		      byte.b	%00111100
   5726  761e		       00		      ds	1,0
   5727  761f		       60		      byte.b	%01100000
   5728  7620		       00		      ds	1,0
   5729  7621		       c0		      byte.b	%11000000
   5730  7622		       00		      ds	1,0
   5731  7623		       c0		      byte.b	%11000000
   5732  7624		       00		      ds	1,0
   5733  7625		       60		      byte.b	%01100000
   5734  7626		       00		      ds	1,0
   5735  7627		       3c		      byte.b	%00111100
   5736  7628		       00		      ds	1,0
   5737  7629		       18		      byte.b	%00011000
   5738  762a		       00		      ds	1,0
   5739  762b		       3c		      byte.b	%00111100
   5740  762c		       00 00 00 00*	      ds	5,0
   5741  7631
   5742  7631							; Required object 0
   5743  7631		       38		      byte.b	%00111000
   5744  7632		       00		      ds	1,0
   5745  7633		       78		      byte.b	%01111000
   5746  7634		       00		      ds	1,0
   5747  7635		       f0		      byte.b	%11110000
   5748  7636		       00		      ds	1,0
   5749  7637		       f8		      byte.b	%11111000
   5750  7638		       00		      ds	1,0
   5751  7639		       f0		      byte.b	%11110000
   5752  763a		       00		      ds	1,0
   5753  763b		       78		      byte.b	%01111000
   5754  763c		       00		      ds	1,0
   5755  763d		       38		      byte.b	%00111000
   5756  763e		       00 00 00 00*	      ds	15,0
   5757  764d
   5758  764d							; Satellite B
   5759  764d		       3c		      byte.b	%00111100
   5760  764e		       00		      ds	1,0
   5761  764f		       60		      byte.b	%01100000
   5762  7650		       00		      ds	1,0
   5763  7651		       c0		      byte.b	%11000000
   5764  7652		       00		      ds	1,0
   5765  7653		       c0		      byte.b	%11000000
   5766  7654		       00		      ds	1,0
   5767  7655		       60		      byte.b	%01100000
   5768  7656		       00		      ds	1,0
   5769  7657		       3c		      byte.b	%00111100
   5770  7658		       00		      ds	1,0
   5771  7659		       18		      byte.b	%00011000
   5772  765a		       00		      ds	1,0
   5773  765b		       3c		      byte.b	%00111100
   5774  765c		       00 00 00 00*	      ds	5,0
   5775  7661
   5776  7661							; Required object 1
   5777  7661		       38		      byte.b	%00111000
   5778  7662		       00		      ds	1,0
   5779  7663		       78		      byte.b	%01111000
   5780  7664		       00		      ds	1,0
   5781  7665		       f0		      byte.b	%11110000
   5782  7666		       00		      ds	1,0
   5783  7667		       f8		      byte.b	%11111000
   5784  7668		       00		      ds	1,0
   5785  7669		       f0		      byte.b	%11110000
   5786  766a		       00		      ds	1,0
   5787  766b		       78		      byte.b	%01111000
   5788  766c		       00		      ds	1,0
   5789  766d		       38		      byte.b	%00111000
   5790  766e		       00 00 00 00*	      ds	13,0
   5791  767b
   5792  767b							; Satellite C
   5793  767b		       3c		      byte.b	%00111100
   5794  767c		       00		      ds	1,0
   5795  767d		       60		      byte.b	%01100000
   5796  767e		       00		      ds	1,0
   5797  767f		       c0		      byte.b	%11000000
   5798  7680		       00		      ds	1,0
   5799  7681		       c0		      byte.b	%11000000
   5800  7682		       00		      ds	1,0
   5801  7683		       60		      byte.b	%01100000
   5802  7684		       00		      ds	1,0
   5803  7685		       3c		      byte.b	%00111100
   5804  7686		       00		      ds	1,0
   5805  7687		       18		      byte.b	%00011000
   5806  7688		       00		      ds	1,0
   5807  7689		       3c		      byte.b	%00111100
   5808  768a		       00 00 00 00*	      ds	7,0
   5809  7691
   5810  7691							; Required object 2
   5811  7691		       38		      byte.b	%00111000
   5812  7692		       00		      ds	1,0
   5813  7693		       78		      byte.b	%01111000
   5814  7694		       00		      ds	1,0
   5815  7695		       f0		      byte.b	%11110000
   5816  7696		       00		      ds	1,0
   5817  7697		       f8		      byte.b	%11111000
   5818  7698		       00		      ds	1,0
   5819  7699		       f0		      byte.b	%11110000
   5820  769a		       00		      ds	1,0
   5821  769b		       78		      byte.b	%01111000
   5822  769c		       00		      ds	1,0
   5823  769d		       38		      byte.b	%00111000
   5824  769e		       00 00 00 	      ds	3,0
   5825  76a1
   5826  76a1							; Extraction gate: eight logical rows fill the complete fifteen-line
   5827  76a1							; bottom band. The open center reads as a doorway rather than a pickup.
   5828  76a1		       3c		      byte.b	%00111100
   5829  76a2		       00		      ds	1,0
   5830  76a3		       7e		      byte.b	%01111110
   5831  76a4		       00		      ds	1,0
   5832  76a5		       c3		      byte.b	%11000011
   5833  76a6		       00		      ds	1,0
   5834  76a7		       db		      byte.b	%11011011
   5835  76a8		       00		      ds	1,0
   5836  76a9		       db		      byte.b	%11011011
   5837  76aa		       00		      ds	1,0
   5838  76ab		       c3		      byte.b	%11000011
   5839  76ac		       00		      ds	1,0
   5840  76ad		       3c		      byte.b	%00111100
   5841  76ae		       00		      ds	1,0
   5842  76af		       00		      byte.b	%00000000
   5843  76b0
   5844  76b0							; Nonzero entries mark the odd service lines that reposition P1 for the next
   5845  76b0							; vertically scheduled object. Values select the six calibrated handlers.
   5846  7700		       00 00 00 00*	      ALIGN	256
   5847  7700				   ServiceCode
   5848  7700		       00 00 00 00*	      ds	23,0
   5849  7717		       01		      byte.b	1
   5850  7718		       00 00 00 00*	      ds	21,0
   5851  772d		       02		      byte.b	2
   5852  772e		       00 00 00 00*	      ds	19,0
   5853  7741		       03		      byte.b	3
   5854  7742		       00 00 00 00*	      ds	27,0
   5855  775d		       04		      byte.b	4
   5856  775e		       00 00 00 00*	      ds	21,0
   5857  7773		       05		      byte.b	5
   5858  7774		       00 00 00 00*	      ds	23,0
   5859  778b		       06		      byte.b	6
   5860  778c		       00 00 00 00*	      ds	19,0
   5861  779f		       07		      byte.b	7
   5862  77a0		       00 00 00 00*	      ds	16,0
   5863  77b0
   5864  77b0							; The extraction ramp is its own stage-palette role. This yellow-amber hue is
   5865  77b0							; deliberately distinct from violet terrain, orange-gold required objects,
   5866  77b0							; green Space Relic, and blue satellite signaling.
   5867  77b0				   ExitColorTable
   5868  77b0		       12 16 1c 16	      byte.b	EXIT_GLOW_DIM,EXIT_GLOW_LOW,EXIT_GLOW_HIGH,EXIT_GLOW_LOW
   5869  77b4							; ---------------------------------------------------------------------------
   5870  77b4							; Stationary stage data. Every run is exactly eight scanlines. The color ramp
   5871  77b4							; is light-dark-light inside one gold family; only terrain is colored.
   5872  77b4							;
   5873  77b4							; BLACKSTAR 0.8R rewrites PF1 between the screen halves. The left and right
   5874  77b4							; formations below are deliberately unrelated. PF2 is shared only for the
   5875  77b4							; solid ceiling and floor, preserving a large central maneuvering chamber.
   5876  77b4							; ---------------------------------------------------------------------------
   5877  7800		       00 00 00 00*	      ALIGN	256
   5878  7800				   TerrainColor
   5879  7800				  -	      IFCONST	CHAPTER2_ZONE1_LAB
   5880  7800				  -			; One material family per scanline: yellow divider, orange cavern,
   5881  7800				  -			; then one complete rainbow elastic-floor band.
   5882  7800				  -	      byte	$2A,$2C,$2E,$2C,$2A,$28,$2A,$2C
   5883  7800				  -	      ds	8,$3C
   5884  7800				  -	      ds	8,$3A
   5885  7800				  -	      ds	8,$38
   5886  7800				  -	      ds	8,$36
   5887  7800				  -	      ds	8,$34
   5888  7800				  -	      ds	8,$32
   5889  7800				  -	      ds	8,$34
   5890  7800				  -	      ds	8,$36
   5891  7800				  -	      ds	8,$38
   5892  7800				  -	      ds	8,$3A
   5893  7800				  -	      ds	8,$3C
   5894  7800				  -	      ds	8,$3E
   5895  7800				  -	      ds	8,$3C
   5896  7800				  -	      ds	8,$3A
   5897  7800				  -	      ds	8,$38
   5898  7800				  -	      ds	8,$36
   5899  7800				  -	      ds	8,$34
   5900  7800				  -	      ds	8,$36
   5901  7800				  -	      ds	8,$38
   5902  7800				  -	      ds	8,$3A
   5903  7800				  -	      byte	$4C,$3E,$2E,$CE,$AE,$8E,$6E,$5E
   5904  7800					      ELSE
   5905  7800							; The solid eight-line ceiling is also the HUD divider. Its stationary
   5906  7800							; light-dark-light ramp gives that material real depth at no CPU cost.
   5907  7800		       ae ac aa a8*	      byte.b	$AE,$AC,$AA,$A8,$A6,$A8,$AA,$AC
   5908  7808		       6c 6c 6c 6c*	      ds	8,$6C
   5909  7810		       6a 6a 6a 6a*	      ds	8,$6A
   5910  7818		       68 68 68 68*	      ds	8,$68
   5911  7820		       66 66 66 66*	      ds	8,$66
   5912  7828		       64 64 64 64*	      ds	8,$64
   5913  7830		       62 62 62 62*	      ds	8,$62	; dark amethyst
   5914  7838		       72 72 72 72*	      ds	8,$72	; dark indigo turn
   5915  7840		       74 74 74 74*	      ds	8,$74
   5916  7848		       76 76 76 76*	      ds	8,$76
   5917  7850		       78 78 78 78*	      ds	8,$78
   5918  7858		       7a 7a 7a 7a*	      ds	8,$7A
   5919  7860		       7c 7c 7c 7c*	      ds	8,$7C
   5920  7868		       7e 7e 7e 7e*	      ds	8,$7E	; pale blue-violet crest
   5921  7870		       7c 7c 7c 7c*	      ds	8,$7C
   5922  7878		       7a 7a 7a 7a*	      ds	8,$7A
   5923  7880		       78 78 78 78*	      ds	8,$78
   5924  7888		       76 76 76 76*	      ds	8,$76
   5925  7890		       74 74 74 74*	      ds	8,$74
   5926  7898		       72 72 72 72*	      ds	8,$72
   5927  78a0		       64 64 64 64*	      ds	8,$64
   5928  78a8		       66 66 66 66*	      ds	8,$66
   5929  78b0					      ENDIF
   5930  78b0
   5931  7900		       00 00 00 00*	      ALIGN	256
   5932  7900				   TerrainLeftPF1
   5933  7900				  -	      IFCONST	CHAPTER2_ZONE1_LAB
   5934  7900				  -	      ds	8,$FF
   5935  7900				  -	      ds	8,$F0
   5936  7900				  -	      ds	8,$E0
   5937  7900				  -	      ds	8,$C0
   5938  7900				  -	      ds	8,$80
   5939  7900				  -	      ds	8,$00
   5940  7900				  -	      ds	8,$FF	; broad upper-middle orange shelf
   5941  7900				  -	      ds	8,$E0	; carved/tapered underside
   5942  7900				  -	      ds	8,$C0
   5943  7900				  -	      ds	8,$80
   5944  7900				  -	      ds	8,$00
   5945  7900				  -	      ds	8,$00
   5946  7900				  -	      ds	8,$00
   5947  7900				  -	      ds	8,$80
   5948  7900				  -	      ds	8,$C0
   5949  7900				  -	      ds	8,$80
   5950  7900				  -	      ds	8,$00
   5951  7900				  -	      ds	8,$80
   5952  7900				  -	      ds	8,$C0
   5953  7900				  -	      ds	8,$E0
   5954  7900				  -	      ds	8,$F0
   5955  7900				  -	      ds	8,$FF
   5956  7900					      ELSE
   5957  7900		       ff ff ff ff*	      ds	8,$FF
   5958  7908		       f0 f0 f0 f0*	      ds	8,$F0	; broad ceiling shoulder
   5959  7910		       e0 e0 e0 e0*	      ds	8,$E0
   5960  7918		       c0 c0 c0 c0*	      ds	8,$C0
   5961  7920		       80 80 80 80*	      ds	8,$80	; tapered stalactite tip
   5962  7928		       00 00 00 00*	      ds	8,$00
   5963  7930		       00 00 00 00*	      ds	8,$00
   5964  7938		       80 80 80 80*	      ds	8,$80	; upper side shelf
   5965  7940		       c0 c0 c0 c0*	      ds	8,$C0
   5966  7948		       80 80 80 80*	      ds	8,$80
   5967  7950		       00 00 00 00*	      ds	8,$00
   5968  7958		       00 00 00 00*	      ds	8,$00
   5969  7960		       00 00 00 00*	      ds	8,$00
   5970  7968		       80 80 80 80*	      ds	8,$80	; independent lower-left shelf
   5971  7970		       c0 c0 c0 c0*	      ds	8,$C0
   5972  7978		       80 80 80 80*	      ds	8,$80
   5973  7980		       00 00 00 00*	      ds	8,$00
   5974  7988		       80 80 80 80*	      ds	8,$80	; tapered stalagmite tip
   5975  7990		       c0 c0 c0 c0*	      ds	8,$C0
   5976  7998		       e0 e0 e0 e0*	      ds	8,$E0
   5977  79a0		       f0 f0 f0 f0*	      ds	8,$F0	; broad floor shoulder
   5978  79a8		       ff ff ff ff*	      ds	8,$FF
   5979  79b0					      ENDIF
   5980  79b0
   5981  7a00		       00 00 00 00*	      ALIGN	256
   5982  7a00				   TerrainRightPF1
   5983  7a00				  -	      IFCONST	CHAPTER2_ZONE1_LAB
   5984  7a00				  -	      ds	8,$FF
   5985  7a00				  -	      ds	8,$80
   5986  7a00				  -	      ds	8,$00
   5987  7a00				  -	      ds	8,$00
   5988  7a00				  -	      ds	8,$00
   5989  7a00				  -	      ds	8,$80
   5990  7a00				  -	      ds	8,$C0
   5991  7a00				  -	      ds	8,$E0
   5992  7a00				  -	      ds	8,$C0
   5993  7a00				  -	      ds	8,$FF	; opposing orange shelf blocks passive bounce
   5994  7a00				  -	      ds	8,$F0	; clean step back into the chamber
   5995  7a00				  -	      ds	8,$00
   5996  7a00				  -	      ds	8,$80
   5997  7a00				  -	      ds	8,$E0
   5998  7a00				  -	      ds	8,$F0
   5999  7a00				  -	      ds	8,$C0
   6000  7a00				  -	      ds	8,$00
   6001  7a00				  -	      ds	8,$00
   6002  7a00				  -	      ds	8,$80
   6003  7a00				  -	      ds	8,$C0
   6004  7a00				  -	      ds	8,$E0
   6005  7a00				  -	      ds	8,$FF
   6006  7a00					      ELSE
   6007  7a00		       ff ff ff ff*	      ds	8,$FF
   6008  7a08		       80 80 80 80*	      ds	8,$80	; short upper-right shoulder
   6009  7a10		       00 00 00 00*	      ds	8,$00
   6010  7a18		       00 00 00 00*	      ds	8,$00
   6011  7a20		       00 00 00 00*	      ds	8,$00
   6012  7a28		       80 80 80 80*	      ds	8,$80
   6013  7a30		       c0 c0 c0 c0*	      ds	8,$C0
   6014  7a38		       e0 e0 e0 e0*	      ds	8,$E0	; deep upper-right outcrop
   6015  7a40		       c0 c0 c0 c0*	      ds	8,$C0
   6016  7a48		       80 80 80 80*	      ds	8,$80
   6017  7a50		       00 00 00 00*	      ds	8,$00
   6018  7a58		       00 00 00 00*	      ds	8,$00
   6019  7a60		       80 80 80 80*	      ds	8,$80
   6020  7a68		       e0 e0 e0 e0*	      ds	8,$E0
   6021  7a70		       f0 f0 f0 f0*	      ds	8,$F0	; broad middle-right shelf
   6022  7a78		       c0 c0 c0 c0*	      ds	8,$C0
   6023  7a80		       00 00 00 00*	      ds	8,$00
   6024  7a88		       00 00 00 00*	      ds	8,$00
   6025  7a90		       80 80 80 80*	      ds	8,$80
   6026  7a98		       c0 c0 c0 c0*	      ds	8,$C0
   6027  7aa0		       e0 e0 e0 e0*	      ds	8,$E0
   6028  7aa8		       ff ff ff ff*	      ds	8,$FF
   6029  7ab0					      ENDIF
   6030  7ab0
   6031  7b00		       00 00 00 00*	      ALIGN	256
   6032  7b00				   TerrainPF2
   6033  7b00		       ff ff ff ff*	      ds	8,$FF
   6034  7b08		       00 00 00 00*	      ds	8,$00
   6035  7b10		       00 00 00 00*	      ds	8,$00
   6036  7b18		       00 00 00 00*	      ds	8,$00
   6037  7b20		       00 00 00 00*	      ds	8,$00
   6038  7b28		       00 00 00 00*	      ds	8,$00
   6039  7b30		       00 00 00 00*	      ds	8,$00
   6040  7b38		       00 00 00 00*	      ds	8,$00
   6041  7b40		       00 00 00 00*	      ds	8,$00
   6042  7b48		       00 00 00 00*	      ds	8,$00
   6043  7b50		       00 00 00 00*	      ds	8,$00
   6044  7b58		       00 00 00 00*	      ds	8,$00
   6045  7b60		       00 00 00 00*	      ds	8,$00
   6046  7b68		       00 00 00 00*	      ds	8,$00
   6047  7b70		       00 00 00 00*	      ds	8,$00
   6048  7b78		       00 00 00 00*	      ds	8,$00
   6049  7b80		       00 00 00 00*	      ds	8,$00
   6050  7b88		       00 00 00 00*	      ds	8,$00
   6051  7b90		       00 00 00 00*	      ds	8,$00
   6052  7b98		       00 00 00 00*	      ds	8,$00
   6053  7ba0		       00 00 00 00*	      ds	8,$00
   6054  7ba8		       ff ff ff ff*	      ds	8,$FF
   6055  7bb0
   6056  7bb0							; Room-bank gates occupy matching addresses in Banks 6 and 7. Reading the F4
   6057  7bb0							; hotspot changes the bank; execution then continues at the next byte in the
   6058  7bb0							; newly selected bank, where a conventional JMP provides an explicit landing.
   6059  7bb0					      ORG	$7BB0
   6060  7bb0					      RORG	$FBB0
   6061  7bb0				   Stage4RoomGate
   6062  7bb0		       ad f8 ff 	      lda	$FFF8
   6063  7bb3
   6064  7bbb					      ORG	$7BBB
   6065  7bbb					      RORG	$FBBB
   6066  7bbb				   Stage4ReturnLanding
   6067  7bbb		       4c 7a f0 	      jmp	Frame
   6068  7bbe
   6069  7bc0					      ORG	$7BC0
   6070  7bc0					      RORG	$FBC0
   6071  7bc0				   Stage3RoomGate
   6072  7bc0		       ad f9 ff 	      lda	$FFF9
   6073  7bc3
   6074  7bcb					      ORG	$7BCB
   6075  7bcb					      RORG	$FBCB
   6076  7bcb				   Stage3ReturnLanding
   6077  7bcb		       4c 7a f0 	      jmp	Frame
   6078  7bce
   6079  7bd0					      ORG	$7BD0
   6080  7bd0					      RORG	$FBD0
   6081  7bd0				   Stage5RoomGate
   6082  7bd0		       ad f7 ff 	      lda	$FFF7
   6083  7bd3
   6084  7bdb					      ORG	$7BDB
   6085  7bdb					      RORG	$FBDB
   6086  7bdb				   Stage5ReturnLanding
   6087  7bdb		       4c 7a f0 	      jmp	Frame
   6088  7bde
   6089  7be0					      ORG	$7BE0
   6090  7be0					      RORG	$FBE0
   6091  7be0				   Stage2RoomGate
   6092  7be0		       ad fa ff 	      lda	$FFFA
   6093  7be3
   6094  7bf3					      ORG	$7BF3
   6095  7bf3					      RORG	$FBF3
   6096  7bf3				   Stage2ReturnLanding
   6097  7bf3		       4c 7a f0 	      jmp	Frame
   6098  7bf6
   6099  7c00					      ORG	$7C00
   6100  7c00					      RORG	$FC00
   6101  7c00				   StarEnable
   6102  7c00				  -	      IFCONST	STARFIELD_LAB
   6103  7c00				  -	      ds	16,0
   6104  7c00				  -	      byte	$02
   6105  7c00				  -	      ds	15,0
   6106  7c00				  -	      byte	$02
   6107  7c00				  -	      ds	19,0
   6108  7c00				  -	      byte	$02
   6109  7c00				  -	      ds	21,0
   6110  7c00				  -	      byte	$02
   6111  7c00				  -	      ds	13,0
   6112  7c00				  -	      byte	$02
   6113  7c00				  -	      ds	15,0
   6114  7c00				  -	      byte	$02
   6115  7c00				  -	      ds	19,0
   6116  7c00				  -	      byte	$02
   6117  7c00				  -	      ds	9,0
   6118  7c00				  -	      byte	$02
   6119  7c00				  -	      ds	15,0
   6120  7c00				  -	      byte	$02
   6121  7c00				  -	      ds	17,0
   6122  7c00				  -	      byte	$02
   6123  7c00				  -	      ds	7,0
   6124  7c00					      ELSE
   6125  7c00		       00 00 00 00*	      ds	176,0
   6126  7cb0					      ENDIF
   6127  7cb0
   6128  7cb0				  -	      IFCONST	CHAPTER2_ZONE1_LAB
   6129  7cb0				  -	      ORG	$7CB0
   6130  7cb0				  -	      RORG	$FCB0
   6131  7cb0				  -			; Six final scanlines use a dedicated no-positioning kernel. Geometry remains
   6132  7cb0				  -			; stationary; only the color index advances once per eight frames. Rows
   6133  7cb0				  -			; 168-169, drawn by the normal kernel, form a stable rainbow contact lip.
   6134  7cb0				  -ElasticFloorKernel
   6135  7cb0				  -			; Prime the next scanline's color while line 170 retains the stable
   6136  7cb0				  -			; lip color inherited from the normal kernel. Every later COLUPF write
   6137  7cb0				  -			; occurs immediately after WSYNC, safely inside horizontal blank.
   6138  7cb0				  -	      lda	#0
   6139  7cb0				  -	      sta	GRP0
   6140  7cb0				  -	      lda	frameCounter
   6141  7cb0				  -	      lsr
   6142  7cb0				  -	      lsr
   6143  7cb0				  -	      lsr
   6144  7cb0				  -	      clc
   6145  7cb0				  -	      adc	#171
   6146  7cb0				  -	      and	#7
   6147  7cb0				  -	      tay
   6148  7cb0				  -	      lda	ElasticFlowColors,y
   6149  7cb0				  -	      sta	temp2
   6150  7cb0				  -	      sta	WSYNC
   6151  7cb0				  -.floorLine
   6152  7cb0				  -	      inx
   6153  7cb0				  -	      lda	temp2
   6154  7cb0				  -	      sta	COLUPF
   6155  7cb0				  -	      txa
   6156  7cb0				  -	      and	#1
   6157  7cb0				  -	      beq	.noObjectRow
   6158  7cb0				  -	      lda	WorldGraphics,x
   6159  7cb0				  -	      and	currentP1Mask
   6160  7cb0				  -	      sta	GRP1
   6161  7cb0				  -	      jmp	.objectReady
   6162  7cb0				  -.noObjectRow
   6163  7cb0				  -	      lda	#0
   6164  7cb0				  -	      sta	GRP0
   6165  7cb0				  -.objectReady
   6166  7cb0				  -	      cpx	#175
   6167  7cb0				  -	      beq	.floorDone
   6168  7cb0				  -	      lda	frameCounter
   6169  7cb0				  -	      lsr
   6170  7cb0				  -	      lsr
   6171  7cb0				  -	      lsr
   6172  7cb0				  -	      stx	temp
   6173  7cb0				  -	      clc
   6174  7cb0				  -	      adc	temp
   6175  7cb0				  -	      adc	#1
   6176  7cb0				  -	      and	#7
   6177  7cb0				  -	      tay
   6178  7cb0				  -	      lda	ElasticFlowColors,y
   6179  7cb0				  -	      sta	temp2
   6180  7cb0				  -	      sta	WSYNC
   6181  7cb0				  -	      jmp	.floorLine
   6182  7cb0				  -.floorDone
   6183  7cb0				  -	      sta	WSYNC
   6184  7cb0				  -	      jmp	RoomDone
   6185  7cb0					      ENDIF
   6186  7cb0
   6187  7d00					      ORG	$7D00
   6188  7d00					      RORG	$FD00
   6189  7d00				   StarControl
   6190  7d00				  -	      IFCONST	STARFIELD_LAB
   6191  7d00				  -	      ds	15,0
   6192  7d00				  -	      byte	$10,0,$80
   6193  7d00				  -	      ds	13,0
   6194  7d00				  -	      byte	$11,0,$80
   6195  7d00				  -	      ds	17,0
   6196  7d00				  -	      byte	$12,0,$80
   6197  7d00				  -	      ds	19,0
   6198  7d00				  -	      byte	$13,0,$80
   6199  7d00				  -	      ds	11,0
   6200  7d00				  -	      byte	$11,0,$80
   6201  7d00				  -	      ds	13,0
   6202  7d00				  -	      byte	$10,0,$80
   6203  7d00				  -	      ds	17,0
   6204  7d00				  -	      byte	$13,0,$80
   6205  7d00				  -	      ds	7,0
   6206  7d00				  -	      byte	$12,0,$80
   6207  7d00				  -	      ds	13,0
   6208  7d00				  -	      byte	$10,0,$80
   6209  7d00				  -	      ds	15,0
   6210  7d00				  -	      byte	$12,0,$80
   6211  7d00				  -	      ds	6,0
   6212  7d00					      ELSE
   6213  7d00		       00 00 00 00*	      ds	176,0
   6214  7db0					      ENDIF
   6215  7db0				   StarFadeColors
   6216  7db0		       02 02 02 00	      byte.b	$02,$02,$02,$00
   6217  7db4				   StarOddControl
   6218  7db4		       bd 00 fa 	      lda	TerrainRightPF1,x
   6219  7db7		       85 0e		      sta	PF1
   6220  7db9		       bd 00 fd 	      lda	StarControl,x
   6221  7dbc		       f0 17		      beq	.sync
   6222  7dbe		       30 0f		      bmi	.restore
   6223  7dc0		       45 b3		      eor	bestBeacon
   6224  7dc2		       29 03		      and	#3
   6225  7dc4		       a8		      tay
   6226  7dc5		       b9 b0 fd 	      lda	StarFadeColors,y
   6227  7dc8		       85 ae		      sta	visorEnable
   6228  7dca		       85 1d		      sta	ENAM0
   6229  7dcc		       4c d5 fd 	      jmp	.sync
   6230  7dcf				   .restore
   6231  7dcf		       a9 00		      lda	#0
   6232  7dd1		       85 ae		      sta	visorEnable
   6233  7dd3		       85 1d		      sta	ENAM0
   6234  7dd5				   .sync
   6235  7dd5		       85 02		      sta	WSYNC
   6236  7dd7		       4c 78 f2 	      jmp	RoomOddNext
   6237  7dda
   6238  7dda							; Immutable Bank 7 copies used immediately before gameplay positioning.
   6239  7dda							; Their values correspond to P1_POSITION_BIAS and the five authored logical
   6240  7dda							; pickup coordinates; the object verifier checks the assembled bytes.
   6241  7dda				   GameplayOptionalAdjusted
   6242  7dda		       a4 86 3e 9a*	      byte.b	164,134,62,154,162
   6243  7ddf				   GameplayOptionalFine
   6244  7ddf		       90 90 50 30*	      byte.b	$90,$90,$50,$30,$B0
   6245  7de4					      IFCONST	CHAPTER2_ELASTIC_LAB
   6246  7de4				   GameplayOptionalAdjustedChapter2
   6247  7de4				  -	      IFCONST	CHAPTER2_ZONE2_LAB
   6248  7de4				  -	      byte	62,64,62,154,162
   6249  7de4					      ELSE
   6250  7de4		       3e 86 3e 9a*	      byte.b	62,134,62,154,162
   6251  7de9					      ENDIF
   6252  7de9				   GameplayOptionalFineChapter2
   6253  7de9				  -	      IFCONST	CHAPTER2_ZONE2_LAB
   6254  7de9				  -	      byte	$50,$30,$50,$30,$B0
   6255  7de9					      ELSE
   6256  7de9		       50 90 50 30*	      byte.b	$50,$90,$50,$30,$B0
   6257  7dee					      ENDIF
   6258  7dee					      ENDIF
   6259  7dee				   RefreshOptionalPosition
   6260  7dee		       a6 ec		      ldx	currentStage
   6261  7df0					      IFCONST	CHAPTER2_ELASTIC_LAB
   6262  7df0		       bd e4 fd 	      lda	GameplayOptionalAdjustedChapter2,x
   6263  7df3				  -	      ELSE
   6264  7df3				  -	      lda	GameplayOptionalAdjusted,x
   6265  7df3					      ENDIF
   6266  7df3		       85 f5		      sta	optionalXAdjusted
   6267  7df5					      IFCONST	CHAPTER2_ELASTIC_LAB
   6268  7df5		       bd e9 fd 	      lda	GameplayOptionalFineChapter2,x
   6269  7df8				  -	      ELSE
   6270  7df8				  -	      lda	GameplayOptionalFine,x
   6271  7df8					      ENDIF
   6272  7df8		       85 f6		      sta	optionalFineMotion
   6273  7dfa		       60		      rts
   6274  7dfb
   6275  7dfb				   Stage1ServiceDishCFinish
   6276  7dfb		       a9 ff		      lda	#$FF
   6277  7dfd		       85 a0		      sta	currentP1Mask
   6278  7dff		       a5 a4		      lda	dishColorC
   6279  7e01		       85 a1		      sta	currentP1Color
   6280  7e03		       85 02		      sta	WSYNC
   6281  7e05		       4c 78 f2 	      jmp	RoomOddNext
   6282  7e08
   6283  7e08				  -	      IFCONST	CHAPTER2_ZONE1_LAB
   6284  7e08				  -	      ORG	$7FC0
   6285  7e08				  -	      RORG	$FFC0
   6286  7e08				  -ElasticFlowColors
   6287  7e08				  -	      byte	$4C,$3E,$2E,$CE,$AE,$8E,$6E,$5E
   6288  7e08					      ENDIF
   6289  7e08
   6290  7e08							; Fixed bank-call gate. The hotspot switches to bank 0 at $FFD0. Bank 0 runs
   6291  7e08							; physics at $FFD3, switches back, and execution resumes at this RTS.
   6292  7fd0					      ORG	$7FD0
   6293  7fd0					      RORG	$FFD0
   6294  7fd0				   CallPhysics
   6295  7fd0		       ad f4 ff 	      lda	$FFF4
   6296  7fd3		       ea ea ea ea*	      ds	6,$EA
   6297  7fd9				   PhysicsBankReturn
   6298  7fd9		       60		      rts
   6299  7fda
   6300  7ffa					      ORG	$7FFA
   6301  7ffa					      RORG	$FFFA
   6302  7ffa		       00 f0 00 f0*	      word.w	$F000,$F000,$F000
------- FILE src/thursdays-child-chapter-two-zone3.asm
